source_path	archive_path	original_sha256	original_bytes	retained_sha256	retained_bytes	transformed
examples/foundation/.proof/delivery-fd05fc1-repaired/candidate.json	candidate.json	05dce6b2d9c99a4c013d514d2717fc53dc39cd6b52be4595641ae89e88aa7fdf	7596	f716f14ce03544132f2f27a114e5a6deff449101d934c82337c965ffd86e374d	7595	true
examples/foundation/.proof/delivery-fd05fc1-repaired/interventions.json	interventions.json	6a6f9e58cb88aedac752fd1cf7598377ee5c368fff3d833dd7da89a04157ce64	6379	6a6f9e58cb88aedac752fd1cf7598377ee5c368fff3d833dd7da89a04157ce64	6379	false
examples/foundation/.proof/delivery-fd05fc1-repaired/operator-terminal-evidence/observer-script.ts	operator-terminal-evidence/observer-script.ts	e82186734a2993a2117487caf2a0d683396edac93ccc589375a7905565b387e1	10459	a05c2145edee0b4d670a0ac0c37ec72cb2cbf3083743a4282fa67edfcbe66a26	10456	true
examples/foundation/.proof/delivery-fd05fc1-repaired/operator-terminal-evidence/observer.json	operator-terminal-evidence/observer.json	6217769390fd6c310a517e558244e0f33274b31962807c0cdbf7e0181491f33b	3323	6217769390fd6c310a517e558244e0f33274b31962807c0cdbf7e0181491f33b	3323	false
examples/foundation/.proof/delivery-fd05fc1-repaired/operator-terminal-evidence/round-1-bug/manifest.json	operator-terminal-evidence/round-1-bug/manifest.json	3b1e96799a275632904a16a839f6becc0e33383b79ddca9422a216cfa14fb978	678	3b1e96799a275632904a16a839f6becc0e33383b79ddca9422a216cfa14fb978	678	false
examples/foundation/.proof/delivery-fd05fc1-repaired/operator-terminal-evidence/round-1-creation/files/app/.astack/foundation-setup/evidence/check-affected.log	operator-terminal-evidence/round-1-creation/files/app/.astack/foundation-setup/evidence/check-affected.log	25ab7adf2486aaa2ce4d067821afaf523cd381fdc409e9c5612c0adb34bee239	4824	25ab7adf2486aaa2ce4d067821afaf523cd381fdc409e9c5612c0adb34bee239	4824	false
examples/foundation/.proof/delivery-fd05fc1-repaired/operator-terminal-evidence/round-1-creation/files/app/.astack/foundation-setup/evidence/check-ci-initial.log	operator-terminal-evidence/round-1-creation/files/app/.astack/foundation-setup/evidence/check-ci-initial.log	c92712b5521dec4dbf91be4c38e663f04b05f2c288a956b543d02367e945cba5	7969	c92712b5521dec4dbf91be4c38e663f04b05f2c288a956b543d02367e945cba5	7969	false
examples/foundation/.proof/delivery-fd05fc1-repaired/operator-terminal-evidence/round-1-creation/files/app/.astack/foundation-setup/evidence/check-ci-node24.log	operator-terminal-evidence/round-1-creation/files/app/.astack/foundation-setup/evidence/check-ci-node24.log	94df60334901a58524d4b627c26e48692306f7a1a983c2f2d424392b4ab532df	7779	94df60334901a58524d4b627c26e48692306f7a1a983c2f2d424392b4ab532df	7779	false
examples/foundation/.proof/delivery-fd05fc1-repaired/operator-terminal-evidence/round-1-creation/files/app/.astack/foundation-setup/evidence/check-quick.log	operator-terminal-evidence/round-1-creation/files/app/.astack/foundation-setup/evidence/check-quick.log	1fffdb30dd40c730465b7b0542ce9c265f1343e7ca80768e43c40d76b4dbd526	247	1fffdb30dd40c730465b7b0542ce9c265f1343e7ca80768e43c40d76b4dbd526	247	false
examples/foundation/.proof/delivery-fd05fc1-repaired/operator-terminal-evidence/round-1-creation/files/app/.astack/foundation-setup/evidence/chromium-install.log	operator-terminal-evidence/round-1-creation/files/app/.astack/foundation-setup/evidence/chromium-install.log	e3b0c44298fc1c149afbf4c8996fb92427ae41e4649b934ca495991b7852b855	0	e3b0c44298fc1c149afbf4c8996fb92427ae41e4649b934ca495991b7852b855	0	false
examples/foundation/.proof/delivery-fd05fc1-repaired/operator-terminal-evidence/round-1-creation/files/app/.astack/foundation-setup/evidence/commit-foundation.log	operator-terminal-evidence/round-1-creation/files/app/.astack/foundation-setup/evidence/commit-foundation.log	9665e018d72e8e497088410ce335092c364f9efbb25eaa1f1243b5adf150eb9b	5626	9665e018d72e8e497088410ce335092c364f9efbb25eaa1f1243b5adf150eb9b	5626	false
examples/foundation/.proof/delivery-fd05fc1-repaired/operator-terminal-evidence/round-1-creation/files/app/.astack/foundation-setup/evidence/format-final.log	operator-terminal-evidence/round-1-creation/files/app/.astack/foundation-setup/evidence/format-final.log	1d66faad74f5e8709353f7288592866bd3a9095da1174a916e7aa632949971e2	87	1d66faad74f5e8709353f7288592866bd3a9095da1174a916e7aa632949971e2	87	false
examples/foundation/.proof/delivery-fd05fc1-repaired/operator-terminal-evidence/round-1-creation/files/app/.astack/foundation-setup/evidence/install-frozen.log	operator-terminal-evidence/round-1-creation/files/app/.astack/foundation-setup/evidence/install-frozen.log	94596a3eb38d2b3757c91b482582a0279d3707044530597fe89f766611ae390d	209	94596a3eb38d2b3757c91b482582a0279d3707044530597fe89f766611ae390d	209	false
examples/foundation/.proof/delivery-fd05fc1-repaired/operator-terminal-evidence/round-1-creation/files/app/.astack/foundation-setup/evidence/readiness-final/runtime.log	operator-terminal-evidence/round-1-creation/files/app/.astack/foundation-setup/evidence/readiness-final/runtime.log	24e8927dba85b5591a4f3ad326662fa1c3fb1c322df6df5495961c775b24fe3a	1974	24e8927dba85b5591a4f3ad326662fa1c3fb1c322df6df5495961c775b24fe3a	1974	false
examples/foundation/.proof/delivery-fd05fc1-repaired/operator-terminal-evidence/round-1-creation/files/app/.astack/foundation-setup/evidence/readiness-final-command.log	operator-terminal-evidence/round-1-creation/files/app/.astack/foundation-setup/evidence/readiness-final-command.log	1f09d4b009c64f5da63acdcc2ae8161169156039538b26a36a767c4777ac2157	3230	1f09d4b009c64f5da63acdcc2ae8161169156039538b26a36a767c4777ac2157	3230	false
examples/foundation/.proof/delivery-fd05fc1-repaired/operator-terminal-evidence/round-1-creation/files/app/.astack/foundation-setup/evidence/readiness-initial/runtime.log	operator-terminal-evidence/round-1-creation/files/app/.astack/foundation-setup/evidence/readiness-initial/runtime.log	ee75ab510cf8644586e073c132d180c4780104aa09c4474e5b2dd39003fdc9fe	1883	ee75ab510cf8644586e073c132d180c4780104aa09c4474e5b2dd39003fdc9fe	1883	false
examples/foundation/.proof/delivery-fd05fc1-repaired/operator-terminal-evidence/round-1-creation/files/app/.proof/foundation-setup/check-affected.log	operator-terminal-evidence/round-1-creation/files/app/.proof/foundation-setup/check-affected.log	25ab7adf2486aaa2ce4d067821afaf523cd381fdc409e9c5612c0adb34bee239	4824	25ab7adf2486aaa2ce4d067821afaf523cd381fdc409e9c5612c0adb34bee239	4824	false
examples/foundation/.proof/delivery-fd05fc1-repaired/operator-terminal-evidence/round-1-creation/files/app/.proof/foundation-setup/check-ci-initial.log	operator-terminal-evidence/round-1-creation/files/app/.proof/foundation-setup/check-ci-initial.log	469693144e1c8d7605a0aa914e9ef841054b0bcd50a30578ecd15ccd51127341	7972	469693144e1c8d7605a0aa914e9ef841054b0bcd50a30578ecd15ccd51127341	7972	false
examples/foundation/.proof/delivery-fd05fc1-repaired/operator-terminal-evidence/round-1-creation/files/app/.proof/foundation-setup/check-ci-node24.log	operator-terminal-evidence/round-1-creation/files/app/.proof/foundation-setup/check-ci-node24.log	1585be00d837a2144146400a51d8de17a9e6db4042228ecb0b6b9408934b6416	7781	1585be00d837a2144146400a51d8de17a9e6db4042228ecb0b6b9408934b6416	7781	false
examples/foundation/.proof/delivery-fd05fc1-repaired/operator-terminal-evidence/round-1-creation/files/app/.proof/foundation-setup/check-quick.log	operator-terminal-evidence/round-1-creation/files/app/.proof/foundation-setup/check-quick.log	1fffdb30dd40c730465b7b0542ce9c265f1343e7ca80768e43c40d76b4dbd526	247	1fffdb30dd40c730465b7b0542ce9c265f1343e7ca80768e43c40d76b4dbd526	247	false
examples/foundation/.proof/delivery-fd05fc1-repaired/operator-terminal-evidence/round-1-creation/files/app/.proof/foundation-setup/chromium-install.log	operator-terminal-evidence/round-1-creation/files/app/.proof/foundation-setup/chromium-install.log	e3b0c44298fc1c149afbf4c8996fb92427ae41e4649b934ca495991b7852b855	0	e3b0c44298fc1c149afbf4c8996fb92427ae41e4649b934ca495991b7852b855	0	false
examples/foundation/.proof/delivery-fd05fc1-repaired/operator-terminal-evidence/round-1-creation/files/app/.proof/foundation-setup/commit-evidence.log	operator-terminal-evidence/round-1-creation/files/app/.proof/foundation-setup/commit-evidence.log	1eeffbbf5046a662096af54e61146cbeb720f921f2de813a07c318fbc5d7d483	1341	1eeffbbf5046a662096af54e61146cbeb720f921f2de813a07c318fbc5d7d483	1341	false
examples/foundation/.proof/delivery-fd05fc1-repaired/operator-terminal-evidence/round-1-creation/files/app/.proof/foundation-setup/commit-foundation.log	operator-terminal-evidence/round-1-creation/files/app/.proof/foundation-setup/commit-foundation.log	9665e018d72e8e497088410ce335092c364f9efbb25eaa1f1243b5adf150eb9b	5626	9665e018d72e8e497088410ce335092c364f9efbb25eaa1f1243b5adf150eb9b	5626	false
examples/foundation/.proof/delivery-fd05fc1-repaired/operator-terminal-evidence/round-1-creation/files/app/.proof/foundation-setup/docs-format.log	operator-terminal-evidence/round-1-creation/files/app/.proof/foundation-setup/docs-format.log	8e11510a5f6b0b7c576b8580b22050847770222972a275b8e41a7f7975aa620c	88	8e11510a5f6b0b7c576b8580b22050847770222972a275b8e41a7f7975aa620c	88	false
examples/foundation/.proof/delivery-fd05fc1-repaired/operator-terminal-evidence/round-1-creation/files/app/.proof/foundation-setup/format-final.log	operator-terminal-evidence/round-1-creation/files/app/.proof/foundation-setup/format-final.log	1d66faad74f5e8709353f7288592866bd3a9095da1174a916e7aa632949971e2	87	1d66faad74f5e8709353f7288592866bd3a9095da1174a916e7aa632949971e2	87	false
examples/foundation/.proof/delivery-fd05fc1-repaired/operator-terminal-evidence/round-1-creation/files/app/.proof/foundation-setup/install-frozen.log	operator-terminal-evidence/round-1-creation/files/app/.proof/foundation-setup/install-frozen.log	94596a3eb38d2b3757c91b482582a0279d3707044530597fe89f766611ae390d	209	94596a3eb38d2b3757c91b482582a0279d3707044530597fe89f766611ae390d	209	false
examples/foundation/.proof/delivery-fd05fc1-repaired/operator-terminal-evidence/round-1-creation/files/app/.proof/foundation-setup/readiness/runtime.log	operator-terminal-evidence/round-1-creation/files/app/.proof/foundation-setup/readiness/runtime.log	269e000b4ef86563da7ee27ff09c91737edac29d8ae54ab986fdece7f6621f46	1884	269e000b4ef86563da7ee27ff09c91737edac29d8ae54ab986fdece7f6621f46	1884	false
examples/foundation/.proof/delivery-fd05fc1-repaired/operator-terminal-evidence/round-1-creation/files/app/.proof/foundation-setup/readiness-command.log	operator-terminal-evidence/round-1-creation/files/app/.proof/foundation-setup/readiness-command.log	495c1a42239e30c457c5e810749bb1194bd258b10f4e97766aa08155cfa01862	3152	495c1a42239e30c457c5e810749bb1194bd258b10f4e97766aa08155cfa01862	3152	false
examples/foundation/.proof/delivery-fd05fc1-repaired/operator-terminal-evidence/round-1-creation/files/app/.proof/foundation-setup/readiness-final/runtime.log	operator-terminal-evidence/round-1-creation/files/app/.proof/foundation-setup/readiness-final/runtime.log	3eec30416a082eddec4efbba031a55e0e3c49efcbe1ab6881017065723328240	1975	3eec30416a082eddec4efbba031a55e0e3c49efcbe1ab6881017065723328240	1975	false
examples/foundation/.proof/delivery-fd05fc1-repaired/operator-terminal-evidence/round-1-creation/files/app/.proof/foundation-setup/readiness-final-command.log	operator-terminal-evidence/round-1-creation/files/app/.proof/foundation-setup/readiness-final-command.log	1f09d4b009c64f5da63acdcc2ae8161169156039538b26a36a767c4777ac2157	3230	1f09d4b009c64f5da63acdcc2ae8161169156039538b26a36a767c4777ac2157	3230	false
examples/foundation/.proof/delivery-fd05fc1-repaired/operator-terminal-evidence/round-1-creation/manifest.json	operator-terminal-evidence/round-1-creation/manifest.json	fb993e7ddacf4bc8545656b33a51054d3caf197392827add01196c4b0d68c925	42215	fb993e7ddacf4bc8545656b33a51054d3caf197392827add01196c4b0d68c925	42215	false
examples/foundation/.proof/delivery-fd05fc1-repaired/operator-terminal-evidence/round-1-creation/versions/app/.astack/foundation-setup/evidence/check-affected.log/25ab7adf2486aaa2ce4d067821afaf523cd381fdc409e9c5612c0adb34bee239	operator-terminal-evidence/round-1-creation/versions/app/.astack/foundation-setup/evidence/check-affected.log/25ab7adf2486aaa2ce4d067821afaf523cd381fdc409e9c5612c0adb34bee239	25ab7adf2486aaa2ce4d067821afaf523cd381fdc409e9c5612c0adb34bee239	4824	25ab7adf2486aaa2ce4d067821afaf523cd381fdc409e9c5612c0adb34bee239	4824	false
examples/foundation/.proof/delivery-fd05fc1-repaired/operator-terminal-evidence/round-1-creation/versions/app/.astack/foundation-setup/evidence/check-ci-initial.log/82f09e636f4ff2d1c6db4fb80a4b19885caf5e254ed60d4c4dacc5b8785c928a	operator-terminal-evidence/round-1-creation/versions/app/.astack/foundation-setup/evidence/check-ci-initial.log/82f09e636f4ff2d1c6db4fb80a4b19885caf5e254ed60d4c4dacc5b8785c928a	c92712b5521dec4dbf91be4c38e663f04b05f2c288a956b543d02367e945cba5	7969	c92712b5521dec4dbf91be4c38e663f04b05f2c288a956b543d02367e945cba5	7969	false
examples/foundation/.proof/delivery-fd05fc1-repaired/operator-terminal-evidence/round-1-creation/versions/app/.astack/foundation-setup/evidence/check-ci-node24.log/51a877d758bb12947596a21758ea7b54ef5a2ffff90e5070f4fb69f07fbe3d69	operator-terminal-evidence/round-1-creation/versions/app/.astack/foundation-setup/evidence/check-ci-node24.log/51a877d758bb12947596a21758ea7b54ef5a2ffff90e5070f4fb69f07fbe3d69	94df60334901a58524d4b627c26e48692306f7a1a983c2f2d424392b4ab532df	7779	94df60334901a58524d4b627c26e48692306f7a1a983c2f2d424392b4ab532df	7779	false
examples/foundation/.proof/delivery-fd05fc1-repaired/operator-terminal-evidence/round-1-creation/versions/app/.astack/foundation-setup/evidence/check-quick.log/1fffdb30dd40c730465b7b0542ce9c265f1343e7ca80768e43c40d76b4dbd526	operator-terminal-evidence/round-1-creation/versions/app/.astack/foundation-setup/evidence/check-quick.log/1fffdb30dd40c730465b7b0542ce9c265f1343e7ca80768e43c40d76b4dbd526	1fffdb30dd40c730465b7b0542ce9c265f1343e7ca80768e43c40d76b4dbd526	247	1fffdb30dd40c730465b7b0542ce9c265f1343e7ca80768e43c40d76b4dbd526	247	false
examples/foundation/.proof/delivery-fd05fc1-repaired/operator-terminal-evidence/round-1-creation/versions/app/.astack/foundation-setup/evidence/chromium-install.log/e3b0c44298fc1c149afbf4c8996fb92427ae41e4649b934ca495991b7852b855	operator-terminal-evidence/round-1-creation/versions/app/.astack/foundation-setup/evidence/chromium-install.log/e3b0c44298fc1c149afbf4c8996fb92427ae41e4649b934ca495991b7852b855	e3b0c44298fc1c149afbf4c8996fb92427ae41e4649b934ca495991b7852b855	0	e3b0c44298fc1c149afbf4c8996fb92427ae41e4649b934ca495991b7852b855	0	false
examples/foundation/.proof/delivery-fd05fc1-repaired/operator-terminal-evidence/round-1-creation/versions/app/.astack/foundation-setup/evidence/commit-foundation.log/9665e018d72e8e497088410ce335092c364f9efbb25eaa1f1243b5adf150eb9b	operator-terminal-evidence/round-1-creation/versions/app/.astack/foundation-setup/evidence/commit-foundation.log/9665e018d72e8e497088410ce335092c364f9efbb25eaa1f1243b5adf150eb9b	9665e018d72e8e497088410ce335092c364f9efbb25eaa1f1243b5adf150eb9b	5626	9665e018d72e8e497088410ce335092c364f9efbb25eaa1f1243b5adf150eb9b	5626	false
examples/foundation/.proof/delivery-fd05fc1-repaired/operator-terminal-evidence/round-1-creation/versions/app/.astack/foundation-setup/evidence/format-final.log/1d66faad74f5e8709353f7288592866bd3a9095da1174a916e7aa632949971e2	operator-terminal-evidence/round-1-creation/versions/app/.astack/foundation-setup/evidence/format-final.log/1d66faad74f5e8709353f7288592866bd3a9095da1174a916e7aa632949971e2	1d66faad74f5e8709353f7288592866bd3a9095da1174a916e7aa632949971e2	87	1d66faad74f5e8709353f7288592866bd3a9095da1174a916e7aa632949971e2	87	false
examples/foundation/.proof/delivery-fd05fc1-repaired/operator-terminal-evidence/round-1-creation/versions/app/.astack/foundation-setup/evidence/install-frozen.log/94596a3eb38d2b3757c91b482582a0279d3707044530597fe89f766611ae390d	operator-terminal-evidence/round-1-creation/versions/app/.astack/foundation-setup/evidence/install-frozen.log/94596a3eb38d2b3757c91b482582a0279d3707044530597fe89f766611ae390d	94596a3eb38d2b3757c91b482582a0279d3707044530597fe89f766611ae390d	209	94596a3eb38d2b3757c91b482582a0279d3707044530597fe89f766611ae390d	209	false
examples/foundation/.proof/delivery-fd05fc1-repaired/operator-terminal-evidence/round-1-creation/versions/app/.astack/foundation-setup/evidence/readiness-final/runtime.log/24e8927dba85b5591a4f3ad326662fa1c3fb1c322df6df5495961c775b24fe3a	operator-terminal-evidence/round-1-creation/versions/app/.astack/foundation-setup/evidence/readiness-final/runtime.log/24e8927dba85b5591a4f3ad326662fa1c3fb1c322df6df5495961c775b24fe3a	24e8927dba85b5591a4f3ad326662fa1c3fb1c322df6df5495961c775b24fe3a	1974	24e8927dba85b5591a4f3ad326662fa1c3fb1c322df6df5495961c775b24fe3a	1974	false
examples/foundation/.proof/delivery-fd05fc1-repaired/operator-terminal-evidence/round-1-creation/versions/app/.astack/foundation-setup/evidence/readiness-final-command.log/1f09d4b009c64f5da63acdcc2ae8161169156039538b26a36a767c4777ac2157	operator-terminal-evidence/round-1-creation/versions/app/.astack/foundation-setup/evidence/readiness-final-command.log/1f09d4b009c64f5da63acdcc2ae8161169156039538b26a36a767c4777ac2157	1f09d4b009c64f5da63acdcc2ae8161169156039538b26a36a767c4777ac2157	3230	1f09d4b009c64f5da63acdcc2ae8161169156039538b26a36a767c4777ac2157	3230	false
examples/foundation/.proof/delivery-fd05fc1-repaired/operator-terminal-evidence/round-1-creation/versions/app/.astack/foundation-setup/evidence/readiness-initial/runtime.log/ee75ab510cf8644586e073c132d180c4780104aa09c4474e5b2dd39003fdc9fe	operator-terminal-evidence/round-1-creation/versions/app/.astack/foundation-setup/evidence/readiness-initial/runtime.log/ee75ab510cf8644586e073c132d180c4780104aa09c4474e5b2dd39003fdc9fe	ee75ab510cf8644586e073c132d180c4780104aa09c4474e5b2dd39003fdc9fe	1883	ee75ab510cf8644586e073c132d180c4780104aa09c4474e5b2dd39003fdc9fe	1883	false
examples/foundation/.proof/delivery-fd05fc1-repaired/operator-terminal-evidence/round-1-creation/versions/app/.proof/foundation-setup/check-affected.log/92b34721fdce60af3285b016d6a27f8b4a80cb339a2e3b359a53b5fec771daf9	operator-terminal-evidence/round-1-creation/versions/app/.proof/foundation-setup/check-affected.log/92b34721fdce60af3285b016d6a27f8b4a80cb339a2e3b359a53b5fec771daf9	25ab7adf2486aaa2ce4d067821afaf523cd381fdc409e9c5612c0adb34bee239	4824	25ab7adf2486aaa2ce4d067821afaf523cd381fdc409e9c5612c0adb34bee239	4824	false
examples/foundation/.proof/delivery-fd05fc1-repaired/operator-terminal-evidence/round-1-creation/versions/app/.proof/foundation-setup/check-ci-initial.log/0e5bfb9d9254bdf124a3288a0c6e93f00464ede21f57c84fd94f7e121c1d8b39	operator-terminal-evidence/round-1-creation/versions/app/.proof/foundation-setup/check-ci-initial.log/0e5bfb9d9254bdf124a3288a0c6e93f00464ede21f57c84fd94f7e121c1d8b39	469693144e1c8d7605a0aa914e9ef841054b0bcd50a30578ecd15ccd51127341	7972	469693144e1c8d7605a0aa914e9ef841054b0bcd50a30578ecd15ccd51127341	7972	false
examples/foundation/.proof/delivery-fd05fc1-repaired/operator-terminal-evidence/round-1-creation/versions/app/.proof/foundation-setup/check-ci-node24.log/55ffc3ad6d617da4096a9205e1e11864f4641895ab389db1b25fbed81894d39e	operator-terminal-evidence/round-1-creation/versions/app/.proof/foundation-setup/check-ci-node24.log/55ffc3ad6d617da4096a9205e1e11864f4641895ab389db1b25fbed81894d39e	1585be00d837a2144146400a51d8de17a9e6db4042228ecb0b6b9408934b6416	7781	1585be00d837a2144146400a51d8de17a9e6db4042228ecb0b6b9408934b6416	7781	false
examples/foundation/.proof/delivery-fd05fc1-repaired/operator-terminal-evidence/round-1-creation/versions/app/.proof/foundation-setup/check-quick.log/1fffdb30dd40c730465b7b0542ce9c265f1343e7ca80768e43c40d76b4dbd526	operator-terminal-evidence/round-1-creation/versions/app/.proof/foundation-setup/check-quick.log/1fffdb30dd40c730465b7b0542ce9c265f1343e7ca80768e43c40d76b4dbd526	1fffdb30dd40c730465b7b0542ce9c265f1343e7ca80768e43c40d76b4dbd526	247	1fffdb30dd40c730465b7b0542ce9c265f1343e7ca80768e43c40d76b4dbd526	247	false
examples/foundation/.proof/delivery-fd05fc1-repaired/operator-terminal-evidence/round-1-creation/versions/app/.proof/foundation-setup/chromium-install.log/e3b0c44298fc1c149afbf4c8996fb92427ae41e4649b934ca495991b7852b855	operator-terminal-evidence/round-1-creation/versions/app/.proof/foundation-setup/chromium-install.log/e3b0c44298fc1c149afbf4c8996fb92427ae41e4649b934ca495991b7852b855	e3b0c44298fc1c149afbf4c8996fb92427ae41e4649b934ca495991b7852b855	0	e3b0c44298fc1c149afbf4c8996fb92427ae41e4649b934ca495991b7852b855	0	false
examples/foundation/.proof/delivery-fd05fc1-repaired/operator-terminal-evidence/round-1-creation/versions/app/.proof/foundation-setup/commit-evidence.log/1eeffbbf5046a662096af54e61146cbeb720f921f2de813a07c318fbc5d7d483	operator-terminal-evidence/round-1-creation/versions/app/.proof/foundation-setup/commit-evidence.log/1eeffbbf5046a662096af54e61146cbeb720f921f2de813a07c318fbc5d7d483	1eeffbbf5046a662096af54e61146cbeb720f921f2de813a07c318fbc5d7d483	1341	1eeffbbf5046a662096af54e61146cbeb720f921f2de813a07c318fbc5d7d483	1341	false
examples/foundation/.proof/delivery-fd05fc1-repaired/operator-terminal-evidence/round-1-creation/versions/app/.proof/foundation-setup/commit-foundation.log/9665e018d72e8e497088410ce335092c364f9efbb25eaa1f1243b5adf150eb9b	operator-terminal-evidence/round-1-creation/versions/app/.proof/foundation-setup/commit-foundation.log/9665e018d72e8e497088410ce335092c364f9efbb25eaa1f1243b5adf150eb9b	9665e018d72e8e497088410ce335092c364f9efbb25eaa1f1243b5adf150eb9b	5626	9665e018d72e8e497088410ce335092c364f9efbb25eaa1f1243b5adf150eb9b	5626	false
examples/foundation/.proof/delivery-fd05fc1-repaired/operator-terminal-evidence/round-1-creation/versions/app/.proof/foundation-setup/docs-format.log/8e11510a5f6b0b7c576b8580b22050847770222972a275b8e41a7f7975aa620c	operator-terminal-evidence/round-1-creation/versions/app/.proof/foundation-setup/docs-format.log/8e11510a5f6b0b7c576b8580b22050847770222972a275b8e41a7f7975aa620c	8e11510a5f6b0b7c576b8580b22050847770222972a275b8e41a7f7975aa620c	88	8e11510a5f6b0b7c576b8580b22050847770222972a275b8e41a7f7975aa620c	88	false
examples/foundation/.proof/delivery-fd05fc1-repaired/operator-terminal-evidence/round-1-creation/versions/app/.proof/foundation-setup/format-final.log/1d66faad74f5e8709353f7288592866bd3a9095da1174a916e7aa632949971e2	operator-terminal-evidence/round-1-creation/versions/app/.proof/foundation-setup/format-final.log/1d66faad74f5e8709353f7288592866bd3a9095da1174a916e7aa632949971e2	1d66faad74f5e8709353f7288592866bd3a9095da1174a916e7aa632949971e2	87	1d66faad74f5e8709353f7288592866bd3a9095da1174a916e7aa632949971e2	87	false
examples/foundation/.proof/delivery-fd05fc1-repaired/operator-terminal-evidence/round-1-creation/versions/app/.proof/foundation-setup/install-frozen.log/94596a3eb38d2b3757c91b482582a0279d3707044530597fe89f766611ae390d	operator-terminal-evidence/round-1-creation/versions/app/.proof/foundation-setup/install-frozen.log/94596a3eb38d2b3757c91b482582a0279d3707044530597fe89f766611ae390d	94596a3eb38d2b3757c91b482582a0279d3707044530597fe89f766611ae390d	209	94596a3eb38d2b3757c91b482582a0279d3707044530597fe89f766611ae390d	209	false
examples/foundation/.proof/delivery-fd05fc1-repaired/operator-terminal-evidence/round-1-creation/versions/app/.proof/foundation-setup/readiness/runtime.log/269e000b4ef86563da7ee27ff09c91737edac29d8ae54ab986fdece7f6621f46	operator-terminal-evidence/round-1-creation/versions/app/.proof/foundation-setup/readiness/runtime.log/269e000b4ef86563da7ee27ff09c91737edac29d8ae54ab986fdece7f6621f46	269e000b4ef86563da7ee27ff09c91737edac29d8ae54ab986fdece7f6621f46	1884	269e000b4ef86563da7ee27ff09c91737edac29d8ae54ab986fdece7f6621f46	1884	false
examples/foundation/.proof/delivery-fd05fc1-repaired/operator-terminal-evidence/round-1-creation/versions/app/.proof/foundation-setup/readiness-command.log/495c1a42239e30c457c5e810749bb1194bd258b10f4e97766aa08155cfa01862	operator-terminal-evidence/round-1-creation/versions/app/.proof/foundation-setup/readiness-command.log/495c1a42239e30c457c5e810749bb1194bd258b10f4e97766aa08155cfa01862	495c1a42239e30c457c5e810749bb1194bd258b10f4e97766aa08155cfa01862	3152	495c1a42239e30c457c5e810749bb1194bd258b10f4e97766aa08155cfa01862	3152	false
examples/foundation/.proof/delivery-fd05fc1-repaired/operator-terminal-evidence/round-1-creation/versions/app/.proof/foundation-setup/readiness-final/runtime.log/3eec30416a082eddec4efbba031a55e0e3c49efcbe1ab6881017065723328240	operator-terminal-evidence/round-1-creation/versions/app/.proof/foundation-setup/readiness-final/runtime.log/3eec30416a082eddec4efbba031a55e0e3c49efcbe1ab6881017065723328240	3eec30416a082eddec4efbba031a55e0e3c49efcbe1ab6881017065723328240	1975	3eec30416a082eddec4efbba031a55e0e3c49efcbe1ab6881017065723328240	1975	false
examples/foundation/.proof/delivery-fd05fc1-repaired/operator-terminal-evidence/round-1-creation/versions/app/.proof/foundation-setup/readiness-final-command.log/1f09d4b009c64f5da63acdcc2ae8161169156039538b26a36a767c4777ac2157	operator-terminal-evidence/round-1-creation/versions/app/.proof/foundation-setup/readiness-final-command.log/1f09d4b009c64f5da63acdcc2ae8161169156039538b26a36a767c4777ac2157	1f09d4b009c64f5da63acdcc2ae8161169156039538b26a36a767c4777ac2157	3230	1f09d4b009c64f5da63acdcc2ae8161169156039538b26a36a767c4777ac2157	3230	false
examples/foundation/.proof/delivery-fd05fc1-repaired/operator-terminal-evidence/round-1-feature/files/.proof/title-edit/runtime.log	operator-terminal-evidence/round-1-feature/files/.proof/title-edit/runtime.log	6670f7036638c2b0b7a23df9931cba4deda494fa3f430b9ad7a3b662c5d93dfb	1974	6670f7036638c2b0b7a23df9931cba4deda494fa3f430b9ad7a3b662c5d93dfb	1974	false
examples/foundation/.proof/delivery-fd05fc1-repaired/operator-terminal-evidence/round-1-feature/files/.proof/title-edit-baseline/runtime.log	operator-terminal-evidence/round-1-feature/files/.proof/title-edit-baseline/runtime.log	d45c679f348c407b28e48f8bca8ca49df6f6902508551951d10c801e17539d10	1975	d45c679f348c407b28e48f8bca8ca49df6f6902508551951d10c801e17539d10	1975	false
examples/foundation/.proof/delivery-fd05fc1-repaired/operator-terminal-evidence/round-1-feature/files/.proof/title-edit-final/runtime.log	operator-terminal-evidence/round-1-feature/files/.proof/title-edit-final/runtime.log	bfb357c200959cbe331eb93eaf077fc8d4e2a45db2f94e8594f2b7d54248e940	1884	bfb357c200959cbe331eb93eaf077fc8d4e2a45db2f94e8594f2b7d54248e940	1884	false
examples/foundation/.proof/delivery-fd05fc1-repaired/operator-terminal-evidence/round-1-feature/manifest.json	operator-terminal-evidence/round-1-feature/manifest.json	cf5c533a0a66599c563582d788174b7a331f5e3e14ce9947e0609128cef4b860	5563	cf5c533a0a66599c563582d788174b7a331f5e3e14ce9947e0609128cef4b860	5563	false
examples/foundation/.proof/delivery-fd05fc1-repaired/operator-terminal-evidence/round-1-feature/versions/.proof/title-edit/runtime.log/6670f7036638c2b0b7a23df9931cba4deda494fa3f430b9ad7a3b662c5d93dfb	operator-terminal-evidence/round-1-feature/versions/.proof/title-edit/runtime.log/6670f7036638c2b0b7a23df9931cba4deda494fa3f430b9ad7a3b662c5d93dfb	6670f7036638c2b0b7a23df9931cba4deda494fa3f430b9ad7a3b662c5d93dfb	1974	6670f7036638c2b0b7a23df9931cba4deda494fa3f430b9ad7a3b662c5d93dfb	1974	false
examples/foundation/.proof/delivery-fd05fc1-repaired/operator-terminal-evidence/round-1-feature/versions/.proof/title-edit-baseline/runtime.log/d45c679f348c407b28e48f8bca8ca49df6f6902508551951d10c801e17539d10	operator-terminal-evidence/round-1-feature/versions/.proof/title-edit-baseline/runtime.log/d45c679f348c407b28e48f8bca8ca49df6f6902508551951d10c801e17539d10	d45c679f348c407b28e48f8bca8ca49df6f6902508551951d10c801e17539d10	1975	d45c679f348c407b28e48f8bca8ca49df6f6902508551951d10c801e17539d10	1975	false
examples/foundation/.proof/delivery-fd05fc1-repaired/operator-terminal-evidence/round-1-feature/versions/.proof/title-edit-final/runtime.log/bfb357c200959cbe331eb93eaf077fc8d4e2a45db2f94e8594f2b7d54248e940	operator-terminal-evidence/round-1-feature/versions/.proof/title-edit-final/runtime.log/bfb357c200959cbe331eb93eaf077fc8d4e2a45db2f94e8594f2b7d54248e940	bfb357c200959cbe331eb93eaf077fc8d4e2a45db2f94e8594f2b7d54248e940	1884	bfb357c200959cbe331eb93eaf077fc8d4e2a45db2f94e8594f2b7d54248e940	1884	false
examples/foundation/.proof/delivery-fd05fc1-repaired/operator-terminal-evidence/round-2-bug/manifest.json	operator-terminal-evidence/round-2-bug/manifest.json	643225782efc8934eb64b7e87febe23f2c033d8dcd6d3d5b33f03ac95b5205ab	678	643225782efc8934eb64b7e87febe23f2c033d8dcd6d3d5b33f03ac95b5205ab	678	false
examples/foundation/.proof/delivery-fd05fc1-repaired/operator-terminal-evidence/round-2-creation/files/.astack/creation/evidence/affected.log	operator-terminal-evidence/round-2-creation/files/.astack/creation/evidence/affected.log	73e387aa3748962e631816f2f0b20f56370e720f5bbe2e6c6f2551223de5f4e0	4825	73e387aa3748962e631816f2f0b20f56370e720f5bbe2e6c6f2551223de5f4e0	4825	false
examples/foundation/.proof/delivery-fd05fc1-repaired/operator-terminal-evidence/round-2-creation/files/.astack/creation/evidence/check-ci.log	operator-terminal-evidence/round-2-creation/files/.astack/creation/evidence/check-ci.log	defc3fbd7b29371b54e8addca2471b2c0c42d487717f4e5cd655a0847ecbcce9	7966	defc3fbd7b29371b54e8addca2471b2c0c42d487717f4e5cd655a0847ecbcce9	7966	false
examples/foundation/.proof/delivery-fd05fc1-repaired/operator-terminal-evidence/round-2-creation/files/.astack/creation/evidence/control-help.log	operator-terminal-evidence/round-2-creation/files/.astack/creation/evidence/control-help.log	690ef73f37a8de290ffccd3e4870e439ba9b7381c591e333625f8f7d49dc3b0e	481	690ef73f37a8de290ffccd3e4870e439ba9b7381c591e333625f8f7d49dc3b0e	481	false
examples/foundation/.proof/delivery-fd05fc1-repaired/operator-terminal-evidence/round-2-creation/files/.astack/creation/evidence/enforcement.log	operator-terminal-evidence/round-2-creation/files/.astack/creation/evidence/enforcement.log	1ca0831c377c54b0c0e2570de2cf39441957bc8ff8a6653cf358c1b398a384a0	2579	1ca0831c377c54b0c0e2570de2cf39441957bc8ff8a6653cf358c1b398a384a0	2579	false
examples/foundation/.proof/delivery-fd05fc1-repaired/operator-terminal-evidence/round-2-creation/files/.astack/creation/evidence/frozen-install.log	operator-terminal-evidence/round-2-creation/files/.astack/creation/evidence/frozen-install.log	50e621d0c62cccff4f7855f7fa2c18639cf268e1d211304951033e4ecfb53299	209	50e621d0c62cccff4f7855f7fa2c18639cf268e1d211304951033e4ecfb53299	209	false
examples/foundation/.proof/delivery-fd05fc1-repaired/operator-terminal-evidence/round-2-creation/files/.astack/creation/evidence/quick.log	operator-terminal-evidence/round-2-creation/files/.astack/creation/evidence/quick.log	0d31f8746351f909e18f96e4b377e259424ac9d06bc33d6f7e0ba3e34a56f15d	344	0d31f8746351f909e18f96e4b377e259424ac9d06bc33d6f7e0ba3e34a56f15d	344	false
examples/foundation/.proof/delivery-fd05fc1-repaired/operator-terminal-evidence/round-2-creation/files/.astack/creation/evidence/readiness/runtime.log	operator-terminal-evidence/round-2-creation/files/.astack/creation/evidence/readiness/runtime.log	ffb5a56ec34aeb9079f9a2acd5a31cb71e2f818e8ba7ec3c8cc850b9cc047f84	1883	ffb5a56ec34aeb9079f9a2acd5a31cb71e2f818e8ba7ec3c8cc850b9cc047f84	1883	false
examples/foundation/.proof/delivery-fd05fc1-repaired/operator-terminal-evidence/round-2-creation/files/.astack/creation/evidence/readiness-cli.log	operator-terminal-evidence/round-2-creation/files/.astack/creation/evidence/readiness-cli.log	f718084c9cdaf813e0eb2b8cb77bbfc8894ecc3efabe9201d75d42fbd09286ad	3152	f718084c9cdaf813e0eb2b8cb77bbfc8894ecc3efabe9201d75d42fbd09286ad	3152	false
examples/foundation/.proof/delivery-fd05fc1-repaired/operator-terminal-evidence/round-2-creation/files/.astack/creation/evidence/readiness-project-script/runtime.log	operator-terminal-evidence/round-2-creation/files/.astack/creation/evidence/readiness-project-script/runtime.log	07d8599ea802a66430c988abae9d791a3feec25ce06799ed30210fd9e545fa6a	1975	07d8599ea802a66430c988abae9d791a3feec25ce06799ed30210fd9e545fa6a	1975	false
examples/foundation/.proof/delivery-fd05fc1-repaired/operator-terminal-evidence/round-2-creation/files/.astack/creation/evidence/readiness-project-script.log	operator-terminal-evidence/round-2-creation/files/.astack/creation/evidence/readiness-project-script.log	ac2c7f2de1642489238c994ec757c3465ab626c9220e55a77d3b046838cf8356	3244	ac2c7f2de1642489238c994ec757c3465ab626c9220e55a77d3b046838cf8356	3244	false
examples/foundation/.proof/delivery-fd05fc1-repaired/operator-terminal-evidence/round-2-creation/manifest.json	operator-terminal-evidence/round-2-creation/manifest.json	3adaef64da66ee10e15bce303d2048091eb829e571f3e88bb30ba16204591f7f	17178	3adaef64da66ee10e15bce303d2048091eb829e571f3e88bb30ba16204591f7f	17178	false
examples/foundation/.proof/delivery-fd05fc1-repaired/operator-terminal-evidence/round-2-creation/versions/.astack/creation/evidence/affected.log/73e387aa3748962e631816f2f0b20f56370e720f5bbe2e6c6f2551223de5f4e0	operator-terminal-evidence/round-2-creation/versions/.astack/creation/evidence/affected.log/73e387aa3748962e631816f2f0b20f56370e720f5bbe2e6c6f2551223de5f4e0	73e387aa3748962e631816f2f0b20f56370e720f5bbe2e6c6f2551223de5f4e0	4825	73e387aa3748962e631816f2f0b20f56370e720f5bbe2e6c6f2551223de5f4e0	4825	false
examples/foundation/.proof/delivery-fd05fc1-repaired/operator-terminal-evidence/round-2-creation/versions/.astack/creation/evidence/check-ci.log/68a2d38ae6e09c360a70023146f592f628a21918f277b3136fa8725376b4feaa	operator-terminal-evidence/round-2-creation/versions/.astack/creation/evidence/check-ci.log/68a2d38ae6e09c360a70023146f592f628a21918f277b3136fa8725376b4feaa	defc3fbd7b29371b54e8addca2471b2c0c42d487717f4e5cd655a0847ecbcce9	7966	defc3fbd7b29371b54e8addca2471b2c0c42d487717f4e5cd655a0847ecbcce9	7966	false
examples/foundation/.proof/delivery-fd05fc1-repaired/operator-terminal-evidence/round-2-creation/versions/.astack/creation/evidence/control-help.log/690ef73f37a8de290ffccd3e4870e439ba9b7381c591e333625f8f7d49dc3b0e	operator-terminal-evidence/round-2-creation/versions/.astack/creation/evidence/control-help.log/690ef73f37a8de290ffccd3e4870e439ba9b7381c591e333625f8f7d49dc3b0e	690ef73f37a8de290ffccd3e4870e439ba9b7381c591e333625f8f7d49dc3b0e	481	690ef73f37a8de290ffccd3e4870e439ba9b7381c591e333625f8f7d49dc3b0e	481	false
examples/foundation/.proof/delivery-fd05fc1-repaired/operator-terminal-evidence/round-2-creation/versions/.astack/creation/evidence/enforcement.log/1ca0831c377c54b0c0e2570de2cf39441957bc8ff8a6653cf358c1b398a384a0	operator-terminal-evidence/round-2-creation/versions/.astack/creation/evidence/enforcement.log/1ca0831c377c54b0c0e2570de2cf39441957bc8ff8a6653cf358c1b398a384a0	1ca0831c377c54b0c0e2570de2cf39441957bc8ff8a6653cf358c1b398a384a0	2579	1ca0831c377c54b0c0e2570de2cf39441957bc8ff8a6653cf358c1b398a384a0	2579	false
examples/foundation/.proof/delivery-fd05fc1-repaired/operator-terminal-evidence/round-2-creation/versions/.astack/creation/evidence/frozen-install.log/50e621d0c62cccff4f7855f7fa2c18639cf268e1d211304951033e4ecfb53299	operator-terminal-evidence/round-2-creation/versions/.astack/creation/evidence/frozen-install.log/50e621d0c62cccff4f7855f7fa2c18639cf268e1d211304951033e4ecfb53299	50e621d0c62cccff4f7855f7fa2c18639cf268e1d211304951033e4ecfb53299	209	50e621d0c62cccff4f7855f7fa2c18639cf268e1d211304951033e4ecfb53299	209	false
examples/foundation/.proof/delivery-fd05fc1-repaired/operator-terminal-evidence/round-2-creation/versions/.astack/creation/evidence/quick.log/0d31f8746351f909e18f96e4b377e259424ac9d06bc33d6f7e0ba3e34a56f15d	operator-terminal-evidence/round-2-creation/versions/.astack/creation/evidence/quick.log/0d31f8746351f909e18f96e4b377e259424ac9d06bc33d6f7e0ba3e34a56f15d	0d31f8746351f909e18f96e4b377e259424ac9d06bc33d6f7e0ba3e34a56f15d	344	0d31f8746351f909e18f96e4b377e259424ac9d06bc33d6f7e0ba3e34a56f15d	344	false
examples/foundation/.proof/delivery-fd05fc1-repaired/operator-terminal-evidence/round-2-creation/versions/.astack/creation/evidence/readiness/runtime.log/ffb5a56ec34aeb9079f9a2acd5a31cb71e2f818e8ba7ec3c8cc850b9cc047f84	operator-terminal-evidence/round-2-creation/versions/.astack/creation/evidence/readiness/runtime.log/ffb5a56ec34aeb9079f9a2acd5a31cb71e2f818e8ba7ec3c8cc850b9cc047f84	ffb5a56ec34aeb9079f9a2acd5a31cb71e2f818e8ba7ec3c8cc850b9cc047f84	1883	ffb5a56ec34aeb9079f9a2acd5a31cb71e2f818e8ba7ec3c8cc850b9cc047f84	1883	false
examples/foundation/.proof/delivery-fd05fc1-repaired/operator-terminal-evidence/round-2-creation/versions/.astack/creation/evidence/readiness-cli.log/f718084c9cdaf813e0eb2b8cb77bbfc8894ecc3efabe9201d75d42fbd09286ad	operator-terminal-evidence/round-2-creation/versions/.astack/creation/evidence/readiness-cli.log/f718084c9cdaf813e0eb2b8cb77bbfc8894ecc3efabe9201d75d42fbd09286ad	f718084c9cdaf813e0eb2b8cb77bbfc8894ecc3efabe9201d75d42fbd09286ad	3152	f718084c9cdaf813e0eb2b8cb77bbfc8894ecc3efabe9201d75d42fbd09286ad	3152	false
examples/foundation/.proof/delivery-fd05fc1-repaired/operator-terminal-evidence/round-2-creation/versions/.astack/creation/evidence/readiness-project-script/runtime.log/07d8599ea802a66430c988abae9d791a3feec25ce06799ed30210fd9e545fa6a	operator-terminal-evidence/round-2-creation/versions/.astack/creation/evidence/readiness-project-script/runtime.log/07d8599ea802a66430c988abae9d791a3feec25ce06799ed30210fd9e545fa6a	07d8599ea802a66430c988abae9d791a3feec25ce06799ed30210fd9e545fa6a	1975	07d8599ea802a66430c988abae9d791a3feec25ce06799ed30210fd9e545fa6a	1975	false
examples/foundation/.proof/delivery-fd05fc1-repaired/operator-terminal-evidence/round-2-creation/versions/.astack/creation/evidence/readiness-project-script.log/ac2c7f2de1642489238c994ec757c3465ab626c9220e55a77d3b046838cf8356	operator-terminal-evidence/round-2-creation/versions/.astack/creation/evidence/readiness-project-script.log/ac2c7f2de1642489238c994ec757c3465ab626c9220e55a77d3b046838cf8356	ac2c7f2de1642489238c994ec757c3465ab626c9220e55a77d3b046838cf8356	3244	ac2c7f2de1642489238c994ec757c3465ab626c9220e55a77d3b046838cf8356	3244	false
examples/foundation/.proof/delivery-fd05fc1-repaired/operator-terminal-evidence/round-2-feature/files/.proof/baseline/runtime.log	operator-terminal-evidence/round-2-feature/files/.proof/baseline/runtime.log	b0cd54ea410a28839f30530ffaea807eccdf2864260d265bc3a14302f71698ff	1883	b0cd54ea410a28839f30530ffaea807eccdf2864260d265bc3a14302f71698ff	1883	false
examples/foundation/.proof/delivery-fd05fc1-repaired/operator-terminal-evidence/round-2-feature/files/.proof/check-ci.log	operator-terminal-evidence/round-2-feature/files/.proof/check-ci.log	4aedd54b5791199b367aa20edb867afd60d4e74c3e5b6ceebf3e2e53092cf496	7743	4aedd54b5791199b367aa20edb867afd60d4e74c3e5b6ceebf3e2e53092cf496	7743	false
examples/foundation/.proof/delivery-fd05fc1-repaired/operator-terminal-evidence/round-2-feature/files/.proof/title-edit/runtime.log	operator-terminal-evidence/round-2-feature/files/.proof/title-edit/runtime.log	79ef9ff09ffc90f8d90d028f3bd3fb7147cb03c8413768bd414182e1a6658128	1976	79ef9ff09ffc90f8d90d028f3bd3fb7147cb03c8413768bd414182e1a6658128	1976	false
examples/foundation/.proof/delivery-fd05fc1-repaired/operator-terminal-evidence/round-2-feature/files/.proof/title-edit-final/runtime.log	operator-terminal-evidence/round-2-feature/files/.proof/title-edit-final/runtime.log	4ee93819983211fb8a67ee8bfe733485e3d0bae6f900ce147357d494376f290d	1883	4ee93819983211fb8a67ee8bfe733485e3d0bae6f900ce147357d494376f290d	1883	false
examples/foundation/.proof/delivery-fd05fc1-repaired/operator-terminal-evidence/round-2-feature/manifest.json	operator-terminal-evidence/round-2-feature/manifest.json	7923e6eb544a897af02cc24a1ce9dc3617272237cbe1e7af41eb93e7eb2ff5c2	9092	7923e6eb544a897af02cc24a1ce9dc3617272237cbe1e7af41eb93e7eb2ff5c2	9092	false
examples/foundation/.proof/delivery-fd05fc1-repaired/operator-terminal-evidence/round-2-feature/versions/.proof/baseline/runtime.log/b0cd54ea410a28839f30530ffaea807eccdf2864260d265bc3a14302f71698ff	operator-terminal-evidence/round-2-feature/versions/.proof/baseline/runtime.log/b0cd54ea410a28839f30530ffaea807eccdf2864260d265bc3a14302f71698ff	b0cd54ea410a28839f30530ffaea807eccdf2864260d265bc3a14302f71698ff	1883	b0cd54ea410a28839f30530ffaea807eccdf2864260d265bc3a14302f71698ff	1883	false
examples/foundation/.proof/delivery-fd05fc1-repaired/operator-terminal-evidence/round-2-feature/versions/.proof/check-ci.log/2a41daba307840c0e94696aef9649fce90d58d3c6cfbe3cb25625f1cf1582c21	operator-terminal-evidence/round-2-feature/versions/.proof/check-ci.log/2a41daba307840c0e94696aef9649fce90d58d3c6cfbe3cb25625f1cf1582c21	4aedd54b5791199b367aa20edb867afd60d4e74c3e5b6ceebf3e2e53092cf496	7743	4aedd54b5791199b367aa20edb867afd60d4e74c3e5b6ceebf3e2e53092cf496	7743	false
examples/foundation/.proof/delivery-fd05fc1-repaired/operator-terminal-evidence/round-2-feature/versions/.proof/check-ci.log/3038119a68c20553cd2e9a6e878dd751b72bd0d4a067982bcf5c254a34a0ea87	operator-terminal-evidence/round-2-feature/versions/.proof/check-ci.log/3038119a68c20553cd2e9a6e878dd751b72bd0d4a067982bcf5c254a34a0ea87	4aedd54b5791199b367aa20edb867afd60d4e74c3e5b6ceebf3e2e53092cf496	7743	4aedd54b5791199b367aa20edb867afd60d4e74c3e5b6ceebf3e2e53092cf496	7743	false
examples/foundation/.proof/delivery-fd05fc1-repaired/operator-terminal-evidence/round-2-feature/versions/.proof/check-ci.log/331baf593e4aef8f9e28fddfa359489f36670a7f8974d40d1d142f5e715930c6	operator-terminal-evidence/round-2-feature/versions/.proof/check-ci.log/331baf593e4aef8f9e28fddfa359489f36670a7f8974d40d1d142f5e715930c6	f45828f9d39316c532ada07e842d38781ea243db3ecbdc5ebc0543c53b9cde26	4995	f45828f9d39316c532ada07e842d38781ea243db3ecbdc5ebc0543c53b9cde26	4995	false
examples/foundation/.proof/delivery-fd05fc1-repaired/operator-terminal-evidence/round-2-feature/versions/.proof/check-ci.log/8186eabb0a8bedac00c99a648730837121e74f643a581be48d7c71f2899fa41d	operator-terminal-evidence/round-2-feature/versions/.proof/check-ci.log/8186eabb0a8bedac00c99a648730837121e74f643a581be48d7c71f2899fa41d	8186eabb0a8bedac00c99a648730837121e74f643a581be48d7c71f2899fa41d	773	8186eabb0a8bedac00c99a648730837121e74f643a581be48d7c71f2899fa41d	773	false
examples/foundation/.proof/delivery-fd05fc1-repaired/operator-terminal-evidence/round-2-feature/versions/.proof/title-edit/runtime.log/79ef9ff09ffc90f8d90d028f3bd3fb7147cb03c8413768bd414182e1a6658128	operator-terminal-evidence/round-2-feature/versions/.proof/title-edit/runtime.log/79ef9ff09ffc90f8d90d028f3bd3fb7147cb03c8413768bd414182e1a6658128	79ef9ff09ffc90f8d90d028f3bd3fb7147cb03c8413768bd414182e1a6658128	1976	79ef9ff09ffc90f8d90d028f3bd3fb7147cb03c8413768bd414182e1a6658128	1976	false
examples/foundation/.proof/delivery-fd05fc1-repaired/operator-terminal-evidence/round-2-feature/versions/.proof/title-edit-final/runtime.log/4ee93819983211fb8a67ee8bfe733485e3d0bae6f900ce147357d494376f290d	operator-terminal-evidence/round-2-feature/versions/.proof/title-edit-final/runtime.log/4ee93819983211fb8a67ee8bfe733485e3d0bae6f900ce147357d494376f290d	4ee93819983211fb8a67ee8bfe733485e3d0bae6f900ce147357d494376f290d	1883	4ee93819983211fb8a67ee8bfe733485e3d0bae6f900ce147357d494376f290d	1883	false
examples/foundation/.proof/delivery-fd05fc1-repaired/operator-workspace-evidence/observer-script.ts	operator-workspace-evidence/observer-script.ts	357fe4b9daf423221f7ddb45426064d3e115a677e0f0df66e53528e2d6e43fbf	10646	3999fffc72811e051d6d79ab62608dac50fb19e719b9060ba23a27209f1fcb53	10643	true
examples/foundation/.proof/delivery-fd05fc1-repaired/operator-workspace-evidence/observer.json	operator-workspace-evidence/observer.json	a68e3b70eae72477e130d61ab12823692f45ada56adeb96764e9ea1cb1d9f511	4728	a68e3b70eae72477e130d61ab12823692f45ada56adeb96764e9ea1cb1d9f511	4728	false
examples/foundation/.proof/delivery-fd05fc1-repaired/operator-workspace-evidence/round-1-bug/files/.astack/feature-map/work-items/README.md	operator-workspace-evidence/round-1-bug/files/.astack/feature-map/work-items/README.md	f22f22985ef1a9782e4c6a9a074bd90328e7cde7644dfa3719c926410782bed5	383	f22f22985ef1a9782e4c6a9a074bd90328e7cde7644dfa3719c926410782bed5	383	false
examples/foundation/.proof/delivery-fd05fc1-repaired/operator-workspace-evidence/round-1-bug/files/.astack/feature-map/work-items/work-items.md	operator-workspace-evidence/round-1-bug/files/.astack/feature-map/work-items/work-items.md	67d6aa7c0f3843349997b2578963b437661211be34b69907978d6a2bd152aba5	1206	67d6aa7c0f3843349997b2578963b437661211be34b69907978d6a2bd152aba5	1206	false
examples/foundation/.proof/delivery-fd05fc1-repaired/operator-workspace-evidence/round-1-bug/files/.astack/project.md	operator-workspace-evidence/round-1-bug/files/.astack/project.md	1bbff417fbc7e79f306da3c1a90e0158fc50bde7656d7dca1d9deadf6e50ce2b	1419	1bbff417fbc7e79f306da3c1a90e0158fc50bde7656d7dca1d9deadf6e50ce2b	1419	false
examples/foundation/.proof/delivery-fd05fc1-repaired/operator-workspace-evidence/round-1-bug/files/.astack/scaffold.json	operator-workspace-evidence/round-1-bug/files/.astack/scaffold.json	cf1d6b534dc7990c644895e4bfd02e5dc3916af08ff9ac848ab933f5b8b7e2b7	274	cf1d6b534dc7990c644895e4bfd02e5dc3916af08ff9ac848ab933f5b8b7e2b7	274	false
examples/foundation/.proof/delivery-fd05fc1-repaired/operator-workspace-evidence/round-1-bug/manifest.json	operator-workspace-evidence/round-1-bug/manifest.json	04b9797f5fe99fb2ffa0744a92bfeb258b9ebc965e89936a15b19ee91bd01a70	6342	04b9797f5fe99fb2ffa0744a92bfeb258b9ebc965e89936a15b19ee91bd01a70	6342	false
examples/foundation/.proof/delivery-fd05fc1-repaired/operator-workspace-evidence/round-1-bug/versions/.astack/feature-map/work-items/README.md/f22f22985ef1a9782e4c6a9a074bd90328e7cde7644dfa3719c926410782bed5	operator-workspace-evidence/round-1-bug/versions/.astack/feature-map/work-items/README.md/f22f22985ef1a9782e4c6a9a074bd90328e7cde7644dfa3719c926410782bed5	f22f22985ef1a9782e4c6a9a074bd90328e7cde7644dfa3719c926410782bed5	383	f22f22985ef1a9782e4c6a9a074bd90328e7cde7644dfa3719c926410782bed5	383	false
examples/foundation/.proof/delivery-fd05fc1-repaired/operator-workspace-evidence/round-1-bug/versions/.astack/feature-map/work-items/work-items.md/67d6aa7c0f3843349997b2578963b437661211be34b69907978d6a2bd152aba5	operator-workspace-evidence/round-1-bug/versions/.astack/feature-map/work-items/work-items.md/67d6aa7c0f3843349997b2578963b437661211be34b69907978d6a2bd152aba5	67d6aa7c0f3843349997b2578963b437661211be34b69907978d6a2bd152aba5	1206	67d6aa7c0f3843349997b2578963b437661211be34b69907978d6a2bd152aba5	1206	false
examples/foundation/.proof/delivery-fd05fc1-repaired/operator-workspace-evidence/round-1-bug/versions/.astack/project.md/1bbff417fbc7e79f306da3c1a90e0158fc50bde7656d7dca1d9deadf6e50ce2b	operator-workspace-evidence/round-1-bug/versions/.astack/project.md/1bbff417fbc7e79f306da3c1a90e0158fc50bde7656d7dca1d9deadf6e50ce2b	1bbff417fbc7e79f306da3c1a90e0158fc50bde7656d7dca1d9deadf6e50ce2b	1419	1bbff417fbc7e79f306da3c1a90e0158fc50bde7656d7dca1d9deadf6e50ce2b	1419	false
examples/foundation/.proof/delivery-fd05fc1-repaired/operator-workspace-evidence/round-1-bug/versions/.astack/scaffold.json/cf1d6b534dc7990c644895e4bfd02e5dc3916af08ff9ac848ab933f5b8b7e2b7	operator-workspace-evidence/round-1-bug/versions/.astack/scaffold.json/cf1d6b534dc7990c644895e4bfd02e5dc3916af08ff9ac848ab933f5b8b7e2b7	cf1d6b534dc7990c644895e4bfd02e5dc3916af08ff9ac848ab933f5b8b7e2b7	274	cf1d6b534dc7990c644895e4bfd02e5dc3916af08ff9ac848ab933f5b8b7e2b7	274	false
examples/foundation/.proof/delivery-fd05fc1-repaired/operator-workspace-evidence/round-1-creation/files/app/.astack/feature-map/work-items/README.md	operator-workspace-evidence/round-1-creation/files/app/.astack/feature-map/work-items/README.md	f22f22985ef1a9782e4c6a9a074bd90328e7cde7644dfa3719c926410782bed5	383	f22f22985ef1a9782e4c6a9a074bd90328e7cde7644dfa3719c926410782bed5	383	false
examples/foundation/.proof/delivery-fd05fc1-repaired/operator-workspace-evidence/round-1-creation/files/app/.astack/feature-map/work-items/work-items.md	operator-workspace-evidence/round-1-creation/files/app/.astack/feature-map/work-items/work-items.md	67d6aa7c0f3843349997b2578963b437661211be34b69907978d6a2bd152aba5	1206	67d6aa7c0f3843349997b2578963b437661211be34b69907978d6a2bd152aba5	1206	false
examples/foundation/.proof/delivery-fd05fc1-repaired/operator-workspace-evidence/round-1-creation/files/app/.astack/foundation-setup/README.md	operator-workspace-evidence/round-1-creation/files/app/.astack/foundation-setup/README.md	a405ba1c5117fa4eb3ea8c11dc4c9e3cc1ed50537e54a2c4e6e340bde822ac9a	4825	a405ba1c5117fa4eb3ea8c11dc4c9e3cc1ed50537e54a2c4e6e340bde822ac9a	4825	false
examples/foundation/.proof/delivery-fd05fc1-repaired/operator-workspace-evidence/round-1-creation/files/app/.astack/foundation-setup/evidence/check-affected.log	operator-workspace-evidence/round-1-creation/files/app/.astack/foundation-setup/evidence/check-affected.log	25ab7adf2486aaa2ce4d067821afaf523cd381fdc409e9c5612c0adb34bee239	4824	25ab7adf2486aaa2ce4d067821afaf523cd381fdc409e9c5612c0adb34bee239	4824	false
examples/foundation/.proof/delivery-fd05fc1-repaired/operator-workspace-evidence/round-1-creation/files/app/.astack/foundation-setup/evidence/check-quick.log	operator-workspace-evidence/round-1-creation/files/app/.astack/foundation-setup/evidence/check-quick.log	1fffdb30dd40c730465b7b0542ce9c265f1343e7ca80768e43c40d76b4dbd526	247	1fffdb30dd40c730465b7b0542ce9c265f1343e7ca80768e43c40d76b4dbd526	247	false
examples/foundation/.proof/delivery-fd05fc1-repaired/operator-workspace-evidence/round-1-creation/files/app/.astack/foundation-setup/evidence/chromium-install.log	operator-workspace-evidence/round-1-creation/files/app/.astack/foundation-setup/evidence/chromium-install.log	e3b0c44298fc1c149afbf4c8996fb92427ae41e4649b934ca495991b7852b855	0	e3b0c44298fc1c149afbf4c8996fb92427ae41e4649b934ca495991b7852b855	0	false
examples/foundation/.proof/delivery-fd05fc1-repaired/operator-workspace-evidence/round-1-creation/files/app/.astack/foundation-setup/evidence/commit-foundation.log	operator-workspace-evidence/round-1-creation/files/app/.astack/foundation-setup/evidence/commit-foundation.log	9665e018d72e8e497088410ce335092c364f9efbb25eaa1f1243b5adf150eb9b	5626	9665e018d72e8e497088410ce335092c364f9efbb25eaa1f1243b5adf150eb9b	5626	false
examples/foundation/.proof/delivery-fd05fc1-repaired/operator-workspace-evidence/round-1-creation/files/app/.astack/foundation-setup/evidence/control-help.txt	operator-workspace-evidence/round-1-creation/files/app/.astack/foundation-setup/evidence/control-help.txt	690ef73f37a8de290ffccd3e4870e439ba9b7381c591e333625f8f7d49dc3b0e	481	690ef73f37a8de290ffccd3e4870e439ba9b7381c591e333625f8f7d49dc3b0e	481	false
examples/foundation/.proof/delivery-fd05fc1-repaired/operator-workspace-evidence/round-1-creation/files/app/.astack/foundation-setup/evidence/delivery.json	operator-workspace-evidence/round-1-creation/files/app/.astack/foundation-setup/evidence/delivery.json	74f1ccfaf793d8b3cd86a5cee96a94432f0563a35b85313e313eb70fc00e24df	1764	74f1ccfaf793d8b3cd86a5cee96a94432f0563a35b85313e313eb70fc00e24df	1764	false
examples/foundation/.proof/delivery-fd05fc1-repaired/operator-workspace-evidence/round-1-creation/files/app/.astack/foundation-setup/evidence/doctor-final.json	operator-workspace-evidence/round-1-creation/files/app/.astack/foundation-setup/evidence/doctor-final.json	2147cfb94baa620c0e936f5bdae8f13a8856cbb1eff309d830058db37bb0177f	832	2147cfb94baa620c0e936f5bdae8f13a8856cbb1eff309d830058db37bb0177f	832	false
examples/foundation/.proof/delivery-fd05fc1-repaired/operator-workspace-evidence/round-1-creation/files/app/.astack/foundation-setup/evidence/doctor.json	operator-workspace-evidence/round-1-creation/files/app/.astack/foundation-setup/evidence/doctor.json	5a0d07aaefb529032cf5a20ab99103479a1592c437997aecc874db0c3d7cc0ef	832	5a0d07aaefb529032cf5a20ab99103479a1592c437997aecc874db0c3d7cc0ef	832	false
examples/foundation/.proof/delivery-fd05fc1-repaired/operator-workspace-evidence/round-1-creation/files/app/.astack/foundation-setup/evidence/format-final.log	operator-workspace-evidence/round-1-creation/files/app/.astack/foundation-setup/evidence/format-final.log	1d66faad74f5e8709353f7288592866bd3a9095da1174a916e7aa632949971e2	87	1d66faad74f5e8709353f7288592866bd3a9095da1174a916e7aa632949971e2	87	false
examples/foundation/.proof/delivery-fd05fc1-repaired/operator-workspace-evidence/round-1-creation/files/app/.astack/foundation-setup/evidence/install-frozen.log	operator-workspace-evidence/round-1-creation/files/app/.astack/foundation-setup/evidence/install-frozen.log	94596a3eb38d2b3757c91b482582a0279d3707044530597fe89f766611ae390d	209	94596a3eb38d2b3757c91b482582a0279d3707044530597fe89f766611ae390d	209	false
examples/foundation/.proof/delivery-fd05fc1-repaired/operator-workspace-evidence/round-1-creation/files/app/.astack/foundation-setup/evidence/readiness-final/mcp-app-host.png	operator-workspace-evidence/round-1-creation/files/app/.astack/foundation-setup/evidence/readiness-final/mcp-app-host.png	5ec18ba93be348337752af87bc60c61f672e5a69b48c564096f5abdd3a160794	38881	5ec18ba93be348337752af87bc60c61f672e5a69b48c564096f5abdd3a160794	38881	false
examples/foundation/.proof/delivery-fd05fc1-repaired/operator-workspace-evidence/round-1-creation/files/app/.astack/foundation-setup/evidence/readiness-final/mcp-host-observations.json	operator-workspace-evidence/round-1-creation/files/app/.astack/foundation-setup/evidence/readiness-final/mcp-host-observations.json	641b6cfb1ecc48e808506053213536fee608d5a6e1eb237611feb31346938b22	1412	641b6cfb1ecc48e808506053213536fee608d5a6e1eb237611feb31346938b22	1412	false
examples/foundation/.proof/delivery-fd05fc1-repaired/operator-workspace-evidence/round-1-creation/files/app/.astack/foundation-setup/evidence/readiness-final/report.json	operator-workspace-evidence/round-1-creation/files/app/.astack/foundation-setup/evidence/readiness-final/report.json	bd75c6d600a54c598c7cbff13e4ef3689c1541fc8188d81906fa73740f921e50	3152	bd75c6d600a54c598c7cbff13e4ef3689c1541fc8188d81906fa73740f921e50	3152	false
examples/foundation/.proof/delivery-fd05fc1-repaired/operator-workspace-evidence/round-1-creation/files/app/.astack/foundation-setup/evidence/readiness-final/runtime.log	operator-workspace-evidence/round-1-creation/files/app/.astack/foundation-setup/evidence/readiness-final/runtime.log	24e8927dba85b5591a4f3ad326662fa1c3fb1c322df6df5495961c775b24fe3a	1974	24e8927dba85b5591a4f3ad326662fa1c3fb1c322df6df5495961c775b24fe3a	1974	false
examples/foundation/.proof/delivery-fd05fc1-repaired/operator-workspace-evidence/round-1-creation/files/app/.astack/foundation-setup/evidence/readiness-final/web-persisted.png	operator-workspace-evidence/round-1-creation/files/app/.astack/foundation-setup/evidence/readiness-final/web-persisted.png	40df777d97f139f7114a355a64ad24d436bbc5f02d6bce8ff1a33f195d9dd566	30908	40df777d97f139f7114a355a64ad24d436bbc5f02d6bce8ff1a33f195d9dd566	30908	false
examples/foundation/.proof/delivery-fd05fc1-repaired/operator-workspace-evidence/round-1-creation/files/app/.astack/foundation-setup/evidence/readiness-final-command.log	operator-workspace-evidence/round-1-creation/files/app/.astack/foundation-setup/evidence/readiness-final-command.log	1f09d4b009c64f5da63acdcc2ae8161169156039538b26a36a767c4777ac2157	3230	1f09d4b009c64f5da63acdcc2ae8161169156039538b26a36a767c4777ac2157	3230	false
examples/foundation/.proof/delivery-fd05fc1-repaired/operator-workspace-evidence/round-1-creation/files/app/.astack/foundation-setup/evidence/readiness-initial/mcp-app-host.png	operator-workspace-evidence/round-1-creation/files/app/.astack/foundation-setup/evidence/readiness-initial/mcp-app-host.png	8f1c0afdc2837034106d73c8aeb8f7d9c0c45a07480c1c0fec483e466bdf6592	38114	8f1c0afdc2837034106d73c8aeb8f7d9c0c45a07480c1c0fec483e466bdf6592	38114	false
examples/foundation/.proof/delivery-fd05fc1-repaired/operator-workspace-evidence/round-1-creation/files/app/.astack/foundation-setup/evidence/readiness-initial/mcp-host-observations.json	operator-workspace-evidence/round-1-creation/files/app/.astack/foundation-setup/evidence/readiness-initial/mcp-host-observations.json	a9e27317fcd93e6c2020976a257859ad25e32eaf91d09ce54ac292c9724ef9e3	1412	a9e27317fcd93e6c2020976a257859ad25e32eaf91d09ce54ac292c9724ef9e3	1412	false
examples/foundation/.proof/delivery-fd05fc1-repaired/operator-workspace-evidence/round-1-creation/files/app/.astack/foundation-setup/evidence/readiness-initial/report.json	operator-workspace-evidence/round-1-creation/files/app/.astack/foundation-setup/evidence/readiness-initial/report.json	495c1a42239e30c457c5e810749bb1194bd258b10f4e97766aa08155cfa01862	3152	495c1a42239e30c457c5e810749bb1194bd258b10f4e97766aa08155cfa01862	3152	false
examples/foundation/.proof/delivery-fd05fc1-repaired/operator-workspace-evidence/round-1-creation/files/app/.astack/foundation-setup/evidence/readiness-initial/runtime.log	operator-workspace-evidence/round-1-creation/files/app/.astack/foundation-setup/evidence/readiness-initial/runtime.log	ee75ab510cf8644586e073c132d180c4780104aa09c4474e5b2dd39003fdc9fe	1883	ee75ab510cf8644586e073c132d180c4780104aa09c4474e5b2dd39003fdc9fe	1883	false
examples/foundation/.proof/delivery-fd05fc1-repaired/operator-workspace-evidence/round-1-creation/files/app/.astack/foundation-setup/evidence/readiness-initial/web-persisted.png	operator-workspace-evidence/round-1-creation/files/app/.astack/foundation-setup/evidence/readiness-initial/web-persisted.png	08e55bf1bee22314612cb2c5fcdd929412a0fcc51e344dcf9b532a6fb93c1af1	30271	08e55bf1bee22314612cb2c5fcdd929412a0fcc51e344dcf9b532a6fb93c1af1	30271	false
examples/foundation/.proof/delivery-fd05fc1-repaired/operator-workspace-evidence/round-1-creation/files/app/.astack/project.md	operator-workspace-evidence/round-1-creation/files/app/.astack/project.md	21597e60ae04acf15536d25376c34930fca19b5475760d9ca4a836d24708f771	3253	21597e60ae04acf15536d25376c34930fca19b5475760d9ca4a836d24708f771	3253	false
examples/foundation/.proof/delivery-fd05fc1-repaired/operator-workspace-evidence/round-1-creation/files/app/.astack/scaffold.json	operator-workspace-evidence/round-1-creation/files/app/.astack/scaffold.json	cf1d6b534dc7990c644895e4bfd02e5dc3916af08ff9ac848ab933f5b8b7e2b7	274	cf1d6b534dc7990c644895e4bfd02e5dc3916af08ff9ac848ab933f5b8b7e2b7	274	false
examples/foundation/.proof/delivery-fd05fc1-repaired/operator-workspace-evidence/round-1-creation/files/app/.proof/foundation-setup/check-affected.log	operator-workspace-evidence/round-1-creation/files/app/.proof/foundation-setup/check-affected.log	25ab7adf2486aaa2ce4d067821afaf523cd381fdc409e9c5612c0adb34bee239	4824	25ab7adf2486aaa2ce4d067821afaf523cd381fdc409e9c5612c0adb34bee239	4824	false
examples/foundation/.proof/delivery-fd05fc1-repaired/operator-workspace-evidence/round-1-creation/files/app/.proof/foundation-setup/check-quick.log	operator-workspace-evidence/round-1-creation/files/app/.proof/foundation-setup/check-quick.log	1fffdb30dd40c730465b7b0542ce9c265f1343e7ca80768e43c40d76b4dbd526	247	1fffdb30dd40c730465b7b0542ce9c265f1343e7ca80768e43c40d76b4dbd526	247	false
examples/foundation/.proof/delivery-fd05fc1-repaired/operator-workspace-evidence/round-1-creation/files/app/.proof/foundation-setup/chromium-install.log	operator-workspace-evidence/round-1-creation/files/app/.proof/foundation-setup/chromium-install.log	e3b0c44298fc1c149afbf4c8996fb92427ae41e4649b934ca495991b7852b855	0	e3b0c44298fc1c149afbf4c8996fb92427ae41e4649b934ca495991b7852b855	0	false
examples/foundation/.proof/delivery-fd05fc1-repaired/operator-workspace-evidence/round-1-creation/files/app/.proof/foundation-setup/commit-evidence.log	operator-workspace-evidence/round-1-creation/files/app/.proof/foundation-setup/commit-evidence.log	1eeffbbf5046a662096af54e61146cbeb720f921f2de813a07c318fbc5d7d483	1341	1eeffbbf5046a662096af54e61146cbeb720f921f2de813a07c318fbc5d7d483	1341	false
examples/foundation/.proof/delivery-fd05fc1-repaired/operator-workspace-evidence/round-1-creation/files/app/.proof/foundation-setup/commit-foundation.log	operator-workspace-evidence/round-1-creation/files/app/.proof/foundation-setup/commit-foundation.log	9665e018d72e8e497088410ce335092c364f9efbb25eaa1f1243b5adf150eb9b	5626	9665e018d72e8e497088410ce335092c364f9efbb25eaa1f1243b5adf150eb9b	5626	false
examples/foundation/.proof/delivery-fd05fc1-repaired/operator-workspace-evidence/round-1-creation/files/app/.proof/foundation-setup/control-help.txt	operator-workspace-evidence/round-1-creation/files/app/.proof/foundation-setup/control-help.txt	690ef73f37a8de290ffccd3e4870e439ba9b7381c591e333625f8f7d49dc3b0e	481	690ef73f37a8de290ffccd3e4870e439ba9b7381c591e333625f8f7d49dc3b0e	481	false
examples/foundation/.proof/delivery-fd05fc1-repaired/operator-workspace-evidence/round-1-creation/files/app/.proof/foundation-setup/docs-format.log	operator-workspace-evidence/round-1-creation/files/app/.proof/foundation-setup/docs-format.log	8e11510a5f6b0b7c576b8580b22050847770222972a275b8e41a7f7975aa620c	88	8e11510a5f6b0b7c576b8580b22050847770222972a275b8e41a7f7975aa620c	88	false
examples/foundation/.proof/delivery-fd05fc1-repaired/operator-workspace-evidence/round-1-creation/files/app/.proof/foundation-setup/doctor-final.json	operator-workspace-evidence/round-1-creation/files/app/.proof/foundation-setup/doctor-final.json	2147cfb94baa620c0e936f5bdae8f13a8856cbb1eff309d830058db37bb0177f	832	2147cfb94baa620c0e936f5bdae8f13a8856cbb1eff309d830058db37bb0177f	832	false
examples/foundation/.proof/delivery-fd05fc1-repaired/operator-workspace-evidence/round-1-creation/files/app/.proof/foundation-setup/doctor.json	operator-workspace-evidence/round-1-creation/files/app/.proof/foundation-setup/doctor.json	5a0d07aaefb529032cf5a20ab99103479a1592c437997aecc874db0c3d7cc0ef	832	5a0d07aaefb529032cf5a20ab99103479a1592c437997aecc874db0c3d7cc0ef	832	false
examples/foundation/.proof/delivery-fd05fc1-repaired/operator-workspace-evidence/round-1-creation/files/app/.proof/foundation-setup/final-audit.json	operator-workspace-evidence/round-1-creation/files/app/.proof/foundation-setup/final-audit.json	e19c683f166d4695ba980a406d4845abbf64ebba3677613db664777a79de9b31	295	e19c683f166d4695ba980a406d4845abbf64ebba3677613db664777a79de9b31	295	false
examples/foundation/.proof/delivery-fd05fc1-repaired/operator-workspace-evidence/round-1-creation/files/app/.proof/foundation-setup/format-final.log	operator-workspace-evidence/round-1-creation/files/app/.proof/foundation-setup/format-final.log	1d66faad74f5e8709353f7288592866bd3a9095da1174a916e7aa632949971e2	87	1d66faad74f5e8709353f7288592866bd3a9095da1174a916e7aa632949971e2	87	false
examples/foundation/.proof/delivery-fd05fc1-repaired/operator-workspace-evidence/round-1-creation/files/app/.proof/foundation-setup/install-frozen.log	operator-workspace-evidence/round-1-creation/files/app/.proof/foundation-setup/install-frozen.log	94596a3eb38d2b3757c91b482582a0279d3707044530597fe89f766611ae390d	209	94596a3eb38d2b3757c91b482582a0279d3707044530597fe89f766611ae390d	209	false
examples/foundation/.proof/delivery-fd05fc1-repaired/operator-workspace-evidence/round-1-creation/files/app/.proof/foundation-setup/readiness/mcp-app-host.png	operator-workspace-evidence/round-1-creation/files/app/.proof/foundation-setup/readiness/mcp-app-host.png	8f1c0afdc2837034106d73c8aeb8f7d9c0c45a07480c1c0fec483e466bdf6592	38114	8f1c0afdc2837034106d73c8aeb8f7d9c0c45a07480c1c0fec483e466bdf6592	38114	false
examples/foundation/.proof/delivery-fd05fc1-repaired/operator-workspace-evidence/round-1-creation/files/app/.proof/foundation-setup/readiness/mcp-host-observations.json	operator-workspace-evidence/round-1-creation/files/app/.proof/foundation-setup/readiness/mcp-host-observations.json	a9e27317fcd93e6c2020976a257859ad25e32eaf91d09ce54ac292c9724ef9e3	1412	a9e27317fcd93e6c2020976a257859ad25e32eaf91d09ce54ac292c9724ef9e3	1412	false
examples/foundation/.proof/delivery-fd05fc1-repaired/operator-workspace-evidence/round-1-creation/files/app/.proof/foundation-setup/readiness/report.json	operator-workspace-evidence/round-1-creation/files/app/.proof/foundation-setup/readiness/report.json	495c1a42239e30c457c5e810749bb1194bd258b10f4e97766aa08155cfa01862	3152	495c1a42239e30c457c5e810749bb1194bd258b10f4e97766aa08155cfa01862	3152	false
examples/foundation/.proof/delivery-fd05fc1-repaired/operator-workspace-evidence/round-1-creation/files/app/.proof/foundation-setup/readiness/runtime.log	operator-workspace-evidence/round-1-creation/files/app/.proof/foundation-setup/readiness/runtime.log	269e000b4ef86563da7ee27ff09c91737edac29d8ae54ab986fdece7f6621f46	1884	269e000b4ef86563da7ee27ff09c91737edac29d8ae54ab986fdece7f6621f46	1884	false
examples/foundation/.proof/delivery-fd05fc1-repaired/operator-workspace-evidence/round-1-creation/files/app/.proof/foundation-setup/readiness/web-persisted.png	operator-workspace-evidence/round-1-creation/files/app/.proof/foundation-setup/readiness/web-persisted.png	08e55bf1bee22314612cb2c5fcdd929412a0fcc51e344dcf9b532a6fb93c1af1	30271	08e55bf1bee22314612cb2c5fcdd929412a0fcc51e344dcf9b532a6fb93c1af1	30271	false
examples/foundation/.proof/delivery-fd05fc1-repaired/operator-workspace-evidence/round-1-creation/files/app/.proof/foundation-setup/readiness-command.log	operator-workspace-evidence/round-1-creation/files/app/.proof/foundation-setup/readiness-command.log	495c1a42239e30c457c5e810749bb1194bd258b10f4e97766aa08155cfa01862	3152	495c1a42239e30c457c5e810749bb1194bd258b10f4e97766aa08155cfa01862	3152	false
examples/foundation/.proof/delivery-fd05fc1-repaired/operator-workspace-evidence/round-1-creation/files/app/.proof/foundation-setup/readiness-final/mcp-app-host.png	operator-workspace-evidence/round-1-creation/files/app/.proof/foundation-setup/readiness-final/mcp-app-host.png	5ec18ba93be348337752af87bc60c61f672e5a69b48c564096f5abdd3a160794	38881	5ec18ba93be348337752af87bc60c61f672e5a69b48c564096f5abdd3a160794	38881	false
examples/foundation/.proof/delivery-fd05fc1-repaired/operator-workspace-evidence/round-1-creation/files/app/.proof/foundation-setup/readiness-final/mcp-host-observations.json	operator-workspace-evidence/round-1-creation/files/app/.proof/foundation-setup/readiness-final/mcp-host-observations.json	641b6cfb1ecc48e808506053213536fee608d5a6e1eb237611feb31346938b22	1412	641b6cfb1ecc48e808506053213536fee608d5a6e1eb237611feb31346938b22	1412	false
examples/foundation/.proof/delivery-fd05fc1-repaired/operator-workspace-evidence/round-1-creation/files/app/.proof/foundation-setup/readiness-final/report.json	operator-workspace-evidence/round-1-creation/files/app/.proof/foundation-setup/readiness-final/report.json	bd75c6d600a54c598c7cbff13e4ef3689c1541fc8188d81906fa73740f921e50	3152	bd75c6d600a54c598c7cbff13e4ef3689c1541fc8188d81906fa73740f921e50	3152	false
examples/foundation/.proof/delivery-fd05fc1-repaired/operator-workspace-evidence/round-1-creation/files/app/.proof/foundation-setup/readiness-final/runtime.log	operator-workspace-evidence/round-1-creation/files/app/.proof/foundation-setup/readiness-final/runtime.log	3eec30416a082eddec4efbba031a55e0e3c49efcbe1ab6881017065723328240	1975	3eec30416a082eddec4efbba031a55e0e3c49efcbe1ab6881017065723328240	1975	false
examples/foundation/.proof/delivery-fd05fc1-repaired/operator-workspace-evidence/round-1-creation/files/app/.proof/foundation-setup/readiness-final/web-persisted.png	operator-workspace-evidence/round-1-creation/files/app/.proof/foundation-setup/readiness-final/web-persisted.png	40df777d97f139f7114a355a64ad24d436bbc5f02d6bce8ff1a33f195d9dd566	30908	40df777d97f139f7114a355a64ad24d436bbc5f02d6bce8ff1a33f195d9dd566	30908	false
examples/foundation/.proof/delivery-fd05fc1-repaired/operator-workspace-evidence/round-1-creation/files/app/.proof/foundation-setup/readiness-final-command.log	operator-workspace-evidence/round-1-creation/files/app/.proof/foundation-setup/readiness-final-command.log	1f09d4b009c64f5da63acdcc2ae8161169156039538b26a36a767c4777ac2157	3230	1f09d4b009c64f5da63acdcc2ae8161169156039538b26a36a767c4777ac2157	3230	false
examples/foundation/.proof/delivery-fd05fc1-repaired/operator-workspace-evidence/round-1-creation/manifest.json	operator-workspace-evidence/round-1-creation/manifest.json	1b576ea4ddeb0f69a3342c53fe2445a14c969b04090c6bdff8bbe575cd4a731a	75159	1b576ea4ddeb0f69a3342c53fe2445a14c969b04090c6bdff8bbe575cd4a731a	75159	false
examples/foundation/.proof/delivery-fd05fc1-repaired/operator-workspace-evidence/round-1-creation/versions/app/.astack/feature-map/work-items/README.md/f22f22985ef1a9782e4c6a9a074bd90328e7cde7644dfa3719c926410782bed5	operator-workspace-evidence/round-1-creation/versions/app/.astack/feature-map/work-items/README.md/f22f22985ef1a9782e4c6a9a074bd90328e7cde7644dfa3719c926410782bed5	f22f22985ef1a9782e4c6a9a074bd90328e7cde7644dfa3719c926410782bed5	383	f22f22985ef1a9782e4c6a9a074bd90328e7cde7644dfa3719c926410782bed5	383	false
examples/foundation/.proof/delivery-fd05fc1-repaired/operator-workspace-evidence/round-1-creation/versions/app/.astack/feature-map/work-items/work-items.md/67d6aa7c0f3843349997b2578963b437661211be34b69907978d6a2bd152aba5	operator-workspace-evidence/round-1-creation/versions/app/.astack/feature-map/work-items/work-items.md/67d6aa7c0f3843349997b2578963b437661211be34b69907978d6a2bd152aba5	67d6aa7c0f3843349997b2578963b437661211be34b69907978d6a2bd152aba5	1206	67d6aa7c0f3843349997b2578963b437661211be34b69907978d6a2bd152aba5	1206	false
examples/foundation/.proof/delivery-fd05fc1-repaired/operator-workspace-evidence/round-1-creation/versions/app/.astack/foundation-setup/README.md/40c53645b0aabc3c4e0cd53e3102fb853a2e17041b157f46ea36c198cf6f403f	operator-workspace-evidence/round-1-creation/versions/app/.astack/foundation-setup/README.md/40c53645b0aabc3c4e0cd53e3102fb853a2e17041b157f46ea36c198cf6f403f	7860b59db7906510af097ac99ce971c9b062631b3d2e3fba1d70b247d7f1f81c	4374	7860b59db7906510af097ac99ce971c9b062631b3d2e3fba1d70b247d7f1f81c	4374	false
examples/foundation/.proof/delivery-fd05fc1-repaired/operator-workspace-evidence/round-1-creation/versions/app/.astack/foundation-setup/README.md/6cc29271fd6f7153eb7780879392a1451b1e5ab23aae6c3035cacfed147b3ee0	operator-workspace-evidence/round-1-creation/versions/app/.astack/foundation-setup/README.md/6cc29271fd6f7153eb7780879392a1451b1e5ab23aae6c3035cacfed147b3ee0	a405ba1c5117fa4eb3ea8c11dc4c9e3cc1ed50537e54a2c4e6e340bde822ac9a	4825	a405ba1c5117fa4eb3ea8c11dc4c9e3cc1ed50537e54a2c4e6e340bde822ac9a	4825	false
examples/foundation/.proof/delivery-fd05fc1-repaired/operator-workspace-evidence/round-1-creation/versions/app/.astack/foundation-setup/evidence/check-affected.log/25ab7adf2486aaa2ce4d067821afaf523cd381fdc409e9c5612c0adb34bee239	operator-workspace-evidence/round-1-creation/versions/app/.astack/foundation-setup/evidence/check-affected.log/25ab7adf2486aaa2ce4d067821afaf523cd381fdc409e9c5612c0adb34bee239	25ab7adf2486aaa2ce4d067821afaf523cd381fdc409e9c5612c0adb34bee239	4824	25ab7adf2486aaa2ce4d067821afaf523cd381fdc409e9c5612c0adb34bee239	4824	false
examples/foundation/.proof/delivery-fd05fc1-repaired/operator-workspace-evidence/round-1-creation/versions/app/.astack/foundation-setup/evidence/check-quick.log/1fffdb30dd40c730465b7b0542ce9c265f1343e7ca80768e43c40d76b4dbd526	operator-workspace-evidence/round-1-creation/versions/app/.astack/foundation-setup/evidence/check-quick.log/1fffdb30dd40c730465b7b0542ce9c265f1343e7ca80768e43c40d76b4dbd526	1fffdb30dd40c730465b7b0542ce9c265f1343e7ca80768e43c40d76b4dbd526	247	1fffdb30dd40c730465b7b0542ce9c265f1343e7ca80768e43c40d76b4dbd526	247	false
examples/foundation/.proof/delivery-fd05fc1-repaired/operator-workspace-evidence/round-1-creation/versions/app/.astack/foundation-setup/evidence/chromium-install.log/e3b0c44298fc1c149afbf4c8996fb92427ae41e4649b934ca495991b7852b855	operator-workspace-evidence/round-1-creation/versions/app/.astack/foundation-setup/evidence/chromium-install.log/e3b0c44298fc1c149afbf4c8996fb92427ae41e4649b934ca495991b7852b855	e3b0c44298fc1c149afbf4c8996fb92427ae41e4649b934ca495991b7852b855	0	e3b0c44298fc1c149afbf4c8996fb92427ae41e4649b934ca495991b7852b855	0	false
examples/foundation/.proof/delivery-fd05fc1-repaired/operator-workspace-evidence/round-1-creation/versions/app/.astack/foundation-setup/evidence/commit-foundation.log/9665e018d72e8e497088410ce335092c364f9efbb25eaa1f1243b5adf150eb9b	operator-workspace-evidence/round-1-creation/versions/app/.astack/foundation-setup/evidence/commit-foundation.log/9665e018d72e8e497088410ce335092c364f9efbb25eaa1f1243b5adf150eb9b	9665e018d72e8e497088410ce335092c364f9efbb25eaa1f1243b5adf150eb9b	5626	9665e018d72e8e497088410ce335092c364f9efbb25eaa1f1243b5adf150eb9b	5626	false
examples/foundation/.proof/delivery-fd05fc1-repaired/operator-workspace-evidence/round-1-creation/versions/app/.astack/foundation-setup/evidence/control-help.txt/690ef73f37a8de290ffccd3e4870e439ba9b7381c591e333625f8f7d49dc3b0e	operator-workspace-evidence/round-1-creation/versions/app/.astack/foundation-setup/evidence/control-help.txt/690ef73f37a8de290ffccd3e4870e439ba9b7381c591e333625f8f7d49dc3b0e	690ef73f37a8de290ffccd3e4870e439ba9b7381c591e333625f8f7d49dc3b0e	481	690ef73f37a8de290ffccd3e4870e439ba9b7381c591e333625f8f7d49dc3b0e	481	false
examples/foundation/.proof/delivery-fd05fc1-repaired/operator-workspace-evidence/round-1-creation/versions/app/.astack/foundation-setup/evidence/delivery.json/74f1ccfaf793d8b3cd86a5cee96a94432f0563a35b85313e313eb70fc00e24df	operator-workspace-evidence/round-1-creation/versions/app/.astack/foundation-setup/evidence/delivery.json/74f1ccfaf793d8b3cd86a5cee96a94432f0563a35b85313e313eb70fc00e24df	74f1ccfaf793d8b3cd86a5cee96a94432f0563a35b85313e313eb70fc00e24df	1764	74f1ccfaf793d8b3cd86a5cee96a94432f0563a35b85313e313eb70fc00e24df	1764	false
examples/foundation/.proof/delivery-fd05fc1-repaired/operator-workspace-evidence/round-1-creation/versions/app/.astack/foundation-setup/evidence/doctor-final.json/1b0a5f769dfea82b91b70d0c003386330ed811bf79373da36b1a8d2693bff4be	operator-workspace-evidence/round-1-creation/versions/app/.astack/foundation-setup/evidence/doctor-final.json/1b0a5f769dfea82b91b70d0c003386330ed811bf79373da36b1a8d2693bff4be	2147cfb94baa620c0e936f5bdae8f13a8856cbb1eff309d830058db37bb0177f	832	2147cfb94baa620c0e936f5bdae8f13a8856cbb1eff309d830058db37bb0177f	832	false
examples/foundation/.proof/delivery-fd05fc1-repaired/operator-workspace-evidence/round-1-creation/versions/app/.astack/foundation-setup/evidence/doctor.json/b44ef46aa5d9bd67bfdcf56068a96aab5124639ef6856c2aea60be1756f3e669	operator-workspace-evidence/round-1-creation/versions/app/.astack/foundation-setup/evidence/doctor.json/b44ef46aa5d9bd67bfdcf56068a96aab5124639ef6856c2aea60be1756f3e669	5a0d07aaefb529032cf5a20ab99103479a1592c437997aecc874db0c3d7cc0ef	832	5a0d07aaefb529032cf5a20ab99103479a1592c437997aecc874db0c3d7cc0ef	832	false
examples/foundation/.proof/delivery-fd05fc1-repaired/operator-workspace-evidence/round-1-creation/versions/app/.astack/foundation-setup/evidence/format-final.log/1d66faad74f5e8709353f7288592866bd3a9095da1174a916e7aa632949971e2	operator-workspace-evidence/round-1-creation/versions/app/.astack/foundation-setup/evidence/format-final.log/1d66faad74f5e8709353f7288592866bd3a9095da1174a916e7aa632949971e2	1d66faad74f5e8709353f7288592866bd3a9095da1174a916e7aa632949971e2	87	1d66faad74f5e8709353f7288592866bd3a9095da1174a916e7aa632949971e2	87	false
examples/foundation/.proof/delivery-fd05fc1-repaired/operator-workspace-evidence/round-1-creation/versions/app/.astack/foundation-setup/evidence/install-frozen.log/94596a3eb38d2b3757c91b482582a0279d3707044530597fe89f766611ae390d	operator-workspace-evidence/round-1-creation/versions/app/.astack/foundation-setup/evidence/install-frozen.log/94596a3eb38d2b3757c91b482582a0279d3707044530597fe89f766611ae390d	94596a3eb38d2b3757c91b482582a0279d3707044530597fe89f766611ae390d	209	94596a3eb38d2b3757c91b482582a0279d3707044530597fe89f766611ae390d	209	false
examples/foundation/.proof/delivery-fd05fc1-repaired/operator-workspace-evidence/round-1-creation/versions/app/.astack/foundation-setup/evidence/readiness-final/mcp-app-host.png/5ec18ba93be348337752af87bc60c61f672e5a69b48c564096f5abdd3a160794	operator-workspace-evidence/round-1-creation/versions/app/.astack/foundation-setup/evidence/readiness-final/mcp-app-host.png/5ec18ba93be348337752af87bc60c61f672e5a69b48c564096f5abdd3a160794	5ec18ba93be348337752af87bc60c61f672e5a69b48c564096f5abdd3a160794	38881	5ec18ba93be348337752af87bc60c61f672e5a69b48c564096f5abdd3a160794	38881	false
examples/foundation/.proof/delivery-fd05fc1-repaired/operator-workspace-evidence/round-1-creation/versions/app/.astack/foundation-setup/evidence/readiness-final/mcp-host-observations.json/641b6cfb1ecc48e808506053213536fee608d5a6e1eb237611feb31346938b22	operator-workspace-evidence/round-1-creation/versions/app/.astack/foundation-setup/evidence/readiness-final/mcp-host-observations.json/641b6cfb1ecc48e808506053213536fee608d5a6e1eb237611feb31346938b22	641b6cfb1ecc48e808506053213536fee608d5a6e1eb237611feb31346938b22	1412	641b6cfb1ecc48e808506053213536fee608d5a6e1eb237611feb31346938b22	1412	false
examples/foundation/.proof/delivery-fd05fc1-repaired/operator-workspace-evidence/round-1-creation/versions/app/.astack/foundation-setup/evidence/readiness-final/report.json/bd75c6d600a54c598c7cbff13e4ef3689c1541fc8188d81906fa73740f921e50	operator-workspace-evidence/round-1-creation/versions/app/.astack/foundation-setup/evidence/readiness-final/report.json/bd75c6d600a54c598c7cbff13e4ef3689c1541fc8188d81906fa73740f921e50	bd75c6d600a54c598c7cbff13e4ef3689c1541fc8188d81906fa73740f921e50	3152	bd75c6d600a54c598c7cbff13e4ef3689c1541fc8188d81906fa73740f921e50	3152	false
examples/foundation/.proof/delivery-fd05fc1-repaired/operator-workspace-evidence/round-1-creation/versions/app/.astack/foundation-setup/evidence/readiness-final/runtime.log/24e8927dba85b5591a4f3ad326662fa1c3fb1c322df6df5495961c775b24fe3a	operator-workspace-evidence/round-1-creation/versions/app/.astack/foundation-setup/evidence/readiness-final/runtime.log/24e8927dba85b5591a4f3ad326662fa1c3fb1c322df6df5495961c775b24fe3a	24e8927dba85b5591a4f3ad326662fa1c3fb1c322df6df5495961c775b24fe3a	1974	24e8927dba85b5591a4f3ad326662fa1c3fb1c322df6df5495961c775b24fe3a	1974	false
examples/foundation/.proof/delivery-fd05fc1-repaired/operator-workspace-evidence/round-1-creation/versions/app/.astack/foundation-setup/evidence/readiness-final/web-persisted.png/40df777d97f139f7114a355a64ad24d436bbc5f02d6bce8ff1a33f195d9dd566	operator-workspace-evidence/round-1-creation/versions/app/.astack/foundation-setup/evidence/readiness-final/web-persisted.png/40df777d97f139f7114a355a64ad24d436bbc5f02d6bce8ff1a33f195d9dd566	40df777d97f139f7114a355a64ad24d436bbc5f02d6bce8ff1a33f195d9dd566	30908	40df777d97f139f7114a355a64ad24d436bbc5f02d6bce8ff1a33f195d9dd566	30908	false
examples/foundation/.proof/delivery-fd05fc1-repaired/operator-workspace-evidence/round-1-creation/versions/app/.astack/foundation-setup/evidence/readiness-final-command.log/1f09d4b009c64f5da63acdcc2ae8161169156039538b26a36a767c4777ac2157	operator-workspace-evidence/round-1-creation/versions/app/.astack/foundation-setup/evidence/readiness-final-command.log/1f09d4b009c64f5da63acdcc2ae8161169156039538b26a36a767c4777ac2157	1f09d4b009c64f5da63acdcc2ae8161169156039538b26a36a767c4777ac2157	3230	1f09d4b009c64f5da63acdcc2ae8161169156039538b26a36a767c4777ac2157	3230	false
examples/foundation/.proof/delivery-fd05fc1-repaired/operator-workspace-evidence/round-1-creation/versions/app/.astack/foundation-setup/evidence/readiness-initial/mcp-app-host.png/8f1c0afdc2837034106d73c8aeb8f7d9c0c45a07480c1c0fec483e466bdf6592	operator-workspace-evidence/round-1-creation/versions/app/.astack/foundation-setup/evidence/readiness-initial/mcp-app-host.png/8f1c0afdc2837034106d73c8aeb8f7d9c0c45a07480c1c0fec483e466bdf6592	8f1c0afdc2837034106d73c8aeb8f7d9c0c45a07480c1c0fec483e466bdf6592	38114	8f1c0afdc2837034106d73c8aeb8f7d9c0c45a07480c1c0fec483e466bdf6592	38114	false
examples/foundation/.proof/delivery-fd05fc1-repaired/operator-workspace-evidence/round-1-creation/versions/app/.astack/foundation-setup/evidence/readiness-initial/mcp-host-observations.json/a9e27317fcd93e6c2020976a257859ad25e32eaf91d09ce54ac292c9724ef9e3	operator-workspace-evidence/round-1-creation/versions/app/.astack/foundation-setup/evidence/readiness-initial/mcp-host-observations.json/a9e27317fcd93e6c2020976a257859ad25e32eaf91d09ce54ac292c9724ef9e3	a9e27317fcd93e6c2020976a257859ad25e32eaf91d09ce54ac292c9724ef9e3	1412	a9e27317fcd93e6c2020976a257859ad25e32eaf91d09ce54ac292c9724ef9e3	1412	false
examples/foundation/.proof/delivery-fd05fc1-repaired/operator-workspace-evidence/round-1-creation/versions/app/.astack/foundation-setup/evidence/readiness-initial/report.json/495c1a42239e30c457c5e810749bb1194bd258b10f4e97766aa08155cfa01862	operator-workspace-evidence/round-1-creation/versions/app/.astack/foundation-setup/evidence/readiness-initial/report.json/495c1a42239e30c457c5e810749bb1194bd258b10f4e97766aa08155cfa01862	495c1a42239e30c457c5e810749bb1194bd258b10f4e97766aa08155cfa01862	3152	495c1a42239e30c457c5e810749bb1194bd258b10f4e97766aa08155cfa01862	3152	false
examples/foundation/.proof/delivery-fd05fc1-repaired/operator-workspace-evidence/round-1-creation/versions/app/.astack/foundation-setup/evidence/readiness-initial/runtime.log/269e000b4ef86563da7ee27ff09c91737edac29d8ae54ab986fdece7f6621f46	operator-workspace-evidence/round-1-creation/versions/app/.astack/foundation-setup/evidence/readiness-initial/runtime.log/269e000b4ef86563da7ee27ff09c91737edac29d8ae54ab986fdece7f6621f46	269e000b4ef86563da7ee27ff09c91737edac29d8ae54ab986fdece7f6621f46	1884	269e000b4ef86563da7ee27ff09c91737edac29d8ae54ab986fdece7f6621f46	1884	false
examples/foundation/.proof/delivery-fd05fc1-repaired/operator-workspace-evidence/round-1-creation/versions/app/.astack/foundation-setup/evidence/readiness-initial/runtime.log/ee75ab510cf8644586e073c132d180c4780104aa09c4474e5b2dd39003fdc9fe	operator-workspace-evidence/round-1-creation/versions/app/.astack/foundation-setup/evidence/readiness-initial/runtime.log/ee75ab510cf8644586e073c132d180c4780104aa09c4474e5b2dd39003fdc9fe	ee75ab510cf8644586e073c132d180c4780104aa09c4474e5b2dd39003fdc9fe	1883	ee75ab510cf8644586e073c132d180c4780104aa09c4474e5b2dd39003fdc9fe	1883	false
examples/foundation/.proof/delivery-fd05fc1-repaired/operator-workspace-evidence/round-1-creation/versions/app/.astack/foundation-setup/evidence/readiness-initial/web-persisted.png/08e55bf1bee22314612cb2c5fcdd929412a0fcc51e344dcf9b532a6fb93c1af1	operator-workspace-evidence/round-1-creation/versions/app/.astack/foundation-setup/evidence/readiness-initial/web-persisted.png/08e55bf1bee22314612cb2c5fcdd929412a0fcc51e344dcf9b532a6fb93c1af1	08e55bf1bee22314612cb2c5fcdd929412a0fcc51e344dcf9b532a6fb93c1af1	30271	08e55bf1bee22314612cb2c5fcdd929412a0fcc51e344dcf9b532a6fb93c1af1	30271	false
examples/foundation/.proof/delivery-fd05fc1-repaired/operator-workspace-evidence/round-1-creation/versions/app/.astack/project.md/21597e60ae04acf15536d25376c34930fca19b5475760d9ca4a836d24708f771	operator-workspace-evidence/round-1-creation/versions/app/.astack/project.md/21597e60ae04acf15536d25376c34930fca19b5475760d9ca4a836d24708f771	21597e60ae04acf15536d25376c34930fca19b5475760d9ca4a836d24708f771	3253	21597e60ae04acf15536d25376c34930fca19b5475760d9ca4a836d24708f771	3253	false
examples/foundation/.proof/delivery-fd05fc1-repaired/operator-workspace-evidence/round-1-creation/versions/app/.astack/scaffold.json/cf1d6b534dc7990c644895e4bfd02e5dc3916af08ff9ac848ab933f5b8b7e2b7	operator-workspace-evidence/round-1-creation/versions/app/.astack/scaffold.json/cf1d6b534dc7990c644895e4bfd02e5dc3916af08ff9ac848ab933f5b8b7e2b7	cf1d6b534dc7990c644895e4bfd02e5dc3916af08ff9ac848ab933f5b8b7e2b7	274	cf1d6b534dc7990c644895e4bfd02e5dc3916af08ff9ac848ab933f5b8b7e2b7	274	false
examples/foundation/.proof/delivery-fd05fc1-repaired/operator-workspace-evidence/round-1-creation/versions/app/.proof/foundation-setup/check-affected.log/92b34721fdce60af3285b016d6a27f8b4a80cb339a2e3b359a53b5fec771daf9	operator-workspace-evidence/round-1-creation/versions/app/.proof/foundation-setup/check-affected.log/92b34721fdce60af3285b016d6a27f8b4a80cb339a2e3b359a53b5fec771daf9	25ab7adf2486aaa2ce4d067821afaf523cd381fdc409e9c5612c0adb34bee239	4824	25ab7adf2486aaa2ce4d067821afaf523cd381fdc409e9c5612c0adb34bee239	4824	false
examples/foundation/.proof/delivery-fd05fc1-repaired/operator-workspace-evidence/round-1-creation/versions/app/.proof/foundation-setup/check-affected.log/bdd566ee249df7efa22d0d1d518fcfb561ae082d5794a28d462a188155b245df	operator-workspace-evidence/round-1-creation/versions/app/.proof/foundation-setup/check-affected.log/bdd566ee249df7efa22d0d1d518fcfb561ae082d5794a28d462a188155b245df	bdd566ee249df7efa22d0d1d518fcfb561ae082d5794a28d462a188155b245df	174	bdd566ee249df7efa22d0d1d518fcfb561ae082d5794a28d462a188155b245df	174	false
examples/foundation/.proof/delivery-fd05fc1-repaired/operator-workspace-evidence/round-1-creation/versions/app/.proof/foundation-setup/check-quick.log/1d5dc6f1dc938e25953a7c18ef3d40f9c8a614bbc4ea91561edf3c984a346c95	operator-workspace-evidence/round-1-creation/versions/app/.proof/foundation-setup/check-quick.log/1d5dc6f1dc938e25953a7c18ef3d40f9c8a614bbc4ea91561edf3c984a346c95	1d5dc6f1dc938e25953a7c18ef3d40f9c8a614bbc4ea91561edf3c984a346c95	196	1d5dc6f1dc938e25953a7c18ef3d40f9c8a614bbc4ea91561edf3c984a346c95	196	false
examples/foundation/.proof/delivery-fd05fc1-repaired/operator-workspace-evidence/round-1-creation/versions/app/.proof/foundation-setup/check-quick.log/1fffdb30dd40c730465b7b0542ce9c265f1343e7ca80768e43c40d76b4dbd526	operator-workspace-evidence/round-1-creation/versions/app/.proof/foundation-setup/check-quick.log/1fffdb30dd40c730465b7b0542ce9c265f1343e7ca80768e43c40d76b4dbd526	1fffdb30dd40c730465b7b0542ce9c265f1343e7ca80768e43c40d76b4dbd526	247	1fffdb30dd40c730465b7b0542ce9c265f1343e7ca80768e43c40d76b4dbd526	247	false
examples/foundation/.proof/delivery-fd05fc1-repaired/operator-workspace-evidence/round-1-creation/versions/app/.proof/foundation-setup/chromium-install.log/e3b0c44298fc1c149afbf4c8996fb92427ae41e4649b934ca495991b7852b855	operator-workspace-evidence/round-1-creation/versions/app/.proof/foundation-setup/chromium-install.log/e3b0c44298fc1c149afbf4c8996fb92427ae41e4649b934ca495991b7852b855	e3b0c44298fc1c149afbf4c8996fb92427ae41e4649b934ca495991b7852b855	0	e3b0c44298fc1c149afbf4c8996fb92427ae41e4649b934ca495991b7852b855	0	false
examples/foundation/.proof/delivery-fd05fc1-repaired/operator-workspace-evidence/round-1-creation/versions/app/.proof/foundation-setup/commit-evidence.log/1eeffbbf5046a662096af54e61146cbeb720f921f2de813a07c318fbc5d7d483	operator-workspace-evidence/round-1-creation/versions/app/.proof/foundation-setup/commit-evidence.log/1eeffbbf5046a662096af54e61146cbeb720f921f2de813a07c318fbc5d7d483	1eeffbbf5046a662096af54e61146cbeb720f921f2de813a07c318fbc5d7d483	1341	1eeffbbf5046a662096af54e61146cbeb720f921f2de813a07c318fbc5d7d483	1341	false
examples/foundation/.proof/delivery-fd05fc1-repaired/operator-workspace-evidence/round-1-creation/versions/app/.proof/foundation-setup/commit-foundation.log/348e0d87c91815be22c4e20184734859ecc435c9e184f6ca8d0899f597a181e5	operator-workspace-evidence/round-1-creation/versions/app/.proof/foundation-setup/commit-foundation.log/348e0d87c91815be22c4e20184734859ecc435c9e184f6ca8d0899f597a181e5	348e0d87c91815be22c4e20184734859ecc435c9e184f6ca8d0899f597a181e5	415	348e0d87c91815be22c4e20184734859ecc435c9e184f6ca8d0899f597a181e5	415	false
examples/foundation/.proof/delivery-fd05fc1-repaired/operator-workspace-evidence/round-1-creation/versions/app/.proof/foundation-setup/commit-foundation.log/9665e018d72e8e497088410ce335092c364f9efbb25eaa1f1243b5adf150eb9b	operator-workspace-evidence/round-1-creation/versions/app/.proof/foundation-setup/commit-foundation.log/9665e018d72e8e497088410ce335092c364f9efbb25eaa1f1243b5adf150eb9b	9665e018d72e8e497088410ce335092c364f9efbb25eaa1f1243b5adf150eb9b	5626	9665e018d72e8e497088410ce335092c364f9efbb25eaa1f1243b5adf150eb9b	5626	false
examples/foundation/.proof/delivery-fd05fc1-repaired/operator-workspace-evidence/round-1-creation/versions/app/.proof/foundation-setup/control-help.txt/690ef73f37a8de290ffccd3e4870e439ba9b7381c591e333625f8f7d49dc3b0e	operator-workspace-evidence/round-1-creation/versions/app/.proof/foundation-setup/control-help.txt/690ef73f37a8de290ffccd3e4870e439ba9b7381c591e333625f8f7d49dc3b0e	690ef73f37a8de290ffccd3e4870e439ba9b7381c591e333625f8f7d49dc3b0e	481	690ef73f37a8de290ffccd3e4870e439ba9b7381c591e333625f8f7d49dc3b0e	481	false
examples/foundation/.proof/delivery-fd05fc1-repaired/operator-workspace-evidence/round-1-creation/versions/app/.proof/foundation-setup/docs-format.log/8e11510a5f6b0b7c576b8580b22050847770222972a275b8e41a7f7975aa620c	operator-workspace-evidence/round-1-creation/versions/app/.proof/foundation-setup/docs-format.log/8e11510a5f6b0b7c576b8580b22050847770222972a275b8e41a7f7975aa620c	8e11510a5f6b0b7c576b8580b22050847770222972a275b8e41a7f7975aa620c	88	8e11510a5f6b0b7c576b8580b22050847770222972a275b8e41a7f7975aa620c	88	false
examples/foundation/.proof/delivery-fd05fc1-repaired/operator-workspace-evidence/round-1-creation/versions/app/.proof/foundation-setup/doctor-final.json/1b0a5f769dfea82b91b70d0c003386330ed811bf79373da36b1a8d2693bff4be	operator-workspace-evidence/round-1-creation/versions/app/.proof/foundation-setup/doctor-final.json/1b0a5f769dfea82b91b70d0c003386330ed811bf79373da36b1a8d2693bff4be	2147cfb94baa620c0e936f5bdae8f13a8856cbb1eff309d830058db37bb0177f	832	2147cfb94baa620c0e936f5bdae8f13a8856cbb1eff309d830058db37bb0177f	832	false
examples/foundation/.proof/delivery-fd05fc1-repaired/operator-workspace-evidence/round-1-creation/versions/app/.proof/foundation-setup/doctor.json/b44ef46aa5d9bd67bfdcf56068a96aab5124639ef6856c2aea60be1756f3e669	operator-workspace-evidence/round-1-creation/versions/app/.proof/foundation-setup/doctor.json/b44ef46aa5d9bd67bfdcf56068a96aab5124639ef6856c2aea60be1756f3e669	5a0d07aaefb529032cf5a20ab99103479a1592c437997aecc874db0c3d7cc0ef	832	5a0d07aaefb529032cf5a20ab99103479a1592c437997aecc874db0c3d7cc0ef	832	false
examples/foundation/.proof/delivery-fd05fc1-repaired/operator-workspace-evidence/round-1-creation/versions/app/.proof/foundation-setup/final-audit.json/e19c683f166d4695ba980a406d4845abbf64ebba3677613db664777a79de9b31	operator-workspace-evidence/round-1-creation/versions/app/.proof/foundation-setup/final-audit.json/e19c683f166d4695ba980a406d4845abbf64ebba3677613db664777a79de9b31	e19c683f166d4695ba980a406d4845abbf64ebba3677613db664777a79de9b31	295	e19c683f166d4695ba980a406d4845abbf64ebba3677613db664777a79de9b31	295	false
examples/foundation/.proof/delivery-fd05fc1-repaired/operator-workspace-evidence/round-1-creation/versions/app/.proof/foundation-setup/format-final.log/1d66faad74f5e8709353f7288592866bd3a9095da1174a916e7aa632949971e2	operator-workspace-evidence/round-1-creation/versions/app/.proof/foundation-setup/format-final.log/1d66faad74f5e8709353f7288592866bd3a9095da1174a916e7aa632949971e2	1d66faad74f5e8709353f7288592866bd3a9095da1174a916e7aa632949971e2	87	1d66faad74f5e8709353f7288592866bd3a9095da1174a916e7aa632949971e2	87	false
examples/foundation/.proof/delivery-fd05fc1-repaired/operator-workspace-evidence/round-1-creation/versions/app/.proof/foundation-setup/format-final.log/70b1a71507ee1bef3c54610759273ec9f31d1e0af5789b2228e5caf54d6e8117	operator-workspace-evidence/round-1-creation/versions/app/.proof/foundation-setup/format-final.log/70b1a71507ee1bef3c54610759273ec9f31d1e0af5789b2228e5caf54d6e8117	70b1a71507ee1bef3c54610759273ec9f31d1e0af5789b2228e5caf54d6e8117	44	70b1a71507ee1bef3c54610759273ec9f31d1e0af5789b2228e5caf54d6e8117	44	false
examples/foundation/.proof/delivery-fd05fc1-repaired/operator-workspace-evidence/round-1-creation/versions/app/.proof/foundation-setup/install-frozen.log/94596a3eb38d2b3757c91b482582a0279d3707044530597fe89f766611ae390d	operator-workspace-evidence/round-1-creation/versions/app/.proof/foundation-setup/install-frozen.log/94596a3eb38d2b3757c91b482582a0279d3707044530597fe89f766611ae390d	94596a3eb38d2b3757c91b482582a0279d3707044530597fe89f766611ae390d	209	94596a3eb38d2b3757c91b482582a0279d3707044530597fe89f766611ae390d	209	false
examples/foundation/.proof/delivery-fd05fc1-repaired/operator-workspace-evidence/round-1-creation/versions/app/.proof/foundation-setup/readiness/mcp-app-host.png/8f1c0afdc2837034106d73c8aeb8f7d9c0c45a07480c1c0fec483e466bdf6592	operator-workspace-evidence/round-1-creation/versions/app/.proof/foundation-setup/readiness/mcp-app-host.png/8f1c0afdc2837034106d73c8aeb8f7d9c0c45a07480c1c0fec483e466bdf6592	8f1c0afdc2837034106d73c8aeb8f7d9c0c45a07480c1c0fec483e466bdf6592	38114	8f1c0afdc2837034106d73c8aeb8f7d9c0c45a07480c1c0fec483e466bdf6592	38114	false
examples/foundation/.proof/delivery-fd05fc1-repaired/operator-workspace-evidence/round-1-creation/versions/app/.proof/foundation-setup/readiness/mcp-host-observations.json/a9e27317fcd93e6c2020976a257859ad25e32eaf91d09ce54ac292c9724ef9e3	operator-workspace-evidence/round-1-creation/versions/app/.proof/foundation-setup/readiness/mcp-host-observations.json/a9e27317fcd93e6c2020976a257859ad25e32eaf91d09ce54ac292c9724ef9e3	a9e27317fcd93e6c2020976a257859ad25e32eaf91d09ce54ac292c9724ef9e3	1412	a9e27317fcd93e6c2020976a257859ad25e32eaf91d09ce54ac292c9724ef9e3	1412	false
examples/foundation/.proof/delivery-fd05fc1-repaired/operator-workspace-evidence/round-1-creation/versions/app/.proof/foundation-setup/readiness/report.json/495c1a42239e30c457c5e810749bb1194bd258b10f4e97766aa08155cfa01862	operator-workspace-evidence/round-1-creation/versions/app/.proof/foundation-setup/readiness/report.json/495c1a42239e30c457c5e810749bb1194bd258b10f4e97766aa08155cfa01862	495c1a42239e30c457c5e810749bb1194bd258b10f4e97766aa08155cfa01862	3152	495c1a42239e30c457c5e810749bb1194bd258b10f4e97766aa08155cfa01862	3152	false
examples/foundation/.proof/delivery-fd05fc1-repaired/operator-workspace-evidence/round-1-creation/versions/app/.proof/foundation-setup/readiness/runtime.log/269e000b4ef86563da7ee27ff09c91737edac29d8ae54ab986fdece7f6621f46	operator-workspace-evidence/round-1-creation/versions/app/.proof/foundation-setup/readiness/runtime.log/269e000b4ef86563da7ee27ff09c91737edac29d8ae54ab986fdece7f6621f46	269e000b4ef86563da7ee27ff09c91737edac29d8ae54ab986fdece7f6621f46	1884	269e000b4ef86563da7ee27ff09c91737edac29d8ae54ab986fdece7f6621f46	1884	false
examples/foundation/.proof/delivery-fd05fc1-repaired/operator-workspace-evidence/round-1-creation/versions/app/.proof/foundation-setup/readiness/web-persisted.png/08e55bf1bee22314612cb2c5fcdd929412a0fcc51e344dcf9b532a6fb93c1af1	operator-workspace-evidence/round-1-creation/versions/app/.proof/foundation-setup/readiness/web-persisted.png/08e55bf1bee22314612cb2c5fcdd929412a0fcc51e344dcf9b532a6fb93c1af1	08e55bf1bee22314612cb2c5fcdd929412a0fcc51e344dcf9b532a6fb93c1af1	30271	08e55bf1bee22314612cb2c5fcdd929412a0fcc51e344dcf9b532a6fb93c1af1	30271	false
examples/foundation/.proof/delivery-fd05fc1-repaired/operator-workspace-evidence/round-1-creation/versions/app/.proof/foundation-setup/readiness-command.log/495c1a42239e30c457c5e810749bb1194bd258b10f4e97766aa08155cfa01862	operator-workspace-evidence/round-1-creation/versions/app/.proof/foundation-setup/readiness-command.log/495c1a42239e30c457c5e810749bb1194bd258b10f4e97766aa08155cfa01862	495c1a42239e30c457c5e810749bb1194bd258b10f4e97766aa08155cfa01862	3152	495c1a42239e30c457c5e810749bb1194bd258b10f4e97766aa08155cfa01862	3152	false
examples/foundation/.proof/delivery-fd05fc1-repaired/operator-workspace-evidence/round-1-creation/versions/app/.proof/foundation-setup/readiness-final/mcp-app-host.png/5ec18ba93be348337752af87bc60c61f672e5a69b48c564096f5abdd3a160794	operator-workspace-evidence/round-1-creation/versions/app/.proof/foundation-setup/readiness-final/mcp-app-host.png/5ec18ba93be348337752af87bc60c61f672e5a69b48c564096f5abdd3a160794	5ec18ba93be348337752af87bc60c61f672e5a69b48c564096f5abdd3a160794	38881	5ec18ba93be348337752af87bc60c61f672e5a69b48c564096f5abdd3a160794	38881	false
examples/foundation/.proof/delivery-fd05fc1-repaired/operator-workspace-evidence/round-1-creation/versions/app/.proof/foundation-setup/readiness-final/mcp-host-observations.json/641b6cfb1ecc48e808506053213536fee608d5a6e1eb237611feb31346938b22	operator-workspace-evidence/round-1-creation/versions/app/.proof/foundation-setup/readiness-final/mcp-host-observations.json/641b6cfb1ecc48e808506053213536fee608d5a6e1eb237611feb31346938b22	641b6cfb1ecc48e808506053213536fee608d5a6e1eb237611feb31346938b22	1412	641b6cfb1ecc48e808506053213536fee608d5a6e1eb237611feb31346938b22	1412	false
examples/foundation/.proof/delivery-fd05fc1-repaired/operator-workspace-evidence/round-1-creation/versions/app/.proof/foundation-setup/readiness-final/report.json/bd75c6d600a54c598c7cbff13e4ef3689c1541fc8188d81906fa73740f921e50	operator-workspace-evidence/round-1-creation/versions/app/.proof/foundation-setup/readiness-final/report.json/bd75c6d600a54c598c7cbff13e4ef3689c1541fc8188d81906fa73740f921e50	bd75c6d600a54c598c7cbff13e4ef3689c1541fc8188d81906fa73740f921e50	3152	bd75c6d600a54c598c7cbff13e4ef3689c1541fc8188d81906fa73740f921e50	3152	false
examples/foundation/.proof/delivery-fd05fc1-repaired/operator-workspace-evidence/round-1-creation/versions/app/.proof/foundation-setup/readiness-final/runtime.log/3eec30416a082eddec4efbba031a55e0e3c49efcbe1ab6881017065723328240	operator-workspace-evidence/round-1-creation/versions/app/.proof/foundation-setup/readiness-final/runtime.log/3eec30416a082eddec4efbba031a55e0e3c49efcbe1ab6881017065723328240	3eec30416a082eddec4efbba031a55e0e3c49efcbe1ab6881017065723328240	1975	3eec30416a082eddec4efbba031a55e0e3c49efcbe1ab6881017065723328240	1975	false
examples/foundation/.proof/delivery-fd05fc1-repaired/operator-workspace-evidence/round-1-creation/versions/app/.proof/foundation-setup/readiness-final/web-persisted.png/40df777d97f139f7114a355a64ad24d436bbc5f02d6bce8ff1a33f195d9dd566	operator-workspace-evidence/round-1-creation/versions/app/.proof/foundation-setup/readiness-final/web-persisted.png/40df777d97f139f7114a355a64ad24d436bbc5f02d6bce8ff1a33f195d9dd566	40df777d97f139f7114a355a64ad24d436bbc5f02d6bce8ff1a33f195d9dd566	30908	40df777d97f139f7114a355a64ad24d436bbc5f02d6bce8ff1a33f195d9dd566	30908	false
examples/foundation/.proof/delivery-fd05fc1-repaired/operator-workspace-evidence/round-1-creation/versions/app/.proof/foundation-setup/readiness-final-command.log/1f09d4b009c64f5da63acdcc2ae8161169156039538b26a36a767c4777ac2157	operator-workspace-evidence/round-1-creation/versions/app/.proof/foundation-setup/readiness-final-command.log/1f09d4b009c64f5da63acdcc2ae8161169156039538b26a36a767c4777ac2157	1f09d4b009c64f5da63acdcc2ae8161169156039538b26a36a767c4777ac2157	3230	1f09d4b009c64f5da63acdcc2ae8161169156039538b26a36a767c4777ac2157	3230	false
examples/foundation/.proof/delivery-fd05fc1-repaired/operator-workspace-evidence/round-1-creation/versions/app/.proof/foundation-setup/readiness-final-command.log/3bd3b2857563b0148bc1d031a49261bb9256c96227d5f1f8f04668a0797aafc8	operator-workspace-evidence/round-1-creation/versions/app/.proof/foundation-setup/readiness-final-command.log/3bd3b2857563b0148bc1d031a49261bb9256c96227d5f1f8f04668a0797aafc8	3bd3b2857563b0148bc1d031a49261bb9256c96227d5f1f8f04668a0797aafc8	78	3bd3b2857563b0148bc1d031a49261bb9256c96227d5f1f8f04668a0797aafc8	78	false
examples/foundation/.proof/delivery-fd05fc1-repaired/operator-workspace-evidence/round-1-feature/files/.astack/feature-map/work-items/README.md	operator-workspace-evidence/round-1-feature/files/.astack/feature-map/work-items/README.md	f22f22985ef1a9782e4c6a9a074bd90328e7cde7644dfa3719c926410782bed5	383	f22f22985ef1a9782e4c6a9a074bd90328e7cde7644dfa3719c926410782bed5	383	false
examples/foundation/.proof/delivery-fd05fc1-repaired/operator-workspace-evidence/round-1-feature/files/.astack/feature-map/work-items/work-items.md	operator-workspace-evidence/round-1-feature/files/.astack/feature-map/work-items/work-items.md	ec2e7d8dbb2d4265c20230f1537c9fb7bbf8152a1dada6439881c71a06e57424	2172	ec2e7d8dbb2d4265c20230f1537c9fb7bbf8152a1dada6439881c71a06e57424	2172	false
examples/foundation/.proof/delivery-fd05fc1-repaired/operator-workspace-evidence/round-1-feature/files/.astack/project.md	operator-workspace-evidence/round-1-feature/files/.astack/project.md	1bbff417fbc7e79f306da3c1a90e0158fc50bde7656d7dca1d9deadf6e50ce2b	1419	1bbff417fbc7e79f306da3c1a90e0158fc50bde7656d7dca1d9deadf6e50ce2b	1419	false
examples/foundation/.proof/delivery-fd05fc1-repaired/operator-workspace-evidence/round-1-feature/files/.astack/scaffold.json	operator-workspace-evidence/round-1-feature/files/.astack/scaffold.json	cf1d6b534dc7990c644895e4bfd02e5dc3916af08ff9ac848ab933f5b8b7e2b7	274	cf1d6b534dc7990c644895e4bfd02e5dc3916af08ff9ac848ab933f5b8b7e2b7	274	false
examples/foundation/.proof/delivery-fd05fc1-repaired/operator-workspace-evidence/round-1-feature/files/.proof/title-edit/mcp-app-host.png	operator-workspace-evidence/round-1-feature/files/.proof/title-edit/mcp-app-host.png	d7646cb7425e33789b20f6289a3cddfca621cf62c29b6f200b305a191b6d9f5a	38487	d7646cb7425e33789b20f6289a3cddfca621cf62c29b6f200b305a191b6d9f5a	38487	false
examples/foundation/.proof/delivery-fd05fc1-repaired/operator-workspace-evidence/round-1-feature/files/.proof/title-edit/mcp-host-observations.json	operator-workspace-evidence/round-1-feature/files/.proof/title-edit/mcp-host-observations.json	4bb89e45a880b5a6d5e9a7f6d3351bedb5d926ba368010531b58079d2c4585b4	1412	4bb89e45a880b5a6d5e9a7f6d3351bedb5d926ba368010531b58079d2c4585b4	1412	false
examples/foundation/.proof/delivery-fd05fc1-repaired/operator-workspace-evidence/round-1-feature/files/.proof/title-edit/report.json	operator-workspace-evidence/round-1-feature/files/.proof/title-edit/report.json	bc9ed358da1c780127054da26e84b4fbffd69027ac9ed88f0830659089f96ec3	4027	bc9ed358da1c780127054da26e84b4fbffd69027ac9ed88f0830659089f96ec3	4027	false
examples/foundation/.proof/delivery-fd05fc1-repaired/operator-workspace-evidence/round-1-feature/files/.proof/title-edit/runtime.log	operator-workspace-evidence/round-1-feature/files/.proof/title-edit/runtime.log	6670f7036638c2b0b7a23df9931cba4deda494fa3f430b9ad7a3b662c5d93dfb	1974	6670f7036638c2b0b7a23df9931cba4deda494fa3f430b9ad7a3b662c5d93dfb	1974	false
examples/foundation/.proof/delivery-fd05fc1-repaired/operator-workspace-evidence/round-1-feature/files/.proof/title-edit/title-edit.png	operator-workspace-evidence/round-1-feature/files/.proof/title-edit/title-edit.png	039aa9eb5bf2766aa474fa2932f33e86b9913872372c8e6007385d1dcf7a364d	32820	039aa9eb5bf2766aa474fa2932f33e86b9913872372c8e6007385d1dcf7a364d	32820	false
examples/foundation/.proof/delivery-fd05fc1-repaired/operator-workspace-evidence/round-1-feature/files/.proof/title-edit/web-persisted.png	operator-workspace-evidence/round-1-feature/files/.proof/title-edit/web-persisted.png	38009a9b90ad315d3cea8de3ebd8605431d7a81e30a8c61ccaca9e97228c3394	31421	38009a9b90ad315d3cea8de3ebd8605431d7a81e30a8c61ccaca9e97228c3394	31421	false
examples/foundation/.proof/delivery-fd05fc1-repaired/operator-workspace-evidence/round-1-feature/files/.proof/title-edit-baseline/mcp-app-host.png	operator-workspace-evidence/round-1-feature/files/.proof/title-edit-baseline/mcp-app-host.png	0aa7a9e65d8151de7a3c70e40a0116e1f731226a078f58d43b6dcb6adcb01d69	38465	0aa7a9e65d8151de7a3c70e40a0116e1f731226a078f58d43b6dcb6adcb01d69	38465	false
examples/foundation/.proof/delivery-fd05fc1-repaired/operator-workspace-evidence/round-1-feature/files/.proof/title-edit-baseline/mcp-host-observations.json	operator-workspace-evidence/round-1-feature/files/.proof/title-edit-baseline/mcp-host-observations.json	64a087391ec59cf52d05af1d91831e1c27340466b9a2ef761bcf212a15e60c47	1412	64a087391ec59cf52d05af1d91831e1c27340466b9a2ef761bcf212a15e60c47	1412	false
examples/foundation/.proof/delivery-fd05fc1-repaired/operator-workspace-evidence/round-1-feature/files/.proof/title-edit-baseline/report.json	operator-workspace-evidence/round-1-feature/files/.proof/title-edit-baseline/report.json	59db74aa735ee214313053a0411c9c9f37e937f0f67d16bea6921605d02cdcfa	3152	59db74aa735ee214313053a0411c9c9f37e937f0f67d16bea6921605d02cdcfa	3152	false
examples/foundation/.proof/delivery-fd05fc1-repaired/operator-workspace-evidence/round-1-feature/files/.proof/title-edit-baseline/runtime.log	operator-workspace-evidence/round-1-feature/files/.proof/title-edit-baseline/runtime.log	d45c679f348c407b28e48f8bca8ca49df6f6902508551951d10c801e17539d10	1975	d45c679f348c407b28e48f8bca8ca49df6f6902508551951d10c801e17539d10	1975	false
examples/foundation/.proof/delivery-fd05fc1-repaired/operator-workspace-evidence/round-1-feature/files/.proof/title-edit-baseline/web-persisted.png	operator-workspace-evidence/round-1-feature/files/.proof/title-edit-baseline/web-persisted.png	1a89976efe04a247940c0be3760ef8fd33f2cdc26fd200dde8a4d99229973bed	31675	1a89976efe04a247940c0be3760ef8fd33f2cdc26fd200dde8a4d99229973bed	31675	false
examples/foundation/.proof/delivery-fd05fc1-repaired/operator-workspace-evidence/round-1-feature/files/.proof/title-edit-final/mcp-app-host.png	operator-workspace-evidence/round-1-feature/files/.proof/title-edit-final/mcp-app-host.png	2af538358d99f371992625b88fa748afcb7d16a8d4b9bd2dba0333ab38509c49	38310	2af538358d99f371992625b88fa748afcb7d16a8d4b9bd2dba0333ab38509c49	38310	false
examples/foundation/.proof/delivery-fd05fc1-repaired/operator-workspace-evidence/round-1-feature/files/.proof/title-edit-final/mcp-host-observations.json	operator-workspace-evidence/round-1-feature/files/.proof/title-edit-final/mcp-host-observations.json	700da452ef90b76076344db1692210290793d53af90a109bc387396074eefa8c	1412	700da452ef90b76076344db1692210290793d53af90a109bc387396074eefa8c	1412	false
examples/foundation/.proof/delivery-fd05fc1-repaired/operator-workspace-evidence/round-1-feature/files/.proof/title-edit-final/report.json	operator-workspace-evidence/round-1-feature/files/.proof/title-edit-final/report.json	8da0555658f308fd50a0c4b8b9995648147500d7d5751c1c0542850465311249	4027	8da0555658f308fd50a0c4b8b9995648147500d7d5751c1c0542850465311249	4027	false
examples/foundation/.proof/delivery-fd05fc1-repaired/operator-workspace-evidence/round-1-feature/files/.proof/title-edit-final/runtime.log	operator-workspace-evidence/round-1-feature/files/.proof/title-edit-final/runtime.log	bfb357c200959cbe331eb93eaf077fc8d4e2a45db2f94e8594f2b7d54248e940	1884	bfb357c200959cbe331eb93eaf077fc8d4e2a45db2f94e8594f2b7d54248e940	1884	false
examples/foundation/.proof/delivery-fd05fc1-repaired/operator-workspace-evidence/round-1-feature/files/.proof/title-edit-final/title-edit.png	operator-workspace-evidence/round-1-feature/files/.proof/title-edit-final/title-edit.png	4f5e5abfa5e3cde9a5f6bc31f1251b8e9fbda3de472de4a6bfcae98e9c3efebf	37793	4f5e5abfa5e3cde9a5f6bc31f1251b8e9fbda3de472de4a6bfcae98e9c3efebf	37793	false
examples/foundation/.proof/delivery-fd05fc1-repaired/operator-workspace-evidence/round-1-feature/files/.proof/title-edit-final/web-persisted.png	operator-workspace-evidence/round-1-feature/files/.proof/title-edit-final/web-persisted.png	fa38a0f65918edb54fb23a526aeab67c2cd650516a3eceda28719af962a293f7	31600	fa38a0f65918edb54fb23a526aeab67c2cd650516a3eceda28719af962a293f7	31600	false
examples/foundation/.proof/delivery-fd05fc1-repaired/operator-workspace-evidence/round-1-feature/manifest.json	operator-workspace-evidence/round-1-feature/manifest.json	7440e293e87749645ce8f197dadf6cefa8025d7430875d58412239226d83b230	28349	7440e293e87749645ce8f197dadf6cefa8025d7430875d58412239226d83b230	28349	false
examples/foundation/.proof/delivery-fd05fc1-repaired/operator-workspace-evidence/round-1-feature/versions/.astack/feature-map/work-items/README.md/f22f22985ef1a9782e4c6a9a074bd90328e7cde7644dfa3719c926410782bed5	operator-workspace-evidence/round-1-feature/versions/.astack/feature-map/work-items/README.md/f22f22985ef1a9782e4c6a9a074bd90328e7cde7644dfa3719c926410782bed5	f22f22985ef1a9782e4c6a9a074bd90328e7cde7644dfa3719c926410782bed5	383	f22f22985ef1a9782e4c6a9a074bd90328e7cde7644dfa3719c926410782bed5	383	false
examples/foundation/.proof/delivery-fd05fc1-repaired/operator-workspace-evidence/round-1-feature/versions/.astack/feature-map/work-items/work-items.md/67d6aa7c0f3843349997b2578963b437661211be34b69907978d6a2bd152aba5	operator-workspace-evidence/round-1-feature/versions/.astack/feature-map/work-items/work-items.md/67d6aa7c0f3843349997b2578963b437661211be34b69907978d6a2bd152aba5	67d6aa7c0f3843349997b2578963b437661211be34b69907978d6a2bd152aba5	1206	67d6aa7c0f3843349997b2578963b437661211be34b69907978d6a2bd152aba5	1206	false
examples/foundation/.proof/delivery-fd05fc1-repaired/operator-workspace-evidence/round-1-feature/versions/.astack/feature-map/work-items/work-items.md/ec2e7d8dbb2d4265c20230f1537c9fb7bbf8152a1dada6439881c71a06e57424	operator-workspace-evidence/round-1-feature/versions/.astack/feature-map/work-items/work-items.md/ec2e7d8dbb2d4265c20230f1537c9fb7bbf8152a1dada6439881c71a06e57424	ec2e7d8dbb2d4265c20230f1537c9fb7bbf8152a1dada6439881c71a06e57424	2172	ec2e7d8dbb2d4265c20230f1537c9fb7bbf8152a1dada6439881c71a06e57424	2172	false
examples/foundation/.proof/delivery-fd05fc1-repaired/operator-workspace-evidence/round-1-feature/versions/.astack/project.md/1bbff417fbc7e79f306da3c1a90e0158fc50bde7656d7dca1d9deadf6e50ce2b	operator-workspace-evidence/round-1-feature/versions/.astack/project.md/1bbff417fbc7e79f306da3c1a90e0158fc50bde7656d7dca1d9deadf6e50ce2b	1bbff417fbc7e79f306da3c1a90e0158fc50bde7656d7dca1d9deadf6e50ce2b	1419	1bbff417fbc7e79f306da3c1a90e0158fc50bde7656d7dca1d9deadf6e50ce2b	1419	false
examples/foundation/.proof/delivery-fd05fc1-repaired/operator-workspace-evidence/round-1-feature/versions/.astack/scaffold.json/cf1d6b534dc7990c644895e4bfd02e5dc3916af08ff9ac848ab933f5b8b7e2b7	operator-workspace-evidence/round-1-feature/versions/.astack/scaffold.json/cf1d6b534dc7990c644895e4bfd02e5dc3916af08ff9ac848ab933f5b8b7e2b7	cf1d6b534dc7990c644895e4bfd02e5dc3916af08ff9ac848ab933f5b8b7e2b7	274	cf1d6b534dc7990c644895e4bfd02e5dc3916af08ff9ac848ab933f5b8b7e2b7	274	false
examples/foundation/.proof/delivery-fd05fc1-repaired/operator-workspace-evidence/round-1-feature/versions/.proof/title-edit/mcp-app-host.png/d7646cb7425e33789b20f6289a3cddfca621cf62c29b6f200b305a191b6d9f5a	operator-workspace-evidence/round-1-feature/versions/.proof/title-edit/mcp-app-host.png/d7646cb7425e33789b20f6289a3cddfca621cf62c29b6f200b305a191b6d9f5a	d7646cb7425e33789b20f6289a3cddfca621cf62c29b6f200b305a191b6d9f5a	38487	d7646cb7425e33789b20f6289a3cddfca621cf62c29b6f200b305a191b6d9f5a	38487	false
examples/foundation/.proof/delivery-fd05fc1-repaired/operator-workspace-evidence/round-1-feature/versions/.proof/title-edit/mcp-host-observations.json/4bb89e45a880b5a6d5e9a7f6d3351bedb5d926ba368010531b58079d2c4585b4	operator-workspace-evidence/round-1-feature/versions/.proof/title-edit/mcp-host-observations.json/4bb89e45a880b5a6d5e9a7f6d3351bedb5d926ba368010531b58079d2c4585b4	4bb89e45a880b5a6d5e9a7f6d3351bedb5d926ba368010531b58079d2c4585b4	1412	4bb89e45a880b5a6d5e9a7f6d3351bedb5d926ba368010531b58079d2c4585b4	1412	false
examples/foundation/.proof/delivery-fd05fc1-repaired/operator-workspace-evidence/round-1-feature/versions/.proof/title-edit/report.json/bc9ed358da1c780127054da26e84b4fbffd69027ac9ed88f0830659089f96ec3	operator-workspace-evidence/round-1-feature/versions/.proof/title-edit/report.json/bc9ed358da1c780127054da26e84b4fbffd69027ac9ed88f0830659089f96ec3	bc9ed358da1c780127054da26e84b4fbffd69027ac9ed88f0830659089f96ec3	4027	bc9ed358da1c780127054da26e84b4fbffd69027ac9ed88f0830659089f96ec3	4027	false
examples/foundation/.proof/delivery-fd05fc1-repaired/operator-workspace-evidence/round-1-feature/versions/.proof/title-edit/runtime.log/6670f7036638c2b0b7a23df9931cba4deda494fa3f430b9ad7a3b662c5d93dfb	operator-workspace-evidence/round-1-feature/versions/.proof/title-edit/runtime.log/6670f7036638c2b0b7a23df9931cba4deda494fa3f430b9ad7a3b662c5d93dfb	6670f7036638c2b0b7a23df9931cba4deda494fa3f430b9ad7a3b662c5d93dfb	1974	6670f7036638c2b0b7a23df9931cba4deda494fa3f430b9ad7a3b662c5d93dfb	1974	false
examples/foundation/.proof/delivery-fd05fc1-repaired/operator-workspace-evidence/round-1-feature/versions/.proof/title-edit/title-edit.png/039aa9eb5bf2766aa474fa2932f33e86b9913872372c8e6007385d1dcf7a364d	operator-workspace-evidence/round-1-feature/versions/.proof/title-edit/title-edit.png/039aa9eb5bf2766aa474fa2932f33e86b9913872372c8e6007385d1dcf7a364d	039aa9eb5bf2766aa474fa2932f33e86b9913872372c8e6007385d1dcf7a364d	32820	039aa9eb5bf2766aa474fa2932f33e86b9913872372c8e6007385d1dcf7a364d	32820	false
examples/foundation/.proof/delivery-fd05fc1-repaired/operator-workspace-evidence/round-1-feature/versions/.proof/title-edit/web-persisted.png/38009a9b90ad315d3cea8de3ebd8605431d7a81e30a8c61ccaca9e97228c3394	operator-workspace-evidence/round-1-feature/versions/.proof/title-edit/web-persisted.png/38009a9b90ad315d3cea8de3ebd8605431d7a81e30a8c61ccaca9e97228c3394	38009a9b90ad315d3cea8de3ebd8605431d7a81e30a8c61ccaca9e97228c3394	31421	38009a9b90ad315d3cea8de3ebd8605431d7a81e30a8c61ccaca9e97228c3394	31421	false
examples/foundation/.proof/delivery-fd05fc1-repaired/operator-workspace-evidence/round-1-feature/versions/.proof/title-edit-baseline/mcp-app-host.png/0aa7a9e65d8151de7a3c70e40a0116e1f731226a078f58d43b6dcb6adcb01d69	operator-workspace-evidence/round-1-feature/versions/.proof/title-edit-baseline/mcp-app-host.png/0aa7a9e65d8151de7a3c70e40a0116e1f731226a078f58d43b6dcb6adcb01d69	0aa7a9e65d8151de7a3c70e40a0116e1f731226a078f58d43b6dcb6adcb01d69	38465	0aa7a9e65d8151de7a3c70e40a0116e1f731226a078f58d43b6dcb6adcb01d69	38465	false
examples/foundation/.proof/delivery-fd05fc1-repaired/operator-workspace-evidence/round-1-feature/versions/.proof/title-edit-baseline/mcp-host-observations.json/64a087391ec59cf52d05af1d91831e1c27340466b9a2ef761bcf212a15e60c47	operator-workspace-evidence/round-1-feature/versions/.proof/title-edit-baseline/mcp-host-observations.json/64a087391ec59cf52d05af1d91831e1c27340466b9a2ef761bcf212a15e60c47	64a087391ec59cf52d05af1d91831e1c27340466b9a2ef761bcf212a15e60c47	1412	64a087391ec59cf52d05af1d91831e1c27340466b9a2ef761bcf212a15e60c47	1412	false
examples/foundation/.proof/delivery-fd05fc1-repaired/operator-workspace-evidence/round-1-feature/versions/.proof/title-edit-baseline/report.json/59db74aa735ee214313053a0411c9c9f37e937f0f67d16bea6921605d02cdcfa	operator-workspace-evidence/round-1-feature/versions/.proof/title-edit-baseline/report.json/59db74aa735ee214313053a0411c9c9f37e937f0f67d16bea6921605d02cdcfa	59db74aa735ee214313053a0411c9c9f37e937f0f67d16bea6921605d02cdcfa	3152	59db74aa735ee214313053a0411c9c9f37e937f0f67d16bea6921605d02cdcfa	3152	false
examples/foundation/.proof/delivery-fd05fc1-repaired/operator-workspace-evidence/round-1-feature/versions/.proof/title-edit-baseline/runtime.log/d45c679f348c407b28e48f8bca8ca49df6f6902508551951d10c801e17539d10	operator-workspace-evidence/round-1-feature/versions/.proof/title-edit-baseline/runtime.log/d45c679f348c407b28e48f8bca8ca49df6f6902508551951d10c801e17539d10	d45c679f348c407b28e48f8bca8ca49df6f6902508551951d10c801e17539d10	1975	d45c679f348c407b28e48f8bca8ca49df6f6902508551951d10c801e17539d10	1975	false
examples/foundation/.proof/delivery-fd05fc1-repaired/operator-workspace-evidence/round-1-feature/versions/.proof/title-edit-baseline/web-persisted.png/1a89976efe04a247940c0be3760ef8fd33f2cdc26fd200dde8a4d99229973bed	operator-workspace-evidence/round-1-feature/versions/.proof/title-edit-baseline/web-persisted.png/1a89976efe04a247940c0be3760ef8fd33f2cdc26fd200dde8a4d99229973bed	1a89976efe04a247940c0be3760ef8fd33f2cdc26fd200dde8a4d99229973bed	31675	1a89976efe04a247940c0be3760ef8fd33f2cdc26fd200dde8a4d99229973bed	31675	false
examples/foundation/.proof/delivery-fd05fc1-repaired/operator-workspace-evidence/round-1-feature/versions/.proof/title-edit-final/mcp-app-host.png/2af538358d99f371992625b88fa748afcb7d16a8d4b9bd2dba0333ab38509c49	operator-workspace-evidence/round-1-feature/versions/.proof/title-edit-final/mcp-app-host.png/2af538358d99f371992625b88fa748afcb7d16a8d4b9bd2dba0333ab38509c49	2af538358d99f371992625b88fa748afcb7d16a8d4b9bd2dba0333ab38509c49	38310	2af538358d99f371992625b88fa748afcb7d16a8d4b9bd2dba0333ab38509c49	38310	false
examples/foundation/.proof/delivery-fd05fc1-repaired/operator-workspace-evidence/round-1-feature/versions/.proof/title-edit-final/mcp-host-observations.json/700da452ef90b76076344db1692210290793d53af90a109bc387396074eefa8c	operator-workspace-evidence/round-1-feature/versions/.proof/title-edit-final/mcp-host-observations.json/700da452ef90b76076344db1692210290793d53af90a109bc387396074eefa8c	700da452ef90b76076344db1692210290793d53af90a109bc387396074eefa8c	1412	700da452ef90b76076344db1692210290793d53af90a109bc387396074eefa8c	1412	false
examples/foundation/.proof/delivery-fd05fc1-repaired/operator-workspace-evidence/round-1-feature/versions/.proof/title-edit-final/report.json/8da0555658f308fd50a0c4b8b9995648147500d7d5751c1c0542850465311249	operator-workspace-evidence/round-1-feature/versions/.proof/title-edit-final/report.json/8da0555658f308fd50a0c4b8b9995648147500d7d5751c1c0542850465311249	8da0555658f308fd50a0c4b8b9995648147500d7d5751c1c0542850465311249	4027	8da0555658f308fd50a0c4b8b9995648147500d7d5751c1c0542850465311249	4027	false
examples/foundation/.proof/delivery-fd05fc1-repaired/operator-workspace-evidence/round-1-feature/versions/.proof/title-edit-final/runtime.log/bfb357c200959cbe331eb93eaf077fc8d4e2a45db2f94e8594f2b7d54248e940	operator-workspace-evidence/round-1-feature/versions/.proof/title-edit-final/runtime.log/bfb357c200959cbe331eb93eaf077fc8d4e2a45db2f94e8594f2b7d54248e940	bfb357c200959cbe331eb93eaf077fc8d4e2a45db2f94e8594f2b7d54248e940	1884	bfb357c200959cbe331eb93eaf077fc8d4e2a45db2f94e8594f2b7d54248e940	1884	false
examples/foundation/.proof/delivery-fd05fc1-repaired/operator-workspace-evidence/round-1-feature/versions/.proof/title-edit-final/title-edit.png/4f5e5abfa5e3cde9a5f6bc31f1251b8e9fbda3de472de4a6bfcae98e9c3efebf	operator-workspace-evidence/round-1-feature/versions/.proof/title-edit-final/title-edit.png/4f5e5abfa5e3cde9a5f6bc31f1251b8e9fbda3de472de4a6bfcae98e9c3efebf	4f5e5abfa5e3cde9a5f6bc31f1251b8e9fbda3de472de4a6bfcae98e9c3efebf	37793	4f5e5abfa5e3cde9a5f6bc31f1251b8e9fbda3de472de4a6bfcae98e9c3efebf	37793	false
examples/foundation/.proof/delivery-fd05fc1-repaired/operator-workspace-evidence/round-1-feature/versions/.proof/title-edit-final/web-persisted.png/fa38a0f65918edb54fb23a526aeab67c2cd650516a3eceda28719af962a293f7	operator-workspace-evidence/round-1-feature/versions/.proof/title-edit-final/web-persisted.png/fa38a0f65918edb54fb23a526aeab67c2cd650516a3eceda28719af962a293f7	fa38a0f65918edb54fb23a526aeab67c2cd650516a3eceda28719af962a293f7	31600	fa38a0f65918edb54fb23a526aeab67c2cd650516a3eceda28719af962a293f7	31600	false
examples/foundation/.proof/delivery-fd05fc1-repaired/operator-workspace-evidence/round-2-bug/files/.astack/feature-map/work-items/README.md	operator-workspace-evidence/round-2-bug/files/.astack/feature-map/work-items/README.md	f22f22985ef1a9782e4c6a9a074bd90328e7cde7644dfa3719c926410782bed5	383	f22f22985ef1a9782e4c6a9a074bd90328e7cde7644dfa3719c926410782bed5	383	false
examples/foundation/.proof/delivery-fd05fc1-repaired/operator-workspace-evidence/round-2-bug/files/.astack/feature-map/work-items/work-items.md	operator-workspace-evidence/round-2-bug/files/.astack/feature-map/work-items/work-items.md	67d6aa7c0f3843349997b2578963b437661211be34b69907978d6a2bd152aba5	1206	67d6aa7c0f3843349997b2578963b437661211be34b69907978d6a2bd152aba5	1206	false
examples/foundation/.proof/delivery-fd05fc1-repaired/operator-workspace-evidence/round-2-bug/files/.astack/project.md	operator-workspace-evidence/round-2-bug/files/.astack/project.md	1bbff417fbc7e79f306da3c1a90e0158fc50bde7656d7dca1d9deadf6e50ce2b	1419	1bbff417fbc7e79f306da3c1a90e0158fc50bde7656d7dca1d9deadf6e50ce2b	1419	false
examples/foundation/.proof/delivery-fd05fc1-repaired/operator-workspace-evidence/round-2-bug/files/.astack/scaffold.json	operator-workspace-evidence/round-2-bug/files/.astack/scaffold.json	cf1d6b534dc7990c644895e4bfd02e5dc3916af08ff9ac848ab933f5b8b7e2b7	274	cf1d6b534dc7990c644895e4bfd02e5dc3916af08ff9ac848ab933f5b8b7e2b7	274	false
examples/foundation/.proof/delivery-fd05fc1-repaired/operator-workspace-evidence/round-2-bug/manifest.json	operator-workspace-evidence/round-2-bug/manifest.json	6866902da8ee9d7b2b1a024e05fe1b9760985c8cf5418efa4e199471e60a207b	6342	6866902da8ee9d7b2b1a024e05fe1b9760985c8cf5418efa4e199471e60a207b	6342	false
examples/foundation/.proof/delivery-fd05fc1-repaired/operator-workspace-evidence/round-2-bug/versions/.astack/feature-map/work-items/README.md/f22f22985ef1a9782e4c6a9a074bd90328e7cde7644dfa3719c926410782bed5	operator-workspace-evidence/round-2-bug/versions/.astack/feature-map/work-items/README.md/f22f22985ef1a9782e4c6a9a074bd90328e7cde7644dfa3719c926410782bed5	f22f22985ef1a9782e4c6a9a074bd90328e7cde7644dfa3719c926410782bed5	383	f22f22985ef1a9782e4c6a9a074bd90328e7cde7644dfa3719c926410782bed5	383	false
examples/foundation/.proof/delivery-fd05fc1-repaired/operator-workspace-evidence/round-2-bug/versions/.astack/feature-map/work-items/work-items.md/67d6aa7c0f3843349997b2578963b437661211be34b69907978d6a2bd152aba5	operator-workspace-evidence/round-2-bug/versions/.astack/feature-map/work-items/work-items.md/67d6aa7c0f3843349997b2578963b437661211be34b69907978d6a2bd152aba5	67d6aa7c0f3843349997b2578963b437661211be34b69907978d6a2bd152aba5	1206	67d6aa7c0f3843349997b2578963b437661211be34b69907978d6a2bd152aba5	1206	false
examples/foundation/.proof/delivery-fd05fc1-repaired/operator-workspace-evidence/round-2-bug/versions/.astack/project.md/1bbff417fbc7e79f306da3c1a90e0158fc50bde7656d7dca1d9deadf6e50ce2b	operator-workspace-evidence/round-2-bug/versions/.astack/project.md/1bbff417fbc7e79f306da3c1a90e0158fc50bde7656d7dca1d9deadf6e50ce2b	1bbff417fbc7e79f306da3c1a90e0158fc50bde7656d7dca1d9deadf6e50ce2b	1419	1bbff417fbc7e79f306da3c1a90e0158fc50bde7656d7dca1d9deadf6e50ce2b	1419	false
examples/foundation/.proof/delivery-fd05fc1-repaired/operator-workspace-evidence/round-2-bug/versions/.astack/scaffold.json/cf1d6b534dc7990c644895e4bfd02e5dc3916af08ff9ac848ab933f5b8b7e2b7	operator-workspace-evidence/round-2-bug/versions/.astack/scaffold.json/cf1d6b534dc7990c644895e4bfd02e5dc3916af08ff9ac848ab933f5b8b7e2b7	cf1d6b534dc7990c644895e4bfd02e5dc3916af08ff9ac848ab933f5b8b7e2b7	274	cf1d6b534dc7990c644895e4bfd02e5dc3916af08ff9ac848ab933f5b8b7e2b7	274	false
examples/foundation/.proof/delivery-fd05fc1-repaired/operator-workspace-evidence/round-2-creation/files/.astack/creation/README.md	operator-workspace-evidence/round-2-creation/files/.astack/creation/README.md	740a4d5465e6dd690cafdcfde59ae8d45fceccd01f526bf6847d8d6f457e0106	7575	740a4d5465e6dd690cafdcfde59ae8d45fceccd01f526bf6847d8d6f457e0106	7575	false
examples/foundation/.proof/delivery-fd05fc1-repaired/operator-workspace-evidence/round-2-creation/files/.astack/creation/artifacts.sha256	operator-workspace-evidence/round-2-creation/files/.astack/creation/artifacts.sha256	0d31178570f192028d266c34d78801cdfd547961860e8310860ae16a8f07b43a	3174	0d31178570f192028d266c34d78801cdfd547961860e8310860ae16a8f07b43a	3174	false
examples/foundation/.proof/delivery-fd05fc1-repaired/operator-workspace-evidence/round-2-creation/files/.astack/creation/evidence/affected.json	operator-workspace-evidence/round-2-creation/files/.astack/creation/evidence/affected.json	79574400b2d874b1ad052920d00e5c31e28dfb92aa37fda08bff751dcf8ad778	208	79574400b2d874b1ad052920d00e5c31e28dfb92aa37fda08bff751dcf8ad778	208	false
examples/foundation/.proof/delivery-fd05fc1-repaired/operator-workspace-evidence/round-2-creation/files/.astack/creation/evidence/affected.log	operator-workspace-evidence/round-2-creation/files/.astack/creation/evidence/affected.log	73e387aa3748962e631816f2f0b20f56370e720f5bbe2e6c6f2551223de5f4e0	4825	73e387aa3748962e631816f2f0b20f56370e720f5bbe2e6c6f2551223de5f4e0	4825	false
examples/foundation/.proof/delivery-fd05fc1-repaired/operator-workspace-evidence/round-2-creation/files/.astack/creation/evidence/check-ci.json	operator-workspace-evidence/round-2-creation/files/.astack/creation/evidence/check-ci.json	7b71eeaf77ba259a2ddb51514fec3f3f4d78977f57b30b39882b24dc3fcfa2a4	129	7b71eeaf77ba259a2ddb51514fec3f3f4d78977f57b30b39882b24dc3fcfa2a4	129	false
examples/foundation/.proof/delivery-fd05fc1-repaired/operator-workspace-evidence/round-2-creation/files/.astack/creation/evidence/cleanup-observations.json	operator-workspace-evidence/round-2-creation/files/.astack/creation/evidence/cleanup-observations.json	089f417222219945e758bd0985f51a65215e9f84496df94dbe5401d34b7212a1	818	089f417222219945e758bd0985f51a65215e9f84496df94dbe5401d34b7212a1	818	false
examples/foundation/.proof/delivery-fd05fc1-repaired/operator-workspace-evidence/round-2-creation/files/.astack/creation/evidence/control-help.log	operator-workspace-evidence/round-2-creation/files/.astack/creation/evidence/control-help.log	690ef73f37a8de290ffccd3e4870e439ba9b7381c591e333625f8f7d49dc3b0e	481	690ef73f37a8de290ffccd3e4870e439ba9b7381c591e333625f8f7d49dc3b0e	481	false
examples/foundation/.proof/delivery-fd05fc1-repaired/operator-workspace-evidence/round-2-creation/files/.astack/creation/evidence/doctor-final.json	operator-workspace-evidence/round-2-creation/files/.astack/creation/evidence/doctor-final.json	38d1a4a240f72c38871c1fd91146841c9ac8148fdcd4851fb664bd1281a7c4bd	832	38d1a4a240f72c38871c1fd91146841c9ac8148fdcd4851fb664bd1281a7c4bd	832	false
examples/foundation/.proof/delivery-fd05fc1-repaired/operator-workspace-evidence/round-2-creation/files/.astack/creation/evidence/doctor-node24.json	operator-workspace-evidence/round-2-creation/files/.astack/creation/evidence/doctor-node24.json	5a6c55dc2e8ce3edf50df4f90297b2bb272a2eedf0d4650183fb58c295767848	832	5a6c55dc2e8ce3edf50df4f90297b2bb272a2eedf0d4650183fb58c295767848	832	false
examples/foundation/.proof/delivery-fd05fc1-repaired/operator-workspace-evidence/round-2-creation/files/.astack/creation/evidence/enforcement-report.json	operator-workspace-evidence/round-2-creation/files/.astack/creation/evidence/enforcement-report.json	3bd8653d4e3641d959b00c1908b09504627b8d082f1f42f1355699a7ecec2171	2795	3bd8653d4e3641d959b00c1908b09504627b8d082f1f42f1355699a7ecec2171	2795	false
examples/foundation/.proof/delivery-fd05fc1-repaired/operator-workspace-evidence/round-2-creation/files/.astack/creation/evidence/enforcement.json	operator-workspace-evidence/round-2-creation/files/.astack/creation/evidence/enforcement.json	355382badeed0b1c3eb4d79af6c2431bb61e1cd5c9c9e3826bd900d01469bf1c	183	355382badeed0b1c3eb4d79af6c2431bb61e1cd5c9c9e3826bd900d01469bf1c	183	false
examples/foundation/.proof/delivery-fd05fc1-repaired/operator-workspace-evidence/round-2-creation/files/.astack/creation/evidence/enforcement.log	operator-workspace-evidence/round-2-creation/files/.astack/creation/evidence/enforcement.log	1ca0831c377c54b0c0e2570de2cf39441957bc8ff8a6653cf358c1b398a384a0	2579	1ca0831c377c54b0c0e2570de2cf39441957bc8ff8a6653cf358c1b398a384a0	2579	false
examples/foundation/.proof/delivery-fd05fc1-repaired/operator-workspace-evidence/round-2-creation/files/.astack/creation/evidence/frozen-install.log	operator-workspace-evidence/round-2-creation/files/.astack/creation/evidence/frozen-install.log	50e621d0c62cccff4f7855f7fa2c18639cf268e1d211304951033e4ecfb53299	209	50e621d0c62cccff4f7855f7fa2c18639cf268e1d211304951033e4ecfb53299	209	false
examples/foundation/.proof/delivery-fd05fc1-repaired/operator-workspace-evidence/round-2-creation/files/.astack/creation/evidence/git-whitespace-before.json	operator-workspace-evidence/round-2-creation/files/.astack/creation/evidence/git-whitespace-before.json	ee8d9cc373c07a1dbab5d9b989cc13d253ad09850fb8901d779000c5ff57b47d	764	ee8d9cc373c07a1dbab5d9b989cc13d253ad09850fb8901d779000c5ff57b47d	764	false
examples/foundation/.proof/delivery-fd05fc1-repaired/operator-workspace-evidence/round-2-creation/files/.astack/creation/evidence/quick.json	operator-workspace-evidence/round-2-creation/files/.astack/creation/evidence/quick.json	7f05c825657c59405aaa2343be69064842bc509c1bb25bf6934a687a6df38f39	322	7f05c825657c59405aaa2343be69064842bc509c1bb25bf6934a687a6df38f39	322	false
examples/foundation/.proof/delivery-fd05fc1-repaired/operator-workspace-evidence/round-2-creation/files/.astack/creation/evidence/quick.log	operator-workspace-evidence/round-2-creation/files/.astack/creation/evidence/quick.log	0d31f8746351f909e18f96e4b377e259424ac9d06bc33d6f7e0ba3e34a56f15d	344	0d31f8746351f909e18f96e4b377e259424ac9d06bc33d6f7e0ba3e34a56f15d	344	false
examples/foundation/.proof/delivery-fd05fc1-repaired/operator-workspace-evidence/round-2-creation/files/.astack/creation/evidence/readiness/mcp-app-host.png	operator-workspace-evidence/round-2-creation/files/.astack/creation/evidence/readiness/mcp-app-host.png	61cc2a3fedba5244d1f4516723a630f337c2206f2c6b5b215d0b5cb34a3496e5	38543	61cc2a3fedba5244d1f4516723a630f337c2206f2c6b5b215d0b5cb34a3496e5	38543	false
examples/foundation/.proof/delivery-fd05fc1-repaired/operator-workspace-evidence/round-2-creation/files/.astack/creation/evidence/readiness/mcp-host-observations.json	operator-workspace-evidence/round-2-creation/files/.astack/creation/evidence/readiness/mcp-host-observations.json	17eda6ca5044c4b0568cf1df6194a17e89cf6012491e6867d6afd2d22e572fc6	1412	17eda6ca5044c4b0568cf1df6194a17e89cf6012491e6867d6afd2d22e572fc6	1412	false
examples/foundation/.proof/delivery-fd05fc1-repaired/operator-workspace-evidence/round-2-creation/files/.astack/creation/evidence/readiness/report.json	operator-workspace-evidence/round-2-creation/files/.astack/creation/evidence/readiness/report.json	f718084c9cdaf813e0eb2b8cb77bbfc8894ecc3efabe9201d75d42fbd09286ad	3152	f718084c9cdaf813e0eb2b8cb77bbfc8894ecc3efabe9201d75d42fbd09286ad	3152	false
examples/foundation/.proof/delivery-fd05fc1-repaired/operator-workspace-evidence/round-2-creation/files/.astack/creation/evidence/readiness/runtime.log	operator-workspace-evidence/round-2-creation/files/.astack/creation/evidence/readiness/runtime.log	ffb5a56ec34aeb9079f9a2acd5a31cb71e2f818e8ba7ec3c8cc850b9cc047f84	1883	ffb5a56ec34aeb9079f9a2acd5a31cb71e2f818e8ba7ec3c8cc850b9cc047f84	1883	false
examples/foundation/.proof/delivery-fd05fc1-repaired/operator-workspace-evidence/round-2-creation/files/.astack/creation/evidence/readiness/web-persisted.png	operator-workspace-evidence/round-2-creation/files/.astack/creation/evidence/readiness/web-persisted.png	ea313b9216565c77043acae529557806079eb9f776a15c8affea4549d1762cd0	30906	ea313b9216565c77043acae529557806079eb9f776a15c8affea4549d1762cd0	30906	false
examples/foundation/.proof/delivery-fd05fc1-repaired/operator-workspace-evidence/round-2-creation/files/.astack/creation/evidence/readiness-cli.log	operator-workspace-evidence/round-2-creation/files/.astack/creation/evidence/readiness-cli.log	f718084c9cdaf813e0eb2b8cb77bbfc8894ecc3efabe9201d75d42fbd09286ad	3152	f718084c9cdaf813e0eb2b8cb77bbfc8894ecc3efabe9201d75d42fbd09286ad	3152	false
examples/foundation/.proof/delivery-fd05fc1-repaired/operator-workspace-evidence/round-2-creation/files/.astack/creation/evidence/readiness-command.json	operator-workspace-evidence/round-2-creation/files/.astack/creation/evidence/readiness-command.json	fbc338052e374e8c6be80b93c2c4362d3119dff75ebbf979e84cf616572fd6e9	286	fbc338052e374e8c6be80b93c2c4362d3119dff75ebbf979e84cf616572fd6e9	286	false
examples/foundation/.proof/delivery-fd05fc1-repaired/operator-workspace-evidence/round-2-creation/files/.astack/creation/evidence/readiness-project-script/mcp-app-host.png	operator-workspace-evidence/round-2-creation/files/.astack/creation/evidence/readiness-project-script/mcp-app-host.png	547ceecb69fbfdd33b14bb3edaf8d453d903dfd3e9c80658597abce850ae4bca	38658	547ceecb69fbfdd33b14bb3edaf8d453d903dfd3e9c80658597abce850ae4bca	38658	false
examples/foundation/.proof/delivery-fd05fc1-repaired/operator-workspace-evidence/round-2-creation/files/.astack/creation/evidence/readiness-project-script/mcp-host-observations.json	operator-workspace-evidence/round-2-creation/files/.astack/creation/evidence/readiness-project-script/mcp-host-observations.json	ffc682b1d0cf021a9621ab7fad8dc0f7e5004805244019dd74dca70f328e98e4	1412	ffc682b1d0cf021a9621ab7fad8dc0f7e5004805244019dd74dca70f328e98e4	1412	false
examples/foundation/.proof/delivery-fd05fc1-repaired/operator-workspace-evidence/round-2-creation/files/.astack/creation/evidence/readiness-project-script/report.json	operator-workspace-evidence/round-2-creation/files/.astack/creation/evidence/readiness-project-script/report.json	144c1cb957d9d445b870b7b53dea0571aa95ca4e68cd1d17d0992bd6fb58d85f	3152	144c1cb957d9d445b870b7b53dea0571aa95ca4e68cd1d17d0992bd6fb58d85f	3152	false
examples/foundation/.proof/delivery-fd05fc1-repaired/operator-workspace-evidence/round-2-creation/files/.astack/creation/evidence/readiness-project-script/runtime.log	operator-workspace-evidence/round-2-creation/files/.astack/creation/evidence/readiness-project-script/runtime.log	07d8599ea802a66430c988abae9d791a3feec25ce06799ed30210fd9e545fa6a	1975	07d8599ea802a66430c988abae9d791a3feec25ce06799ed30210fd9e545fa6a	1975	false
examples/foundation/.proof/delivery-fd05fc1-repaired/operator-workspace-evidence/round-2-creation/files/.astack/creation/evidence/readiness-project-script/web-persisted.png	operator-workspace-evidence/round-2-creation/files/.astack/creation/evidence/readiness-project-script/web-persisted.png	cdb3e3ad3f0c0f481562b46b19831860b1bda1f1c6b6c368a56ea58f581cefc2	31226	cdb3e3ad3f0c0f481562b46b19831860b1bda1f1c6b6c368a56ea58f581cefc2	31226	false
examples/foundation/.proof/delivery-fd05fc1-repaired/operator-workspace-evidence/round-2-creation/files/.astack/creation/evidence/readiness-project-script-command.json	operator-workspace-evidence/round-2-creation/files/.astack/creation/evidence/readiness-project-script-command.json	647207d1585daef8610ae1fc4f1dc0d12314ce8c488089f784669cbbf50cf2ed	260	647207d1585daef8610ae1fc4f1dc0d12314ce8c488089f784669cbbf50cf2ed	260	false
examples/foundation/.proof/delivery-fd05fc1-repaired/operator-workspace-evidence/round-2-creation/files/.astack/creation/evidence/readiness-project-script.log	operator-workspace-evidence/round-2-creation/files/.astack/creation/evidence/readiness-project-script.log	ac2c7f2de1642489238c994ec757c3465ab626c9220e55a77d3b046838cf8356	3244	ac2c7f2de1642489238c994ec757c3465ab626c9220e55a77d3b046838cf8356	3244	false
examples/foundation/.proof/delivery-fd05fc1-repaired/operator-workspace-evidence/round-2-creation/files/.astack/creation/evidence/sanitization.json	operator-workspace-evidence/round-2-creation/files/.astack/creation/evidence/sanitization.json	a9b51bad679530393359343245087393c2cb5b2fc6c0f4dcf4b9f8ee11be261b	1483	a9b51bad679530393359343245087393c2cb5b2fc6c0f4dcf4b9f8ee11be261b	1483	false
examples/foundation/.proof/delivery-fd05fc1-repaired/operator-workspace-evidence/round-2-creation/files/.astack/creation/evidence/scaffold-install.json	operator-workspace-evidence/round-2-creation/files/.astack/creation/evidence/scaffold-install.json	93149079a388d6958bafff0be408ef3fd1dde4a002586d2fc2d521dbf80c6dec	745	93149079a388d6958bafff0be408ef3fd1dde4a002586d2fc2d521dbf80c6dec	745	false
examples/foundation/.proof/delivery-fd05fc1-repaired/operator-workspace-evidence/round-2-creation/files/app/.astack/feature-map/work-items/README.md	operator-workspace-evidence/round-2-creation/files/app/.astack/feature-map/work-items/README.md	f22f22985ef1a9782e4c6a9a074bd90328e7cde7644dfa3719c926410782bed5	383	f22f22985ef1a9782e4c6a9a074bd90328e7cde7644dfa3719c926410782bed5	383	false
examples/foundation/.proof/delivery-fd05fc1-repaired/operator-workspace-evidence/round-2-creation/files/app/.astack/feature-map/work-items/work-items.md	operator-workspace-evidence/round-2-creation/files/app/.astack/feature-map/work-items/work-items.md	67d6aa7c0f3843349997b2578963b437661211be34b69907978d6a2bd152aba5	1206	67d6aa7c0f3843349997b2578963b437661211be34b69907978d6a2bd152aba5	1206	false
examples/foundation/.proof/delivery-fd05fc1-repaired/operator-workspace-evidence/round-2-creation/files/app/.astack/project.md	operator-workspace-evidence/round-2-creation/files/app/.astack/project.md	a8930e8f37135c1619bf24928099c265d2b9b3db2f8005399d69ee0030ad6b3f	3398	a8930e8f37135c1619bf24928099c265d2b9b3db2f8005399d69ee0030ad6b3f	3398	false
examples/foundation/.proof/delivery-fd05fc1-repaired/operator-workspace-evidence/round-2-creation/files/app/.astack/scaffold.json	operator-workspace-evidence/round-2-creation/files/app/.astack/scaffold.json	cf1d6b534dc7990c644895e4bfd02e5dc3916af08ff9ac848ab933f5b8b7e2b7	274	cf1d6b534dc7990c644895e4bfd02e5dc3916af08ff9ac848ab933f5b8b7e2b7	274	false
examples/foundation/.proof/delivery-fd05fc1-repaired/operator-workspace-evidence/round-2-creation/files/app/.proof/enforcement/report.json	operator-workspace-evidence/round-2-creation/files/app/.proof/enforcement/report.json	3bd8653d4e3641d959b00c1908b09504627b8d082f1f42f1355699a7ecec2171	2795	3bd8653d4e3641d959b00c1908b09504627b8d082f1f42f1355699a7ecec2171	2795	false
examples/foundation/.proof/delivery-fd05fc1-repaired/operator-workspace-evidence/round-2-creation/manifest.json	operator-workspace-evidence/round-2-creation/manifest.json	b2510e630756338a64627df5d6bfd415d773d1292e628f83657d018b1ca6e9aa	56418	b2510e630756338a64627df5d6bfd415d773d1292e628f83657d018b1ca6e9aa	56418	false
examples/foundation/.proof/delivery-fd05fc1-repaired/operator-workspace-evidence/round-2-creation/versions/.astack/creation/README.md/740a4d5465e6dd690cafdcfde59ae8d45fceccd01f526bf6847d8d6f457e0106	operator-workspace-evidence/round-2-creation/versions/.astack/creation/README.md/740a4d5465e6dd690cafdcfde59ae8d45fceccd01f526bf6847d8d6f457e0106	740a4d5465e6dd690cafdcfde59ae8d45fceccd01f526bf6847d8d6f457e0106	7575	740a4d5465e6dd690cafdcfde59ae8d45fceccd01f526bf6847d8d6f457e0106	7575	false
examples/foundation/.proof/delivery-fd05fc1-repaired/operator-workspace-evidence/round-2-creation/versions/.astack/creation/README.md/7e06c2aa2fff2e298f358a269ef8a8963f2b3b9f9d0c1776a3c9d187cfac6fba	operator-workspace-evidence/round-2-creation/versions/.astack/creation/README.md/7e06c2aa2fff2e298f358a269ef8a8963f2b3b9f9d0c1776a3c9d187cfac6fba	7e06c2aa2fff2e298f358a269ef8a8963f2b3b9f9d0c1776a3c9d187cfac6fba	5990	7e06c2aa2fff2e298f358a269ef8a8963f2b3b9f9d0c1776a3c9d187cfac6fba	5990	false
examples/foundation/.proof/delivery-fd05fc1-repaired/operator-workspace-evidence/round-2-creation/versions/.astack/creation/README.md/f741c69f1c6e965e50976b61113c73dbbdf0e96d5abff6b8667dd51d5a6f19c0	operator-workspace-evidence/round-2-creation/versions/.astack/creation/README.md/f741c69f1c6e965e50976b61113c73dbbdf0e96d5abff6b8667dd51d5a6f19c0	f741c69f1c6e965e50976b61113c73dbbdf0e96d5abff6b8667dd51d5a6f19c0	7494	f741c69f1c6e965e50976b61113c73dbbdf0e96d5abff6b8667dd51d5a6f19c0	7494	false
examples/foundation/.proof/delivery-fd05fc1-repaired/operator-workspace-evidence/round-2-creation/versions/.astack/creation/artifacts.sha256/0d31178570f192028d266c34d78801cdfd547961860e8310860ae16a8f07b43a	operator-workspace-evidence/round-2-creation/versions/.astack/creation/artifacts.sha256/0d31178570f192028d266c34d78801cdfd547961860e8310860ae16a8f07b43a	0d31178570f192028d266c34d78801cdfd547961860e8310860ae16a8f07b43a	3174	0d31178570f192028d266c34d78801cdfd547961860e8310860ae16a8f07b43a	3174	false
examples/foundation/.proof/delivery-fd05fc1-repaired/operator-workspace-evidence/round-2-creation/versions/.astack/creation/artifacts.sha256/b89a73f56b826f2cbeefa358dcd0fb68b5c32aceaf56072beed6753d24569d3c	operator-workspace-evidence/round-2-creation/versions/.astack/creation/artifacts.sha256/b89a73f56b826f2cbeefa358dcd0fb68b5c32aceaf56072beed6753d24569d3c	b89a73f56b826f2cbeefa358dcd0fb68b5c32aceaf56072beed6753d24569d3c	3072	b89a73f56b826f2cbeefa358dcd0fb68b5c32aceaf56072beed6753d24569d3c	3072	false
examples/foundation/.proof/delivery-fd05fc1-repaired/operator-workspace-evidence/round-2-creation/versions/.astack/creation/evidence/affected.json/79574400b2d874b1ad052920d00e5c31e28dfb92aa37fda08bff751dcf8ad778	operator-workspace-evidence/round-2-creation/versions/.astack/creation/evidence/affected.json/79574400b2d874b1ad052920d00e5c31e28dfb92aa37fda08bff751dcf8ad778	79574400b2d874b1ad052920d00e5c31e28dfb92aa37fda08bff751dcf8ad778	208	79574400b2d874b1ad052920d00e5c31e28dfb92aa37fda08bff751dcf8ad778	208	false
examples/foundation/.proof/delivery-fd05fc1-repaired/operator-workspace-evidence/round-2-creation/versions/.astack/creation/evidence/affected.log/73e387aa3748962e631816f2f0b20f56370e720f5bbe2e6c6f2551223de5f4e0	operator-workspace-evidence/round-2-creation/versions/.astack/creation/evidence/affected.log/73e387aa3748962e631816f2f0b20f56370e720f5bbe2e6c6f2551223de5f4e0	73e387aa3748962e631816f2f0b20f56370e720f5bbe2e6c6f2551223de5f4e0	4825	73e387aa3748962e631816f2f0b20f56370e720f5bbe2e6c6f2551223de5f4e0	4825	false
examples/foundation/.proof/delivery-fd05fc1-repaired/operator-workspace-evidence/round-2-creation/versions/.astack/creation/evidence/affected.log/d37765cc32c49acf5d3ca481d4fc107b874a7c94ec6c321020271839a4304d23	operator-workspace-evidence/round-2-creation/versions/.astack/creation/evidence/affected.log/d37765cc32c49acf5d3ca481d4fc107b874a7c94ec6c321020271839a4304d23	73e387aa3748962e631816f2f0b20f56370e720f5bbe2e6c6f2551223de5f4e0	4825	73e387aa3748962e631816f2f0b20f56370e720f5bbe2e6c6f2551223de5f4e0	4825	false
examples/foundation/.proof/delivery-fd05fc1-repaired/operator-workspace-evidence/round-2-creation/versions/.astack/creation/evidence/check-ci.json/7b71eeaf77ba259a2ddb51514fec3f3f4d78977f57b30b39882b24dc3fcfa2a4	operator-workspace-evidence/round-2-creation/versions/.astack/creation/evidence/check-ci.json/7b71eeaf77ba259a2ddb51514fec3f3f4d78977f57b30b39882b24dc3fcfa2a4	7b71eeaf77ba259a2ddb51514fec3f3f4d78977f57b30b39882b24dc3fcfa2a4	129	7b71eeaf77ba259a2ddb51514fec3f3f4d78977f57b30b39882b24dc3fcfa2a4	129	false
examples/foundation/.proof/delivery-fd05fc1-repaired/operator-workspace-evidence/round-2-creation/versions/.astack/creation/evidence/cleanup-observations.json/01025728aac1f600c469539a0b6a5cd1a889bb80387a36375f3aa0e3498c3e12	operator-workspace-evidence/round-2-creation/versions/.astack/creation/evidence/cleanup-observations.json/01025728aac1f600c469539a0b6a5cd1a889bb80387a36375f3aa0e3498c3e12	01025728aac1f600c469539a0b6a5cd1a889bb80387a36375f3aa0e3498c3e12	333	01025728aac1f600c469539a0b6a5cd1a889bb80387a36375f3aa0e3498c3e12	333	false
examples/foundation/.proof/delivery-fd05fc1-repaired/operator-workspace-evidence/round-2-creation/versions/.astack/creation/evidence/cleanup-observations.json/089f417222219945e758bd0985f51a65215e9f84496df94dbe5401d34b7212a1	operator-workspace-evidence/round-2-creation/versions/.astack/creation/evidence/cleanup-observations.json/089f417222219945e758bd0985f51a65215e9f84496df94dbe5401d34b7212a1	089f417222219945e758bd0985f51a65215e9f84496df94dbe5401d34b7212a1	818	089f417222219945e758bd0985f51a65215e9f84496df94dbe5401d34b7212a1	818	false
examples/foundation/.proof/delivery-fd05fc1-repaired/operator-workspace-evidence/round-2-creation/versions/.astack/creation/evidence/control-help.log/690ef73f37a8de290ffccd3e4870e439ba9b7381c591e333625f8f7d49dc3b0e	operator-workspace-evidence/round-2-creation/versions/.astack/creation/evidence/control-help.log/690ef73f37a8de290ffccd3e4870e439ba9b7381c591e333625f8f7d49dc3b0e	690ef73f37a8de290ffccd3e4870e439ba9b7381c591e333625f8f7d49dc3b0e	481	690ef73f37a8de290ffccd3e4870e439ba9b7381c591e333625f8f7d49dc3b0e	481	false
examples/foundation/.proof/delivery-fd05fc1-repaired/operator-workspace-evidence/round-2-creation/versions/.astack/creation/evidence/doctor-final.json/83aa6a907213a4fa57dbfe91eb669ecb862ad751915b4b051f63a6c691c4b27f	operator-workspace-evidence/round-2-creation/versions/.astack/creation/evidence/doctor-final.json/83aa6a907213a4fa57dbfe91eb669ecb862ad751915b4b051f63a6c691c4b27f	38d1a4a240f72c38871c1fd91146841c9ac8148fdcd4851fb664bd1281a7c4bd	832	38d1a4a240f72c38871c1fd91146841c9ac8148fdcd4851fb664bd1281a7c4bd	832	false
examples/foundation/.proof/delivery-fd05fc1-repaired/operator-workspace-evidence/round-2-creation/versions/.astack/creation/evidence/doctor-node24.json/85591f063f295b4426ebdeb5faad6eba33107aa714411157a0fb50ef99b8b46a	operator-workspace-evidence/round-2-creation/versions/.astack/creation/evidence/doctor-node24.json/85591f063f295b4426ebdeb5faad6eba33107aa714411157a0fb50ef99b8b46a	5a6c55dc2e8ce3edf50df4f90297b2bb272a2eedf0d4650183fb58c295767848	832	5a6c55dc2e8ce3edf50df4f90297b2bb272a2eedf0d4650183fb58c295767848	832	false
examples/foundation/.proof/delivery-fd05fc1-repaired/operator-workspace-evidence/round-2-creation/versions/.astack/creation/evidence/enforcement-report.json/3bd8653d4e3641d959b00c1908b09504627b8d082f1f42f1355699a7ecec2171	operator-workspace-evidence/round-2-creation/versions/.astack/creation/evidence/enforcement-report.json/3bd8653d4e3641d959b00c1908b09504627b8d082f1f42f1355699a7ecec2171	3bd8653d4e3641d959b00c1908b09504627b8d082f1f42f1355699a7ecec2171	2795	3bd8653d4e3641d959b00c1908b09504627b8d082f1f42f1355699a7ecec2171	2795	false
examples/foundation/.proof/delivery-fd05fc1-repaired/operator-workspace-evidence/round-2-creation/versions/.astack/creation/evidence/enforcement.json/355382badeed0b1c3eb4d79af6c2431bb61e1cd5c9c9e3826bd900d01469bf1c	operator-workspace-evidence/round-2-creation/versions/.astack/creation/evidence/enforcement.json/355382badeed0b1c3eb4d79af6c2431bb61e1cd5c9c9e3826bd900d01469bf1c	355382badeed0b1c3eb4d79af6c2431bb61e1cd5c9c9e3826bd900d01469bf1c	183	355382badeed0b1c3eb4d79af6c2431bb61e1cd5c9c9e3826bd900d01469bf1c	183	false
examples/foundation/.proof/delivery-fd05fc1-repaired/operator-workspace-evidence/round-2-creation/versions/.astack/creation/evidence/enforcement.log/1ca0831c377c54b0c0e2570de2cf39441957bc8ff8a6653cf358c1b398a384a0	operator-workspace-evidence/round-2-creation/versions/.astack/creation/evidence/enforcement.log/1ca0831c377c54b0c0e2570de2cf39441957bc8ff8a6653cf358c1b398a384a0	1ca0831c377c54b0c0e2570de2cf39441957bc8ff8a6653cf358c1b398a384a0	2579	1ca0831c377c54b0c0e2570de2cf39441957bc8ff8a6653cf358c1b398a384a0	2579	false
examples/foundation/.proof/delivery-fd05fc1-repaired/operator-workspace-evidence/round-2-creation/versions/.astack/creation/evidence/frozen-install.log/50e621d0c62cccff4f7855f7fa2c18639cf268e1d211304951033e4ecfb53299	operator-workspace-evidence/round-2-creation/versions/.astack/creation/evidence/frozen-install.log/50e621d0c62cccff4f7855f7fa2c18639cf268e1d211304951033e4ecfb53299	50e621d0c62cccff4f7855f7fa2c18639cf268e1d211304951033e4ecfb53299	209	50e621d0c62cccff4f7855f7fa2c18639cf268e1d211304951033e4ecfb53299	209	false
examples/foundation/.proof/delivery-fd05fc1-repaired/operator-workspace-evidence/round-2-creation/versions/.astack/creation/evidence/git-whitespace-before.json/ee8d9cc373c07a1dbab5d9b989cc13d253ad09850fb8901d779000c5ff57b47d	operator-workspace-evidence/round-2-creation/versions/.astack/creation/evidence/git-whitespace-before.json/ee8d9cc373c07a1dbab5d9b989cc13d253ad09850fb8901d779000c5ff57b47d	ee8d9cc373c07a1dbab5d9b989cc13d253ad09850fb8901d779000c5ff57b47d	764	ee8d9cc373c07a1dbab5d9b989cc13d253ad09850fb8901d779000c5ff57b47d	764	false
examples/foundation/.proof/delivery-fd05fc1-repaired/operator-workspace-evidence/round-2-creation/versions/.astack/creation/evidence/quick.json/7f05c825657c59405aaa2343be69064842bc509c1bb25bf6934a687a6df38f39	operator-workspace-evidence/round-2-creation/versions/.astack/creation/evidence/quick.json/7f05c825657c59405aaa2343be69064842bc509c1bb25bf6934a687a6df38f39	7f05c825657c59405aaa2343be69064842bc509c1bb25bf6934a687a6df38f39	322	7f05c825657c59405aaa2343be69064842bc509c1bb25bf6934a687a6df38f39	322	false
examples/foundation/.proof/delivery-fd05fc1-repaired/operator-workspace-evidence/round-2-creation/versions/.astack/creation/evidence/quick.log/0d31f8746351f909e18f96e4b377e259424ac9d06bc33d6f7e0ba3e34a56f15d	operator-workspace-evidence/round-2-creation/versions/.astack/creation/evidence/quick.log/0d31f8746351f909e18f96e4b377e259424ac9d06bc33d6f7e0ba3e34a56f15d	0d31f8746351f909e18f96e4b377e259424ac9d06bc33d6f7e0ba3e34a56f15d	344	0d31f8746351f909e18f96e4b377e259424ac9d06bc33d6f7e0ba3e34a56f15d	344	false
examples/foundation/.proof/delivery-fd05fc1-repaired/operator-workspace-evidence/round-2-creation/versions/.astack/creation/evidence/readiness/mcp-app-host.png/61cc2a3fedba5244d1f4516723a630f337c2206f2c6b5b215d0b5cb34a3496e5	operator-workspace-evidence/round-2-creation/versions/.astack/creation/evidence/readiness/mcp-app-host.png/61cc2a3fedba5244d1f4516723a630f337c2206f2c6b5b215d0b5cb34a3496e5	61cc2a3fedba5244d1f4516723a630f337c2206f2c6b5b215d0b5cb34a3496e5	38543	61cc2a3fedba5244d1f4516723a630f337c2206f2c6b5b215d0b5cb34a3496e5	38543	false
examples/foundation/.proof/delivery-fd05fc1-repaired/operator-workspace-evidence/round-2-creation/versions/.astack/creation/evidence/readiness/mcp-host-observations.json/17eda6ca5044c4b0568cf1df6194a17e89cf6012491e6867d6afd2d22e572fc6	operator-workspace-evidence/round-2-creation/versions/.astack/creation/evidence/readiness/mcp-host-observations.json/17eda6ca5044c4b0568cf1df6194a17e89cf6012491e6867d6afd2d22e572fc6	17eda6ca5044c4b0568cf1df6194a17e89cf6012491e6867d6afd2d22e572fc6	1412	17eda6ca5044c4b0568cf1df6194a17e89cf6012491e6867d6afd2d22e572fc6	1412	false
examples/foundation/.proof/delivery-fd05fc1-repaired/operator-workspace-evidence/round-2-creation/versions/.astack/creation/evidence/readiness/report.json/f718084c9cdaf813e0eb2b8cb77bbfc8894ecc3efabe9201d75d42fbd09286ad	operator-workspace-evidence/round-2-creation/versions/.astack/creation/evidence/readiness/report.json/f718084c9cdaf813e0eb2b8cb77bbfc8894ecc3efabe9201d75d42fbd09286ad	f718084c9cdaf813e0eb2b8cb77bbfc8894ecc3efabe9201d75d42fbd09286ad	3152	f718084c9cdaf813e0eb2b8cb77bbfc8894ecc3efabe9201d75d42fbd09286ad	3152	false
examples/foundation/.proof/delivery-fd05fc1-repaired/operator-workspace-evidence/round-2-creation/versions/.astack/creation/evidence/readiness/runtime.log/84d48e262eb39d74420ee7c21d61c14440c7850ca5d3e4d414a542c398ecfd9d	operator-workspace-evidence/round-2-creation/versions/.astack/creation/evidence/readiness/runtime.log/84d48e262eb39d74420ee7c21d61c14440c7850ca5d3e4d414a542c398ecfd9d	84d48e262eb39d74420ee7c21d61c14440c7850ca5d3e4d414a542c398ecfd9d	1884	84d48e262eb39d74420ee7c21d61c14440c7850ca5d3e4d414a542c398ecfd9d	1884	false
examples/foundation/.proof/delivery-fd05fc1-repaired/operator-workspace-evidence/round-2-creation/versions/.astack/creation/evidence/readiness/runtime.log/ffb5a56ec34aeb9079f9a2acd5a31cb71e2f818e8ba7ec3c8cc850b9cc047f84	operator-workspace-evidence/round-2-creation/versions/.astack/creation/evidence/readiness/runtime.log/ffb5a56ec34aeb9079f9a2acd5a31cb71e2f818e8ba7ec3c8cc850b9cc047f84	ffb5a56ec34aeb9079f9a2acd5a31cb71e2f818e8ba7ec3c8cc850b9cc047f84	1883	ffb5a56ec34aeb9079f9a2acd5a31cb71e2f818e8ba7ec3c8cc850b9cc047f84	1883	false
examples/foundation/.proof/delivery-fd05fc1-repaired/operator-workspace-evidence/round-2-creation/versions/.astack/creation/evidence/readiness/web-persisted.png/ea313b9216565c77043acae529557806079eb9f776a15c8affea4549d1762cd0	operator-workspace-evidence/round-2-creation/versions/.astack/creation/evidence/readiness/web-persisted.png/ea313b9216565c77043acae529557806079eb9f776a15c8affea4549d1762cd0	ea313b9216565c77043acae529557806079eb9f776a15c8affea4549d1762cd0	30906	ea313b9216565c77043acae529557806079eb9f776a15c8affea4549d1762cd0	30906	false
examples/foundation/.proof/delivery-fd05fc1-repaired/operator-workspace-evidence/round-2-creation/versions/.astack/creation/evidence/readiness-cli.log/f718084c9cdaf813e0eb2b8cb77bbfc8894ecc3efabe9201d75d42fbd09286ad	operator-workspace-evidence/round-2-creation/versions/.astack/creation/evidence/readiness-cli.log/f718084c9cdaf813e0eb2b8cb77bbfc8894ecc3efabe9201d75d42fbd09286ad	f718084c9cdaf813e0eb2b8cb77bbfc8894ecc3efabe9201d75d42fbd09286ad	3152	f718084c9cdaf813e0eb2b8cb77bbfc8894ecc3efabe9201d75d42fbd09286ad	3152	false
examples/foundation/.proof/delivery-fd05fc1-repaired/operator-workspace-evidence/round-2-creation/versions/.astack/creation/evidence/readiness-command.json/fbc338052e374e8c6be80b93c2c4362d3119dff75ebbf979e84cf616572fd6e9	operator-workspace-evidence/round-2-creation/versions/.astack/creation/evidence/readiness-command.json/fbc338052e374e8c6be80b93c2c4362d3119dff75ebbf979e84cf616572fd6e9	fbc338052e374e8c6be80b93c2c4362d3119dff75ebbf979e84cf616572fd6e9	286	fbc338052e374e8c6be80b93c2c4362d3119dff75ebbf979e84cf616572fd6e9	286	false
examples/foundation/.proof/delivery-fd05fc1-repaired/operator-workspace-evidence/round-2-creation/versions/.astack/creation/evidence/readiness-project-script/mcp-app-host.png/547ceecb69fbfdd33b14bb3edaf8d453d903dfd3e9c80658597abce850ae4bca	operator-workspace-evidence/round-2-creation/versions/.astack/creation/evidence/readiness-project-script/mcp-app-host.png/547ceecb69fbfdd33b14bb3edaf8d453d903dfd3e9c80658597abce850ae4bca	547ceecb69fbfdd33b14bb3edaf8d453d903dfd3e9c80658597abce850ae4bca	38658	547ceecb69fbfdd33b14bb3edaf8d453d903dfd3e9c80658597abce850ae4bca	38658	false
examples/foundation/.proof/delivery-fd05fc1-repaired/operator-workspace-evidence/round-2-creation/versions/.astack/creation/evidence/readiness-project-script/mcp-host-observations.json/ffc682b1d0cf021a9621ab7fad8dc0f7e5004805244019dd74dca70f328e98e4	operator-workspace-evidence/round-2-creation/versions/.astack/creation/evidence/readiness-project-script/mcp-host-observations.json/ffc682b1d0cf021a9621ab7fad8dc0f7e5004805244019dd74dca70f328e98e4	ffc682b1d0cf021a9621ab7fad8dc0f7e5004805244019dd74dca70f328e98e4	1412	ffc682b1d0cf021a9621ab7fad8dc0f7e5004805244019dd74dca70f328e98e4	1412	false
examples/foundation/.proof/delivery-fd05fc1-repaired/operator-workspace-evidence/round-2-creation/versions/.astack/creation/evidence/readiness-project-script/report.json/144c1cb957d9d445b870b7b53dea0571aa95ca4e68cd1d17d0992bd6fb58d85f	operator-workspace-evidence/round-2-creation/versions/.astack/creation/evidence/readiness-project-script/report.json/144c1cb957d9d445b870b7b53dea0571aa95ca4e68cd1d17d0992bd6fb58d85f	144c1cb957d9d445b870b7b53dea0571aa95ca4e68cd1d17d0992bd6fb58d85f	3152	144c1cb957d9d445b870b7b53dea0571aa95ca4e68cd1d17d0992bd6fb58d85f	3152	false
examples/foundation/.proof/delivery-fd05fc1-repaired/operator-workspace-evidence/round-2-creation/versions/.astack/creation/evidence/readiness-project-script/runtime.log/07d8599ea802a66430c988abae9d791a3feec25ce06799ed30210fd9e545fa6a	operator-workspace-evidence/round-2-creation/versions/.astack/creation/evidence/readiness-project-script/runtime.log/07d8599ea802a66430c988abae9d791a3feec25ce06799ed30210fd9e545fa6a	07d8599ea802a66430c988abae9d791a3feec25ce06799ed30210fd9e545fa6a	1975	07d8599ea802a66430c988abae9d791a3feec25ce06799ed30210fd9e545fa6a	1975	false
examples/foundation/.proof/delivery-fd05fc1-repaired/operator-workspace-evidence/round-2-creation/versions/.astack/creation/evidence/readiness-project-script/runtime.log/aeec5923cbd297bc7b5f5fed1c9cb5193084ca47888bd2e60441bbb97ce46362	operator-workspace-evidence/round-2-creation/versions/.astack/creation/evidence/readiness-project-script/runtime.log/aeec5923cbd297bc7b5f5fed1c9cb5193084ca47888bd2e60441bbb97ce46362	aeec5923cbd297bc7b5f5fed1c9cb5193084ca47888bd2e60441bbb97ce46362	1976	aeec5923cbd297bc7b5f5fed1c9cb5193084ca47888bd2e60441bbb97ce46362	1976	false
examples/foundation/.proof/delivery-fd05fc1-repaired/operator-workspace-evidence/round-2-creation/versions/.astack/creation/evidence/readiness-project-script/web-persisted.png/cdb3e3ad3f0c0f481562b46b19831860b1bda1f1c6b6c368a56ea58f581cefc2	operator-workspace-evidence/round-2-creation/versions/.astack/creation/evidence/readiness-project-script/web-persisted.png/cdb3e3ad3f0c0f481562b46b19831860b1bda1f1c6b6c368a56ea58f581cefc2	cdb3e3ad3f0c0f481562b46b19831860b1bda1f1c6b6c368a56ea58f581cefc2	31226	cdb3e3ad3f0c0f481562b46b19831860b1bda1f1c6b6c368a56ea58f581cefc2	31226	false
examples/foundation/.proof/delivery-fd05fc1-repaired/operator-workspace-evidence/round-2-creation/versions/.astack/creation/evidence/readiness-project-script-command.json/647207d1585daef8610ae1fc4f1dc0d12314ce8c488089f784669cbbf50cf2ed	operator-workspace-evidence/round-2-creation/versions/.astack/creation/evidence/readiness-project-script-command.json/647207d1585daef8610ae1fc4f1dc0d12314ce8c488089f784669cbbf50cf2ed	647207d1585daef8610ae1fc4f1dc0d12314ce8c488089f784669cbbf50cf2ed	260	647207d1585daef8610ae1fc4f1dc0d12314ce8c488089f784669cbbf50cf2ed	260	false
examples/foundation/.proof/delivery-fd05fc1-repaired/operator-workspace-evidence/round-2-creation/versions/.astack/creation/evidence/readiness-project-script.log/ac2c7f2de1642489238c994ec757c3465ab626c9220e55a77d3b046838cf8356	operator-workspace-evidence/round-2-creation/versions/.astack/creation/evidence/readiness-project-script.log/ac2c7f2de1642489238c994ec757c3465ab626c9220e55a77d3b046838cf8356	ac2c7f2de1642489238c994ec757c3465ab626c9220e55a77d3b046838cf8356	3244	ac2c7f2de1642489238c994ec757c3465ab626c9220e55a77d3b046838cf8356	3244	false
examples/foundation/.proof/delivery-fd05fc1-repaired/operator-workspace-evidence/round-2-creation/versions/.astack/creation/evidence/sanitization.json/7c0846a4ff9c688a6a3f944fd73aab9cd88c4972357dc60f3ca262d6736e4135	operator-workspace-evidence/round-2-creation/versions/.astack/creation/evidence/sanitization.json/7c0846a4ff9c688a6a3f944fd73aab9cd88c4972357dc60f3ca262d6736e4135	377ca2a4d314dfb3db33b24f98a9549e0b6077f20975c437a29bac5e1dfd85e3	463	377ca2a4d314dfb3db33b24f98a9549e0b6077f20975c437a29bac5e1dfd85e3	463	false
examples/foundation/.proof/delivery-fd05fc1-repaired/operator-workspace-evidence/round-2-creation/versions/.astack/creation/evidence/sanitization.json/a0488fb7654cf0242153636bbe99fb97fa514c0164a31332ff7062fff2244653	operator-workspace-evidence/round-2-creation/versions/.astack/creation/evidence/sanitization.json/a0488fb7654cf0242153636bbe99fb97fa514c0164a31332ff7062fff2244653	a9b51bad679530393359343245087393c2cb5b2fc6c0f4dcf4b9f8ee11be261b	1483	a9b51bad679530393359343245087393c2cb5b2fc6c0f4dcf4b9f8ee11be261b	1483	false
examples/foundation/.proof/delivery-fd05fc1-repaired/operator-workspace-evidence/round-2-creation/versions/.astack/creation/evidence/scaffold-install.json/549a79955d19e6b975d8a3690955a038106c9d4b529e4f61da25397815361c41	operator-workspace-evidence/round-2-creation/versions/.astack/creation/evidence/scaffold-install.json/549a79955d19e6b975d8a3690955a038106c9d4b529e4f61da25397815361c41	93149079a388d6958bafff0be408ef3fd1dde4a002586d2fc2d521dbf80c6dec	745	93149079a388d6958bafff0be408ef3fd1dde4a002586d2fc2d521dbf80c6dec	745	false
examples/foundation/.proof/delivery-fd05fc1-repaired/operator-workspace-evidence/round-2-creation/versions/app/.astack/feature-map/work-items/README.md/f22f22985ef1a9782e4c6a9a074bd90328e7cde7644dfa3719c926410782bed5	operator-workspace-evidence/round-2-creation/versions/app/.astack/feature-map/work-items/README.md/f22f22985ef1a9782e4c6a9a074bd90328e7cde7644dfa3719c926410782bed5	f22f22985ef1a9782e4c6a9a074bd90328e7cde7644dfa3719c926410782bed5	383	f22f22985ef1a9782e4c6a9a074bd90328e7cde7644dfa3719c926410782bed5	383	false
examples/foundation/.proof/delivery-fd05fc1-repaired/operator-workspace-evidence/round-2-creation/versions/app/.astack/feature-map/work-items/work-items.md/67d6aa7c0f3843349997b2578963b437661211be34b69907978d6a2bd152aba5	operator-workspace-evidence/round-2-creation/versions/app/.astack/feature-map/work-items/work-items.md/67d6aa7c0f3843349997b2578963b437661211be34b69907978d6a2bd152aba5	67d6aa7c0f3843349997b2578963b437661211be34b69907978d6a2bd152aba5	1206	67d6aa7c0f3843349997b2578963b437661211be34b69907978d6a2bd152aba5	1206	false
examples/foundation/.proof/delivery-fd05fc1-repaired/operator-workspace-evidence/round-2-creation/versions/app/.astack/project.md/9a92a698e7880e68de8c4dabbf1741110bc8415d2bedf8eac8736da4c1a62571	operator-workspace-evidence/round-2-creation/versions/app/.astack/project.md/9a92a698e7880e68de8c4dabbf1741110bc8415d2bedf8eac8736da4c1a62571	a8930e8f37135c1619bf24928099c265d2b9b3db2f8005399d69ee0030ad6b3f	3398	a8930e8f37135c1619bf24928099c265d2b9b3db2f8005399d69ee0030ad6b3f	3398	false
examples/foundation/.proof/delivery-fd05fc1-repaired/operator-workspace-evidence/round-2-creation/versions/app/.astack/scaffold.json/cf1d6b534dc7990c644895e4bfd02e5dc3916af08ff9ac848ab933f5b8b7e2b7	operator-workspace-evidence/round-2-creation/versions/app/.astack/scaffold.json/cf1d6b534dc7990c644895e4bfd02e5dc3916af08ff9ac848ab933f5b8b7e2b7	cf1d6b534dc7990c644895e4bfd02e5dc3916af08ff9ac848ab933f5b8b7e2b7	274	cf1d6b534dc7990c644895e4bfd02e5dc3916af08ff9ac848ab933f5b8b7e2b7	274	false
examples/foundation/.proof/delivery-fd05fc1-repaired/operator-workspace-evidence/round-2-creation/versions/app/.proof/enforcement/report.json/3bd8653d4e3641d959b00c1908b09504627b8d082f1f42f1355699a7ecec2171	operator-workspace-evidence/round-2-creation/versions/app/.proof/enforcement/report.json/3bd8653d4e3641d959b00c1908b09504627b8d082f1f42f1355699a7ecec2171	3bd8653d4e3641d959b00c1908b09504627b8d082f1f42f1355699a7ecec2171	2795	3bd8653d4e3641d959b00c1908b09504627b8d082f1f42f1355699a7ecec2171	2795	false
examples/foundation/.proof/delivery-fd05fc1-repaired/operator-workspace-evidence/round-2-feature/files/.astack/feature-map/work-items/README.md	operator-workspace-evidence/round-2-feature/files/.astack/feature-map/work-items/README.md	f22f22985ef1a9782e4c6a9a074bd90328e7cde7644dfa3719c926410782bed5	383	f22f22985ef1a9782e4c6a9a074bd90328e7cde7644dfa3719c926410782bed5	383	false
examples/foundation/.proof/delivery-fd05fc1-repaired/operator-workspace-evidence/round-2-feature/files/.astack/feature-map/work-items/work-items.md	operator-workspace-evidence/round-2-feature/files/.astack/feature-map/work-items/work-items.md	acccb847af9cc3e4f28c8d7a55a15357f8c8688883e87483b176e67ab027aad0	1911	acccb847af9cc3e4f28c8d7a55a15357f8c8688883e87483b176e67ab027aad0	1911	false
examples/foundation/.proof/delivery-fd05fc1-repaired/operator-workspace-evidence/round-2-feature/files/.astack/project.md	operator-workspace-evidence/round-2-feature/files/.astack/project.md	1bbff417fbc7e79f306da3c1a90e0158fc50bde7656d7dca1d9deadf6e50ce2b	1419	1bbff417fbc7e79f306da3c1a90e0158fc50bde7656d7dca1d9deadf6e50ce2b	1419	false
examples/foundation/.proof/delivery-fd05fc1-repaired/operator-workspace-evidence/round-2-feature/files/.astack/scaffold.json	operator-workspace-evidence/round-2-feature/files/.astack/scaffold.json	cf1d6b534dc7990c644895e4bfd02e5dc3916af08ff9ac848ab933f5b8b7e2b7	274	cf1d6b534dc7990c644895e4bfd02e5dc3916af08ff9ac848ab933f5b8b7e2b7	274	false
examples/foundation/.proof/delivery-fd05fc1-repaired/operator-workspace-evidence/round-2-feature/files/.proof/baseline/mcp-app-host.png	operator-workspace-evidence/round-2-feature/files/.proof/baseline/mcp-app-host.png	6554e4667f469b2ffc596da5ea3ab2728a8b7a4c4f1dd21a644b848b0f892e72	38520	6554e4667f469b2ffc596da5ea3ab2728a8b7a4c4f1dd21a644b848b0f892e72	38520	false
examples/foundation/.proof/delivery-fd05fc1-repaired/operator-workspace-evidence/round-2-feature/files/.proof/baseline/mcp-host-observations.json	operator-workspace-evidence/round-2-feature/files/.proof/baseline/mcp-host-observations.json	a54d75d2f9de252a80bcf285992aba99ec0c6b0b70340b5f9662af8dd3f27287	1412	a54d75d2f9de252a80bcf285992aba99ec0c6b0b70340b5f9662af8dd3f27287	1412	false
examples/foundation/.proof/delivery-fd05fc1-repaired/operator-workspace-evidence/round-2-feature/files/.proof/baseline/report.json	operator-workspace-evidence/round-2-feature/files/.proof/baseline/report.json	4053fc5b96034f6069a89f84e99d4bab721b690b1badb801d08417acf8eba2a6	3152	4053fc5b96034f6069a89f84e99d4bab721b690b1badb801d08417acf8eba2a6	3152	false
examples/foundation/.proof/delivery-fd05fc1-repaired/operator-workspace-evidence/round-2-feature/files/.proof/baseline/runtime.log	operator-workspace-evidence/round-2-feature/files/.proof/baseline/runtime.log	b0cd54ea410a28839f30530ffaea807eccdf2864260d265bc3a14302f71698ff	1883	b0cd54ea410a28839f30530ffaea807eccdf2864260d265bc3a14302f71698ff	1883	false
examples/foundation/.proof/delivery-fd05fc1-repaired/operator-workspace-evidence/round-2-feature/files/.proof/baseline/web-persisted.png	operator-workspace-evidence/round-2-feature/files/.proof/baseline/web-persisted.png	99861e0d1c4c4fc967f38c451d6d4f8165abfdf6b3bee6a31e2dac92853ae540	30983	99861e0d1c4c4fc967f38c451d6d4f8165abfdf6b3bee6a31e2dac92853ae540	30983	false
examples/foundation/.proof/delivery-fd05fc1-repaired/operator-workspace-evidence/round-2-feature/files/.proof/check-ci.log	operator-workspace-evidence/round-2-feature/files/.proof/check-ci.log	207ba52f739616a752354332bc7fcd922bf2b10b53ee958bea8556c4c37e911a	6358	207ba52f739616a752354332bc7fcd922bf2b10b53ee958bea8556c4c37e911a	6358	false
examples/foundation/.proof/delivery-fd05fc1-repaired/operator-workspace-evidence/round-2-feature/files/.proof/title-edit/mcp-app-host.png	operator-workspace-evidence/round-2-feature/files/.proof/title-edit/mcp-app-host.png	42a64a3487ab460d795c08ddd08c77dbba84f59078d48450d56bf6f3e8c3d175	38718	42a64a3487ab460d795c08ddd08c77dbba84f59078d48450d56bf6f3e8c3d175	38718	false
examples/foundation/.proof/delivery-fd05fc1-repaired/operator-workspace-evidence/round-2-feature/files/.proof/title-edit/mcp-host-observations.json	operator-workspace-evidence/round-2-feature/files/.proof/title-edit/mcp-host-observations.json	7bf726d2e55b465fb5082c13a9f5ba93009d9592383b8b9802fac02e1f82a1a9	1412	7bf726d2e55b465fb5082c13a9f5ba93009d9592383b8b9802fac02e1f82a1a9	1412	false
examples/foundation/.proof/delivery-fd05fc1-repaired/operator-workspace-evidence/round-2-feature/files/.proof/title-edit/report.json	operator-workspace-evidence/round-2-feature/files/.proof/title-edit/report.json	1edc3a4348679570a68701cc2024f240ad201b629e6e449313d115ac35754272	4027	1edc3a4348679570a68701cc2024f240ad201b629e6e449313d115ac35754272	4027	false
examples/foundation/.proof/delivery-fd05fc1-repaired/operator-workspace-evidence/round-2-feature/files/.proof/title-edit/runtime.log	operator-workspace-evidence/round-2-feature/files/.proof/title-edit/runtime.log	79ef9ff09ffc90f8d90d028f3bd3fb7147cb03c8413768bd414182e1a6658128	1976	79ef9ff09ffc90f8d90d028f3bd3fb7147cb03c8413768bd414182e1a6658128	1976	false
examples/foundation/.proof/delivery-fd05fc1-repaired/operator-workspace-evidence/round-2-feature/files/.proof/title-edit/title-edit.png	operator-workspace-evidence/round-2-feature/files/.proof/title-edit/title-edit.png	3c380cd11e4e4f934f38ca4cfcd8c088cf3c678daecc7edebb9934010e3ceb86	33340	3c380cd11e4e4f934f38ca4cfcd8c088cf3c678daecc7edebb9934010e3ceb86	33340	false
examples/foundation/.proof/delivery-fd05fc1-repaired/operator-workspace-evidence/round-2-feature/files/.proof/title-edit/web-persisted.png	operator-workspace-evidence/round-2-feature/files/.proof/title-edit/web-persisted.png	181763906260ccc60fd3fdbb33b65b7734825784de619896fc5a25eaae96bf01	31783	181763906260ccc60fd3fdbb33b65b7734825784de619896fc5a25eaae96bf01	31783	false
examples/foundation/.proof/delivery-fd05fc1-repaired/operator-workspace-evidence/round-2-feature/files/.proof/title-edit-final/mcp-app-host.png	operator-workspace-evidence/round-2-feature/files/.proof/title-edit-final/mcp-app-host.png	56939fe26804513c954c5cf4c0869c25e0618482589df2c689b8e36bbf838177	38452	56939fe26804513c954c5cf4c0869c25e0618482589df2c689b8e36bbf838177	38452	false
examples/foundation/.proof/delivery-fd05fc1-repaired/operator-workspace-evidence/round-2-feature/files/.proof/title-edit-final/mcp-host-observations.json	operator-workspace-evidence/round-2-feature/files/.proof/title-edit-final/mcp-host-observations.json	805f7bc2d1b6058883b3e970dd5e9954d76dbd16117d5bbb98b85d737cc4febe	1412	805f7bc2d1b6058883b3e970dd5e9954d76dbd16117d5bbb98b85d737cc4febe	1412	false
examples/foundation/.proof/delivery-fd05fc1-repaired/operator-workspace-evidence/round-2-feature/files/.proof/title-edit-final/report.json	operator-workspace-evidence/round-2-feature/files/.proof/title-edit-final/report.json	347ea7ccfb6262296a23ce87b022c4501b44c3359b4dd3ed4cb1bde7b3c4540e	4027	347ea7ccfb6262296a23ce87b022c4501b44c3359b4dd3ed4cb1bde7b3c4540e	4027	false
examples/foundation/.proof/delivery-fd05fc1-repaired/operator-workspace-evidence/round-2-feature/files/.proof/title-edit-final/runtime.log	operator-workspace-evidence/round-2-feature/files/.proof/title-edit-final/runtime.log	4ee93819983211fb8a67ee8bfe733485e3d0bae6f900ce147357d494376f290d	1883	4ee93819983211fb8a67ee8bfe733485e3d0bae6f900ce147357d494376f290d	1883	false
examples/foundation/.proof/delivery-fd05fc1-repaired/operator-workspace-evidence/round-2-feature/files/.proof/title-edit-final/title-edit.png	operator-workspace-evidence/round-2-feature/files/.proof/title-edit-final/title-edit.png	bd7df58298274ee30f5fee3ed6199522000a4614ee43d58db3ad871ef95836d7	37876	bd7df58298274ee30f5fee3ed6199522000a4614ee43d58db3ad871ef95836d7	37876	false
examples/foundation/.proof/delivery-fd05fc1-repaired/operator-workspace-evidence/round-2-feature/files/.proof/title-edit-final/web-persisted.png	operator-workspace-evidence/round-2-feature/files/.proof/title-edit-final/web-persisted.png	5daebf0237476a220b6a127c8c97e1673963e47321c631b8657004a140edf676	31281	5daebf0237476a220b6a127c8c97e1673963e47321c631b8657004a140edf676	31281	false
examples/foundation/.proof/delivery-fd05fc1-repaired/operator-workspace-evidence/round-2-feature/manifest.json	operator-workspace-evidence/round-2-feature/manifest.json	af2040c1d899f7b411c7ed57f2c17adae9fd9c57bf107ea79189d1afa614f423	30957	af2040c1d899f7b411c7ed57f2c17adae9fd9c57bf107ea79189d1afa614f423	30957	false
examples/foundation/.proof/delivery-fd05fc1-repaired/operator-workspace-evidence/round-2-feature/versions/.astack/feature-map/work-items/README.md/f22f22985ef1a9782e4c6a9a074bd90328e7cde7644dfa3719c926410782bed5	operator-workspace-evidence/round-2-feature/versions/.astack/feature-map/work-items/README.md/f22f22985ef1a9782e4c6a9a074bd90328e7cde7644dfa3719c926410782bed5	f22f22985ef1a9782e4c6a9a074bd90328e7cde7644dfa3719c926410782bed5	383	f22f22985ef1a9782e4c6a9a074bd90328e7cde7644dfa3719c926410782bed5	383	false
examples/foundation/.proof/delivery-fd05fc1-repaired/operator-workspace-evidence/round-2-feature/versions/.astack/feature-map/work-items/work-items.md/67d6aa7c0f3843349997b2578963b437661211be34b69907978d6a2bd152aba5	operator-workspace-evidence/round-2-feature/versions/.astack/feature-map/work-items/work-items.md/67d6aa7c0f3843349997b2578963b437661211be34b69907978d6a2bd152aba5	67d6aa7c0f3843349997b2578963b437661211be34b69907978d6a2bd152aba5	1206	67d6aa7c0f3843349997b2578963b437661211be34b69907978d6a2bd152aba5	1206	false
examples/foundation/.proof/delivery-fd05fc1-repaired/operator-workspace-evidence/round-2-feature/versions/.astack/feature-map/work-items/work-items.md/acccb847af9cc3e4f28c8d7a55a15357f8c8688883e87483b176e67ab027aad0	operator-workspace-evidence/round-2-feature/versions/.astack/feature-map/work-items/work-items.md/acccb847af9cc3e4f28c8d7a55a15357f8c8688883e87483b176e67ab027aad0	acccb847af9cc3e4f28c8d7a55a15357f8c8688883e87483b176e67ab027aad0	1911	acccb847af9cc3e4f28c8d7a55a15357f8c8688883e87483b176e67ab027aad0	1911	false
examples/foundation/.proof/delivery-fd05fc1-repaired/operator-workspace-evidence/round-2-feature/versions/.astack/project.md/1bbff417fbc7e79f306da3c1a90e0158fc50bde7656d7dca1d9deadf6e50ce2b	operator-workspace-evidence/round-2-feature/versions/.astack/project.md/1bbff417fbc7e79f306da3c1a90e0158fc50bde7656d7dca1d9deadf6e50ce2b	1bbff417fbc7e79f306da3c1a90e0158fc50bde7656d7dca1d9deadf6e50ce2b	1419	1bbff417fbc7e79f306da3c1a90e0158fc50bde7656d7dca1d9deadf6e50ce2b	1419	false
examples/foundation/.proof/delivery-fd05fc1-repaired/operator-workspace-evidence/round-2-feature/versions/.astack/scaffold.json/cf1d6b534dc7990c644895e4bfd02e5dc3916af08ff9ac848ab933f5b8b7e2b7	operator-workspace-evidence/round-2-feature/versions/.astack/scaffold.json/cf1d6b534dc7990c644895e4bfd02e5dc3916af08ff9ac848ab933f5b8b7e2b7	cf1d6b534dc7990c644895e4bfd02e5dc3916af08ff9ac848ab933f5b8b7e2b7	274	cf1d6b534dc7990c644895e4bfd02e5dc3916af08ff9ac848ab933f5b8b7e2b7	274	false
examples/foundation/.proof/delivery-fd05fc1-repaired/operator-workspace-evidence/round-2-feature/versions/.proof/baseline/mcp-app-host.png/6554e4667f469b2ffc596da5ea3ab2728a8b7a4c4f1dd21a644b848b0f892e72	operator-workspace-evidence/round-2-feature/versions/.proof/baseline/mcp-app-host.png/6554e4667f469b2ffc596da5ea3ab2728a8b7a4c4f1dd21a644b848b0f892e72	6554e4667f469b2ffc596da5ea3ab2728a8b7a4c4f1dd21a644b848b0f892e72	38520	6554e4667f469b2ffc596da5ea3ab2728a8b7a4c4f1dd21a644b848b0f892e72	38520	false
examples/foundation/.proof/delivery-fd05fc1-repaired/operator-workspace-evidence/round-2-feature/versions/.proof/baseline/mcp-host-observations.json/a54d75d2f9de252a80bcf285992aba99ec0c6b0b70340b5f9662af8dd3f27287	operator-workspace-evidence/round-2-feature/versions/.proof/baseline/mcp-host-observations.json/a54d75d2f9de252a80bcf285992aba99ec0c6b0b70340b5f9662af8dd3f27287	a54d75d2f9de252a80bcf285992aba99ec0c6b0b70340b5f9662af8dd3f27287	1412	a54d75d2f9de252a80bcf285992aba99ec0c6b0b70340b5f9662af8dd3f27287	1412	false
examples/foundation/.proof/delivery-fd05fc1-repaired/operator-workspace-evidence/round-2-feature/versions/.proof/baseline/report.json/4053fc5b96034f6069a89f84e99d4bab721b690b1badb801d08417acf8eba2a6	operator-workspace-evidence/round-2-feature/versions/.proof/baseline/report.json/4053fc5b96034f6069a89f84e99d4bab721b690b1badb801d08417acf8eba2a6	4053fc5b96034f6069a89f84e99d4bab721b690b1badb801d08417acf8eba2a6	3152	4053fc5b96034f6069a89f84e99d4bab721b690b1badb801d08417acf8eba2a6	3152	false
examples/foundation/.proof/delivery-fd05fc1-repaired/operator-workspace-evidence/round-2-feature/versions/.proof/baseline/runtime.log/b0cd54ea410a28839f30530ffaea807eccdf2864260d265bc3a14302f71698ff	operator-workspace-evidence/round-2-feature/versions/.proof/baseline/runtime.log/b0cd54ea410a28839f30530ffaea807eccdf2864260d265bc3a14302f71698ff	b0cd54ea410a28839f30530ffaea807eccdf2864260d265bc3a14302f71698ff	1883	b0cd54ea410a28839f30530ffaea807eccdf2864260d265bc3a14302f71698ff	1883	false
examples/foundation/.proof/delivery-fd05fc1-repaired/operator-workspace-evidence/round-2-feature/versions/.proof/baseline/web-persisted.png/99861e0d1c4c4fc967f38c451d6d4f8165abfdf6b3bee6a31e2dac92853ae540	operator-workspace-evidence/round-2-feature/versions/.proof/baseline/web-persisted.png/99861e0d1c4c4fc967f38c451d6d4f8165abfdf6b3bee6a31e2dac92853ae540	99861e0d1c4c4fc967f38c451d6d4f8165abfdf6b3bee6a31e2dac92853ae540	30983	99861e0d1c4c4fc967f38c451d6d4f8165abfdf6b3bee6a31e2dac92853ae540	30983	false
examples/foundation/.proof/delivery-fd05fc1-repaired/operator-workspace-evidence/round-2-feature/versions/.proof/check-ci.log/8186eabb0a8bedac00c99a648730837121e74f643a581be48d7c71f2899fa41d	operator-workspace-evidence/round-2-feature/versions/.proof/check-ci.log/8186eabb0a8bedac00c99a648730837121e74f643a581be48d7c71f2899fa41d	8186eabb0a8bedac00c99a648730837121e74f643a581be48d7c71f2899fa41d	773	8186eabb0a8bedac00c99a648730837121e74f643a581be48d7c71f2899fa41d	773	false
examples/foundation/.proof/delivery-fd05fc1-repaired/operator-workspace-evidence/round-2-feature/versions/.proof/check-ci.log/8757c8471006481572bc9286e052eac08cb5bd1cccdc5b3790ea191d5676f604	operator-workspace-evidence/round-2-feature/versions/.proof/check-ci.log/8757c8471006481572bc9286e052eac08cb5bd1cccdc5b3790ea191d5676f604	207ba52f739616a752354332bc7fcd922bf2b10b53ee958bea8556c4c37e911a	6358	207ba52f739616a752354332bc7fcd922bf2b10b53ee958bea8556c4c37e911a	6358	false
examples/foundation/.proof/delivery-fd05fc1-repaired/operator-workspace-evidence/round-2-feature/versions/.proof/check-ci.log/e517d97c84dabbd35f20c450e2be7de5db10d6c1c9e30f7c76e41542bc5beb78	operator-workspace-evidence/round-2-feature/versions/.proof/check-ci.log/e517d97c84dabbd35f20c450e2be7de5db10d6c1c9e30f7c76e41542bc5beb78	e517d97c84dabbd35f20c450e2be7de5db10d6c1c9e30f7c76e41542bc5beb78	1645	e517d97c84dabbd35f20c450e2be7de5db10d6c1c9e30f7c76e41542bc5beb78	1645	false
examples/foundation/.proof/delivery-fd05fc1-repaired/operator-workspace-evidence/round-2-feature/versions/.proof/title-edit/mcp-app-host.png/42a64a3487ab460d795c08ddd08c77dbba84f59078d48450d56bf6f3e8c3d175	operator-workspace-evidence/round-2-feature/versions/.proof/title-edit/mcp-app-host.png/42a64a3487ab460d795c08ddd08c77dbba84f59078d48450d56bf6f3e8c3d175	42a64a3487ab460d795c08ddd08c77dbba84f59078d48450d56bf6f3e8c3d175	38718	42a64a3487ab460d795c08ddd08c77dbba84f59078d48450d56bf6f3e8c3d175	38718	false
examples/foundation/.proof/delivery-fd05fc1-repaired/operator-workspace-evidence/round-2-feature/versions/.proof/title-edit/mcp-host-observations.json/7bf726d2e55b465fb5082c13a9f5ba93009d9592383b8b9802fac02e1f82a1a9	operator-workspace-evidence/round-2-feature/versions/.proof/title-edit/mcp-host-observations.json/7bf726d2e55b465fb5082c13a9f5ba93009d9592383b8b9802fac02e1f82a1a9	7bf726d2e55b465fb5082c13a9f5ba93009d9592383b8b9802fac02e1f82a1a9	1412	7bf726d2e55b465fb5082c13a9f5ba93009d9592383b8b9802fac02e1f82a1a9	1412	false
examples/foundation/.proof/delivery-fd05fc1-repaired/operator-workspace-evidence/round-2-feature/versions/.proof/title-edit/report.json/1edc3a4348679570a68701cc2024f240ad201b629e6e449313d115ac35754272	operator-workspace-evidence/round-2-feature/versions/.proof/title-edit/report.json/1edc3a4348679570a68701cc2024f240ad201b629e6e449313d115ac35754272	1edc3a4348679570a68701cc2024f240ad201b629e6e449313d115ac35754272	4027	1edc3a4348679570a68701cc2024f240ad201b629e6e449313d115ac35754272	4027	false
examples/foundation/.proof/delivery-fd05fc1-repaired/operator-workspace-evidence/round-2-feature/versions/.proof/title-edit/runtime.log/79ef9ff09ffc90f8d90d028f3bd3fb7147cb03c8413768bd414182e1a6658128	operator-workspace-evidence/round-2-feature/versions/.proof/title-edit/runtime.log/79ef9ff09ffc90f8d90d028f3bd3fb7147cb03c8413768bd414182e1a6658128	79ef9ff09ffc90f8d90d028f3bd3fb7147cb03c8413768bd414182e1a6658128	1976	79ef9ff09ffc90f8d90d028f3bd3fb7147cb03c8413768bd414182e1a6658128	1976	false
examples/foundation/.proof/delivery-fd05fc1-repaired/operator-workspace-evidence/round-2-feature/versions/.proof/title-edit/title-edit.png/3c380cd11e4e4f934f38ca4cfcd8c088cf3c678daecc7edebb9934010e3ceb86	operator-workspace-evidence/round-2-feature/versions/.proof/title-edit/title-edit.png/3c380cd11e4e4f934f38ca4cfcd8c088cf3c678daecc7edebb9934010e3ceb86	3c380cd11e4e4f934f38ca4cfcd8c088cf3c678daecc7edebb9934010e3ceb86	33340	3c380cd11e4e4f934f38ca4cfcd8c088cf3c678daecc7edebb9934010e3ceb86	33340	false
examples/foundation/.proof/delivery-fd05fc1-repaired/operator-workspace-evidence/round-2-feature/versions/.proof/title-edit/web-persisted.png/181763906260ccc60fd3fdbb33b65b7734825784de619896fc5a25eaae96bf01	operator-workspace-evidence/round-2-feature/versions/.proof/title-edit/web-persisted.png/181763906260ccc60fd3fdbb33b65b7734825784de619896fc5a25eaae96bf01	181763906260ccc60fd3fdbb33b65b7734825784de619896fc5a25eaae96bf01	31783	181763906260ccc60fd3fdbb33b65b7734825784de619896fc5a25eaae96bf01	31783	false
examples/foundation/.proof/delivery-fd05fc1-repaired/operator-workspace-evidence/round-2-feature/versions/.proof/title-edit-final/mcp-app-host.png/56939fe26804513c954c5cf4c0869c25e0618482589df2c689b8e36bbf838177	operator-workspace-evidence/round-2-feature/versions/.proof/title-edit-final/mcp-app-host.png/56939fe26804513c954c5cf4c0869c25e0618482589df2c689b8e36bbf838177	56939fe26804513c954c5cf4c0869c25e0618482589df2c689b8e36bbf838177	38452	56939fe26804513c954c5cf4c0869c25e0618482589df2c689b8e36bbf838177	38452	false
examples/foundation/.proof/delivery-fd05fc1-repaired/operator-workspace-evidence/round-2-feature/versions/.proof/title-edit-final/mcp-host-observations.json/805f7bc2d1b6058883b3e970dd5e9954d76dbd16117d5bbb98b85d737cc4febe	operator-workspace-evidence/round-2-feature/versions/.proof/title-edit-final/mcp-host-observations.json/805f7bc2d1b6058883b3e970dd5e9954d76dbd16117d5bbb98b85d737cc4febe	805f7bc2d1b6058883b3e970dd5e9954d76dbd16117d5bbb98b85d737cc4febe	1412	805f7bc2d1b6058883b3e970dd5e9954d76dbd16117d5bbb98b85d737cc4febe	1412	false
examples/foundation/.proof/delivery-fd05fc1-repaired/operator-workspace-evidence/round-2-feature/versions/.proof/title-edit-final/report.json/347ea7ccfb6262296a23ce87b022c4501b44c3359b4dd3ed4cb1bde7b3c4540e	operator-workspace-evidence/round-2-feature/versions/.proof/title-edit-final/report.json/347ea7ccfb6262296a23ce87b022c4501b44c3359b4dd3ed4cb1bde7b3c4540e	347ea7ccfb6262296a23ce87b022c4501b44c3359b4dd3ed4cb1bde7b3c4540e	4027	347ea7ccfb6262296a23ce87b022c4501b44c3359b4dd3ed4cb1bde7b3c4540e	4027	false
examples/foundation/.proof/delivery-fd05fc1-repaired/operator-workspace-evidence/round-2-feature/versions/.proof/title-edit-final/runtime.log/4ee93819983211fb8a67ee8bfe733485e3d0bae6f900ce147357d494376f290d	operator-workspace-evidence/round-2-feature/versions/.proof/title-edit-final/runtime.log/4ee93819983211fb8a67ee8bfe733485e3d0bae6f900ce147357d494376f290d	4ee93819983211fb8a67ee8bfe733485e3d0bae6f900ce147357d494376f290d	1883	4ee93819983211fb8a67ee8bfe733485e3d0bae6f900ce147357d494376f290d	1883	false
examples/foundation/.proof/delivery-fd05fc1-repaired/operator-workspace-evidence/round-2-feature/versions/.proof/title-edit-final/title-edit.png/bd7df58298274ee30f5fee3ed6199522000a4614ee43d58db3ad871ef95836d7	operator-workspace-evidence/round-2-feature/versions/.proof/title-edit-final/title-edit.png/bd7df58298274ee30f5fee3ed6199522000a4614ee43d58db3ad871ef95836d7	bd7df58298274ee30f5fee3ed6199522000a4614ee43d58db3ad871ef95836d7	37876	bd7df58298274ee30f5fee3ed6199522000a4614ee43d58db3ad871ef95836d7	37876	false
examples/foundation/.proof/delivery-fd05fc1-repaired/operator-workspace-evidence/round-2-feature/versions/.proof/title-edit-final/web-persisted.png/5daebf0237476a220b6a127c8c97e1673963e47321c631b8657004a140edf676	operator-workspace-evidence/round-2-feature/versions/.proof/title-edit-final/web-persisted.png/5daebf0237476a220b6a127c8c97e1673963e47321c631b8657004a140edf676	5daebf0237476a220b6a127c8c97e1673963e47321c631b8657004a140edf676	31281	5daebf0237476a220b6a127c8c97e1673963e47321c631b8657004a140edf676	31281	false
examples/foundation/.proof/delivery-fd05fc1-repaired/report.json	report.json	d96dba74ff2e22713284c93e19aa63ac31ccd7032fda7117e86ac4ec6b040668	118292	434e428eddc10235d844f8b49af5bf4dfb6c35c2e2c24cd723e169a5d4fc6678	117656	true
examples/foundation/.proof/delivery-fd05fc1-repaired/round-1-bug/before/command.log	round-1-bug/before/command.log	700f42d11bc15dc06e28f96fcb6e2906b8a0374a99e37a277f91315ae9b1abf2	1852	739dbbba002ddb2d4ab84723481455efa806df61dfd3094a4e085f2c61cc34b0	1815	true
examples/foundation/.proof/delivery-fd05fc1-repaired/round-1-bug/before/report.json	round-1-bug/before/report.json	2f2db845293f915779cf71fe6951d09e6eca9945e462ca1487f4ce391e7e3fee	1710	2f2db845293f915779cf71fe6951d09e6eca9945e462ca1487f4ce391e7e3fee	1710	false
examples/foundation/.proof/delivery-fd05fc1-repaired/round-1-bug/before/runtime.log	round-1-bug/before/runtime.log	5e170b1dd27ff1ecb4aa0b492df72854c8ec9063c9830ebdd6234c5575ab1d9d	1884	5e170b1dd27ff1ecb4aa0b492df72854c8ec9063c9830ebdd6234c5575ab1d9d	1884	false
examples/foundation/.proof/delivery-fd05fc1-repaired/round-1-bug/interrupted/delivered/.astack/feature-map/work-items/README.md	round-1-bug/interrupted/delivered/.astack/feature-map/work-items/README.md	f22f22985ef1a9782e4c6a9a074bd90328e7cde7644dfa3719c926410782bed5	383	f22f22985ef1a9782e4c6a9a074bd90328e7cde7644dfa3719c926410782bed5	383	false
examples/foundation/.proof/delivery-fd05fc1-repaired/round-1-bug/interrupted/delivered/.astack/feature-map/work-items/work-items.md	round-1-bug/interrupted/delivered/.astack/feature-map/work-items/work-items.md	67d6aa7c0f3843349997b2578963b437661211be34b69907978d6a2bd152aba5	1206	67d6aa7c0f3843349997b2578963b437661211be34b69907978d6a2bd152aba5	1206	false
examples/foundation/.proof/delivery-fd05fc1-repaired/round-1-bug/interrupted/delivered/.astack/project.md	round-1-bug/interrupted/delivered/.astack/project.md	1bbff417fbc7e79f306da3c1a90e0158fc50bde7656d7dca1d9deadf6e50ce2b	1419	1bbff417fbc7e79f306da3c1a90e0158fc50bde7656d7dca1d9deadf6e50ce2b	1419	false
examples/foundation/.proof/delivery-fd05fc1-repaired/round-1-bug/interrupted/delivered/.astack/scaffold.json	round-1-bug/interrupted/delivered/.astack/scaffold.json	cf1d6b534dc7990c644895e4bfd02e5dc3916af08ff9ac848ab933f5b8b7e2b7	274	cf1d6b534dc7990c644895e4bfd02e5dc3916af08ff9ac848ab933f5b8b7e2b7	274	false
examples/foundation/.proof/delivery-fd05fc1-repaired/round-1-bug/interrupted/delivered/.codex/skills/astack-work-items/SKILL.md	round-1-bug/interrupted/delivered/.codex/skills/astack-work-items/SKILL.md	d6d82b88246cd96512e1a0c5a022c2f3a7d80a1eb164e905dc0d4232d6133fb2	1242	d6d82b88246cd96512e1a0c5a022c2f3a7d80a1eb164e905dc0d4232d6133fb2	1242	false
examples/foundation/.proof/delivery-fd05fc1-repaired/round-1-bug/interrupted/delivered/.codex/skills/astack-work-items/control.ts	round-1-bug/interrupted/delivered/.codex/skills/astack-work-items/control.ts	78daca53062dfb26bc78cfaf8bb8d70b2b2af2fa266484cc3c4e190591f0fcce	1271	78daca53062dfb26bc78cfaf8bb8d70b2b2af2fa266484cc3c4e190591f0fcce	1271	false
examples/foundation/.proof/delivery-fd05fc1-repaired/round-1-bug/interrupted/delivered/.gitignore	round-1-bug/interrupted/delivered/.gitignore	d7cfccfef537709ee2dd5dc14c0406dc2bd50fee52c785f481010b2689a9db7b	133	d7cfccfef537709ee2dd5dc14c0406dc2bd50fee52c785f481010b2689a9db7b	133	false
examples/foundation/.proof/delivery-fd05fc1-repaired/round-1-bug/interrupted/delivered/.husky/pre-commit	round-1-bug/interrupted/delivered/.husky/pre-commit	49db70e604bf06f5bda03778a71d8bb249cd4af481ca976e5b35cb754532b042	194	49db70e604bf06f5bda03778a71d8bb249cd4af481ca976e5b35cb754532b042	194	false
examples/foundation/.proof/delivery-fd05fc1-repaired/round-1-bug/interrupted/delivered/.prettierignore	round-1-bug/interrupted/delivered/.prettierignore	077f2966b94e14c1bf40a136c4a9fecfb41e793e32d18d07413873994263d7ad	101	077f2966b94e14c1bf40a136c4a9fecfb41e793e32d18d07413873994263d7ad	101	false
examples/foundation/.proof/delivery-fd05fc1-repaired/round-1-bug/interrupted/delivered/.prettierrc.json	round-1-bug/interrupted/delivered/.prettierrc.json	32dcd743a0ffca59a737c87abcfcc3f57a0cede5cedb6a8b1b68d32a3b6d4506	48	32dcd743a0ffca59a737c87abcfcc3f57a0cede5cedb6a8b1b68d32a3b6d4506	48	false
examples/foundation/.proof/delivery-fd05fc1-repaired/round-1-bug/interrupted/delivered/README.md	round-1-bug/interrupted/delivered/README.md	0773d22018948946391712250b072bac2afb730a5c91e4a1c570edfa7f835f18	9653	0773d22018948946391712250b072bac2afb730a5c91e4a1c570edfa7f835f18	9653	false
examples/foundation/.proof/delivery-fd05fc1-repaired/round-1-bug/interrupted/delivered/apps/mcp-ui/index.html	round-1-bug/interrupted/delivered/apps/mcp-ui/index.html	94fe15c034fde9461e7c54c4bbb6e13eceb9bc5ba6305cafa4a7ef146aa4a82e	295	94fe15c034fde9461e7c54c4bbb6e13eceb9bc5ba6305cafa4a7ef146aa4a82e	295	false
examples/foundation/.proof/delivery-fd05fc1-repaired/round-1-bug/interrupted/delivered/apps/mcp-ui/package.json	round-1-bug/interrupted/delivered/apps/mcp-ui/package.json	ad665bb56b8ee65c856b1bdcd6c88c8f33cd36f2df2c40e7e12872a9592f5f06	446	ad665bb56b8ee65c856b1bdcd6c88c8f33cd36f2df2c40e7e12872a9592f5f06	446	false
examples/foundation/.proof/delivery-fd05fc1-repaired/round-1-bug/interrupted/delivered/apps/mcp-ui/src/main.tsx	round-1-bug/interrupted/delivered/apps/mcp-ui/src/main.tsx	97dd3c35aa605b8983daf0acf06ebe30dcd6aa05a5eabc1e04688b37cc64c37d	5593	97dd3c35aa605b8983daf0acf06ebe30dcd6aa05a5eabc1e04688b37cc64c37d	5593	false
examples/foundation/.proof/delivery-fd05fc1-repaired/round-1-bug/interrupted/delivered/apps/mcp-ui/tsconfig.json	round-1-bug/interrupted/delivered/apps/mcp-ui/tsconfig.json	5e0bda48b8b922b60fd2156cd7b2ae77be6501767a0addb9daf2d2b7d6354e25	167	5e0bda48b8b922b60fd2156cd7b2ae77be6501767a0addb9daf2d2b7d6354e25	167	false
examples/foundation/.proof/delivery-fd05fc1-repaired/round-1-bug/interrupted/delivered/apps/mcp-ui/vite.config.ts	round-1-bug/interrupted/delivered/apps/mcp-ui/vite.config.ts	2a55d4c288492c76c16e4093db62b199cd65e5849db0ba2d465127b0d9c694e1	264	2a55d4c288492c76c16e4093db62b199cd65e5849db0ba2d465127b0d9c694e1	264	false
examples/foundation/.proof/delivery-fd05fc1-repaired/round-1-bug/interrupted/delivered/apps/web/.env.example	round-1-bug/interrupted/delivered/apps/web/.env.example	b0a0ce4f487271efc054bfed28174b7ca284096bb0b551aacc84d2b128720096	275	b0a0ce4f487271efc054bfed28174b7ca284096bb0b551aacc84d2b128720096	275	false
examples/foundation/.proof/delivery-fd05fc1-repaired/round-1-bug/interrupted/delivered/apps/web/index.html	round-1-bug/interrupted/delivered/apps/web/index.html	94fe15c034fde9461e7c54c4bbb6e13eceb9bc5ba6305cafa4a7ef146aa4a82e	295	94fe15c034fde9461e7c54c4bbb6e13eceb9bc5ba6305cafa4a7ef146aa4a82e	295	false
examples/foundation/.proof/delivery-fd05fc1-repaired/round-1-bug/interrupted/delivered/apps/web/package.json	round-1-bug/interrupted/delivered/apps/web/package.json	3ffd23e1a624defe1b6b33f3c2516038e74a623341d3fe74fa68ed540412ae11	620	3ffd23e1a624defe1b6b33f3c2516038e74a623341d3fe74fa68ed540412ae11	620	false
examples/foundation/.proof/delivery-fd05fc1-repaired/round-1-bug/interrupted/delivered/apps/web/src/main.tsx	round-1-bug/interrupted/delivered/apps/web/src/main.tsx	d35db9680fea6c3ce2082d6d9e391b1c3dfe22db5968b28ba2da8da0d76cf9be	2812	d35db9680fea6c3ce2082d6d9e391b1c3dfe22db5968b28ba2da8da0d76cf9be	2812	false
examples/foundation/.proof/delivery-fd05fc1-repaired/round-1-bug/interrupted/delivered/apps/web/src/router.tsx	round-1-bug/interrupted/delivered/apps/web/src/router.tsx	d53d6c942972eff2e39f9e9bddaecd54e8210dccf36c86ffd4d2ae239f363798	720	d53d6c942972eff2e39f9e9bddaecd54e8210dccf36c86ffd4d2ae239f363798	720	false
examples/foundation/.proof/delivery-fd05fc1-repaired/round-1-bug/interrupted/delivered/apps/web/src/work-items.tsx	round-1-bug/interrupted/delivered/apps/web/src/work-items.tsx	7ec61a361e5cc4a9c001eed4a7f3530215829d6f1e6c446110167c64b41c33a8	6033	7ec61a361e5cc4a9c001eed4a7f3530215829d6f1e6c446110167c64b41c33a8	6033	false
examples/foundation/.proof/delivery-fd05fc1-repaired/round-1-bug/interrupted/delivered/apps/web/tsconfig.json	round-1-bug/interrupted/delivered/apps/web/tsconfig.json	5e0bda48b8b922b60fd2156cd7b2ae77be6501767a0addb9daf2d2b7d6354e25	167	5e0bda48b8b922b60fd2156cd7b2ae77be6501767a0addb9daf2d2b7d6354e25	167	false
examples/foundation/.proof/delivery-fd05fc1-repaired/round-1-bug/interrupted/delivered/apps/web/vite.config.ts	round-1-bug/interrupted/delivered/apps/web/vite.config.ts	c536b6cd2d08f8c39877d1fffeba7feed91a23f288582a98547f294ab4c609d1	186	c536b6cd2d08f8c39877d1fffeba7feed91a23f288582a98547f294ab4c609d1	186	false
examples/foundation/.proof/delivery-fd05fc1-repaired/round-1-bug/interrupted/delivered/bun.lock	round-1-bug/interrupted/delivered/bun.lock	1ed2f09c0b4b4dbd5864f39dbde996958ea6cf2f17bfb33cef64586236d78034	171715	1ed2f09c0b4b4dbd5864f39dbde996958ea6cf2f17bfb33cef64586236d78034	171715	false
examples/foundation/.proof/delivery-fd05fc1-repaired/round-1-bug/interrupted/delivered/eslint.config.mjs	round-1-bug/interrupted/delivered/eslint.config.mjs	ffe4ebb5a5c522749f8242d2e16ad3bb46a241e862684891301e831f912cba08	56	ffe4ebb5a5c522749f8242d2e16ad3bb46a241e862684891301e831f912cba08	56	false
examples/foundation/.proof/delivery-fd05fc1-repaired/round-1-bug/interrupted/delivered/lint-staged.config.mjs	round-1-bug/interrupted/delivered/lint-staged.config.mjs	81c09831a1333b8058aa111e906125e42bb9e5759f17c62318c21d62225bce00	209	81c09831a1333b8058aa111e906125e42bb9e5759f17c62318c21d62225bce00	209	false
examples/foundation/.proof/delivery-fd05fc1-repaired/round-1-bug/interrupted/delivered/package.json	round-1-bug/interrupted/delivered/package.json	7c7db212cb2107c0c0e6ee3bc81cc0d8cc894aa25afd35b6df5e21046de9ddcf	2189	7c7db212cb2107c0c0e6ee3bc81cc0d8cc894aa25afd35b6df5e21046de9ddcf	2189	false
examples/foundation/.proof/delivery-fd05fc1-repaired/round-1-bug/interrupted/delivered/packages/backend/.env.example	round-1-bug/interrupted/delivered/packages/backend/.env.example	b8ae67eee31602ab2897a2ff95082c6bd88181efc7a4fb3bbdd4e90fb6f708f8	200	b8ae67eee31602ab2897a2ff95082c6bd88181efc7a4fb3bbdd4e90fb6f708f8	200	false
examples/foundation/.proof/delivery-fd05fc1-repaired/round-1-bug/interrupted/delivered/packages/backend/.gitignore	round-1-bug/interrupted/delivered/packages/backend/.gitignore	c1be9a7b83075864153509fa626722510fd2507fe18e4548a4a89e11023048ea	12	c1be9a7b83075864153509fa626722510fd2507fe18e4548a4a89e11023048ea	12	false
examples/foundation/.proof/delivery-fd05fc1-repaired/round-1-bug/interrupted/delivered/packages/backend/convex/_generated/api.ts	round-1-bug/interrupted/delivered/packages/backend/convex/_generated/api.ts	b51f59d5f03959d7978ef51ce4bb1918d5e966fcfd6c3510fe5847b65c11fbd2	1400	b51f59d5f03959d7978ef51ce4bb1918d5e966fcfd6c3510fe5847b65c11fbd2	1400	false
examples/foundation/.proof/delivery-fd05fc1-repaired/round-1-bug/interrupted/delivered/packages/backend/convex/_generated/dataModel.ts	round-1-bug/interrupted/delivered/packages/backend/convex/_generated/dataModel.ts	db177073d16a4393c7a96bcdc3a2a904e88c2432d54d138ca7715cc431982c17	1736	db177073d16a4393c7a96bcdc3a2a904e88c2432d54d138ca7715cc431982c17	1736	false
examples/foundation/.proof/delivery-fd05fc1-repaired/round-1-bug/interrupted/delivered/packages/backend/convex/_generated/server.ts	round-1-bug/interrupted/delivered/packages/backend/convex/_generated/server.ts	4ef510cd49241e28128a9a462daadaa9743c628f3df5c2a3fa4ad3c9af6b9cc4	6349	4ef510cd49241e28128a9a462daadaa9743c628f3df5c2a3fa4ad3c9af6b9cc4	6349	false
examples/foundation/.proof/delivery-fd05fc1-repaired/round-1-bug/interrupted/delivered/packages/backend/convex/auth.config.ts	round-1-bug/interrupted/delivered/packages/backend/convex/auth.config.ts	d6881c29a3b941cf0d2ad3e59d4eb26d4804c5731d5b09d4ff4035aa37edd123	2331	d6881c29a3b941cf0d2ad3e59d4eb26d4804c5731d5b09d4ff4035aa37edd123	2331	false
examples/foundation/.proof/delivery-fd05fc1-repaired/round-1-bug/interrupted/delivered/packages/backend/convex/http.ts	round-1-bug/interrupted/delivered/packages/backend/convex/http.ts	29d52f06c182108924650627a0c07532b58deac43092827fd2a6e77663e3a434	5047	29d52f06c182108924650627a0c07532b58deac43092827fd2a6e77663e3a434	5047	false
examples/foundation/.proof/delivery-fd05fc1-repaired/round-1-bug/interrupted/delivered/packages/backend/convex/lib/identity.ts	round-1-bug/interrupted/delivered/packages/backend/convex/lib/identity.ts	c07154240f019b4a4dafb1514ed4194c6e8479b9f69251c4d4d3c27252fe53da	1287	c07154240f019b4a4dafb1514ed4194c6e8479b9f69251c4d4d3c27252fe53da	1287	false
examples/foundation/.proof/delivery-fd05fc1-repaired/round-1-bug/interrupted/delivered/packages/backend/convex/lib/mcp.ts	round-1-bug/interrupted/delivered/packages/backend/convex/lib/mcp.ts	c5d6396b01551d057fa2cb63b175e6b5bb9c20cddcd06367a44cc1c301b11aae	4599	c5d6396b01551d057fa2cb63b175e6b5bb9c20cddcd06367a44cc1c301b11aae	4599	false
examples/foundation/.proof/delivery-fd05fc1-repaired/round-1-bug/interrupted/delivered/packages/backend/convex/schema.ts	round-1-bug/interrupted/delivered/packages/backend/convex/schema.ts	dbb8465c66ac2b6b16cd4029797c4a9d2d618c6ebefbfb61820d24e780ea3298	296	dbb8465c66ac2b6b16cd4029797c4a9d2d618c6ebefbfb61820d24e780ea3298	296	false
examples/foundation/.proof/delivery-fd05fc1-repaired/round-1-bug/interrupted/delivered/packages/backend/convex/tsconfig.json	round-1-bug/interrupted/delivered/packages/backend/convex/tsconfig.json	94563947ccb3f355ca83a8bb6b85632d6d77a5de9864c973eabeb3dc6a3b68a0	223	94563947ccb3f355ca83a8bb6b85632d6d77a5de9864c973eabeb3dc6a3b68a0	223	false
examples/foundation/.proof/delivery-fd05fc1-repaired/round-1-bug/interrupted/delivered/packages/backend/convex/workItems.ts	round-1-bug/interrupted/delivered/packages/backend/convex/workItems.ts	11c501f0056b449b2df77432963d50c8a2a0f2535b259c56ec496e0015c0c565	2434	11c501f0056b449b2df77432963d50c8a2a0f2535b259c56ec496e0015c0c565	2434	false
examples/foundation/.proof/delivery-fd05fc1-repaired/round-1-bug/interrupted/delivered/packages/backend/convex.json	round-1-bug/interrupted/delivered/packages/backend/convex.json	fa3e766ef4d424da2f57361dca5369f073981fac42dd0a4e4641d8867faf51f3	135	fa3e766ef4d424da2f57361dca5369f073981fac42dd0a4e4641d8867faf51f3	135	false
examples/foundation/.proof/delivery-fd05fc1-repaired/round-1-bug/interrupted/delivered/packages/backend/package.json	round-1-bug/interrupted/delivered/packages/backend/package.json	31b5657d4efecc5dfa7ba55e3d1b88a366950649e1b40e407808888a7c40b655	580	31b5657d4efecc5dfa7ba55e3d1b88a366950649e1b40e407808888a7c40b655	580	false
examples/foundation/.proof/delivery-fd05fc1-repaired/round-1-bug/interrupted/delivered/packages/backend/tsconfig.json	round-1-bug/interrupted/delivered/packages/backend/tsconfig.json	4fd3e7337d33f357829d7bb17c24e8c46c5bed068caac3035f7703320a8a5f27	128	4fd3e7337d33f357829d7bb17c24e8c46c5bed068caac3035f7703320a8a5f27	128	false
examples/foundation/.proof/delivery-fd05fc1-repaired/round-1-bug/interrupted/delivered/packages/config/eslint.mjs	round-1-bug/interrupted/delivered/packages/config/eslint.mjs	37ab4a3ca105bb08cea6e4c78c94c5994114a1212b73a322975fea90df0a7bbf	6543	37ab4a3ca105bb08cea6e4c78c94c5994114a1212b73a322975fea90df0a7bbf	6543	false
examples/foundation/.proof/delivery-fd05fc1-repaired/round-1-bug/interrupted/delivered/packages/config/package.json	round-1-bug/interrupted/delivered/packages/config/package.json	a4f44539cae3b8097d700d6c2103b1789695a95cb7212d1725c0c7a4a8f10050	226	a4f44539cae3b8097d700d6c2103b1789695a95cb7212d1725c0c7a4a8f10050	226	false
examples/foundation/.proof/delivery-fd05fc1-repaired/round-1-bug/interrupted/delivered/packages/config/typescript.json	round-1-bug/interrupted/delivered/packages/config/typescript.json	c30e08e49e06495f66993ffc8d55d0e48e9f0ac28d1ed8a105b5fb5cdd97ef09	479	c30e08e49e06495f66993ffc8d55d0e48e9f0ac28d1ed8a105b5fb5cdd97ef09	479	false
examples/foundation/.proof/delivery-fd05fc1-repaired/round-1-bug/interrupted/delivered/packages/domain/package.json	round-1-bug/interrupted/delivered/packages/domain/package.json	6b38a411cf16da1daad0a07f6f0e5de738bd523b5d44525e58bc94f8bc13a8ac	259	6b38a411cf16da1daad0a07f6f0e5de738bd523b5d44525e58bc94f8bc13a8ac	259	false
examples/foundation/.proof/delivery-fd05fc1-repaired/round-1-bug/interrupted/delivered/packages/domain/src/index.ts	round-1-bug/interrupted/delivered/packages/domain/src/index.ts	5b1e707a9bdab248b40f1414a646c96d3d2fc9651b363bee3d6c1d657d200479	650	5b1e707a9bdab248b40f1414a646c96d3d2fc9651b363bee3d6c1d657d200479	650	false
examples/foundation/.proof/delivery-fd05fc1-repaired/round-1-bug/interrupted/delivered/packages/domain/tsconfig.json	round-1-bug/interrupted/delivered/packages/domain/tsconfig.json	9f05a0b0992a69d35ccfd30a7341d9c36fc7eaefb1634d54d6a92030ab4906a4	72	9f05a0b0992a69d35ccfd30a7341d9c36fc7eaefb1634d54d6a92030ab4906a4	72	false
examples/foundation/.proof/delivery-fd05fc1-repaired/round-1-bug/interrupted/delivered/packages/ui/.storybook/main.ts	round-1-bug/interrupted/delivered/packages/ui/.storybook/main.ts	5e7138e85e2d936a889a4d9fc83a60343a58adc8ac1378253af4f34de94ca452	370	5e7138e85e2d936a889a4d9fc83a60343a58adc8ac1378253af4f34de94ca452	370	false
examples/foundation/.proof/delivery-fd05fc1-repaired/round-1-bug/interrupted/delivered/packages/ui/package.json	round-1-bug/interrupted/delivered/packages/ui/package.json	7d0dacda9d20b8cb71adaf6c7fb60d01c081db8d7121ca2a97ea275785b9dd01	571	7d0dacda9d20b8cb71adaf6c7fb60d01c081db8d7121ca2a97ea275785b9dd01	571	false
examples/foundation/.proof/delivery-fd05fc1-repaired/round-1-bug/interrupted/delivered/packages/ui/src/WorkItemList.stories.tsx	round-1-bug/interrupted/delivered/packages/ui/src/WorkItemList.stories.tsx	1dee67d82ea987c646572e6aad354403e92513764fda882c76c93746a5f816c6	835	1dee67d82ea987c646572e6aad354403e92513764fda882c76c93746a5f816c6	835	false
examples/foundation/.proof/delivery-fd05fc1-repaired/round-1-bug/interrupted/delivered/packages/ui/src/index.tsx	round-1-bug/interrupted/delivered/packages/ui/src/index.tsx	482517b2f2e77d1e7f4cdf3437dc171d989db1e6dae2bd2a21555f25e29e392c	2843	482517b2f2e77d1e7f4cdf3437dc171d989db1e6dae2bd2a21555f25e29e392c	2843	false
examples/foundation/.proof/delivery-fd05fc1-repaired/round-1-bug/interrupted/delivered/packages/ui/src/styles.css	round-1-bug/interrupted/delivered/packages/ui/src/styles.css	ca2eee3281dc72525d1b850e97f56253d45ad269b47fa99c353d29bc60f26e61	3723	ca2eee3281dc72525d1b850e97f56253d45ad269b47fa99c353d29bc60f26e61	3723	false
examples/foundation/.proof/delivery-fd05fc1-repaired/round-1-bug/interrupted/delivered/packages/ui/src/styles.d.ts	round-1-bug/interrupted/delivered/packages/ui/src/styles.d.ts	da5bf71d48cf909584a01c80b445f730507068f5b34c920f352e2bfcf0315e4c	24	da5bf71d48cf909584a01c80b445f730507068f5b34c920f352e2bfcf0315e4c	24	false
examples/foundation/.proof/delivery-fd05fc1-repaired/round-1-bug/interrupted/delivered/packages/ui/tsconfig.json	round-1-bug/interrupted/delivered/packages/ui/tsconfig.json	d196a02fc942af46994f25a0e87b7cb14782e9412148b0a3e356887e615a8265	181	d196a02fc942af46994f25a0e87b7cb14782e9412148b0a3e356887e615a8265	181	false
examples/foundation/.proof/delivery-fd05fc1-repaired/round-1-bug/interrupted/delivered/scripts/check.ts	round-1-bug/interrupted/delivered/scripts/check.ts	9c3cd5de3158b763735ec46563ed24aeecd6d516505e48f18750882e0c02ac68	4480	9c3cd5de3158b763735ec46563ed24aeecd6d516505e48f18750882e0c02ac68	4480	false
examples/foundation/.proof/delivery-fd05fc1-repaired/round-1-bug/interrupted/delivered/scripts/embed-ui.ts	round-1-bug/interrupted/delivered/scripts/embed-ui.ts	8d56596ecc114a462c188bbecb4fbb8e61443bf2bbac8c1939dfc1a841b17e9b	572	8d56596ecc114a462c188bbecb4fbb8e61443bf2bbac8c1939dfc1a841b17e9b	572	false
examples/foundation/.proof/delivery-fd05fc1-repaired/round-1-bug/interrupted/delivered/scripts/enforcement.ts	round-1-bug/interrupted/delivered/scripts/enforcement.ts	87cf27f64208be19c709ca571abaa5264bd692aa2b755a58906dc5580bd96ce5	5942	87cf27f64208be19c709ca571abaa5264bd692aa2b755a58906dc5580bd96ce5	5942	false
examples/foundation/.proof/delivery-fd05fc1-repaired/round-1-bug/interrupted/delivered/scripts/http-transport.ts	round-1-bug/interrupted/delivered/scripts/http-transport.ts	85ef0e5caad04b0f014acb7471208eea113f29bcaadce0a2d9a13a27a4851289	1383	85ef0e5caad04b0f014acb7471208eea113f29bcaadce0a2d9a13a27a4851289	1383	false
examples/foundation/.proof/delivery-fd05fc1-repaired/round-1-bug/interrupted/delivered/scripts/install-hooks.ts	round-1-bug/interrupted/delivered/scripts/install-hooks.ts	f243b8720f3fdd779b8374178d8f4eeb7dcd014eb65136972ab6d46f2b5f994b	5553	f243b8720f3fdd779b8374178d8f4eeb7dcd014eb65136972ab6d46f2b5f994b	5553	false
examples/foundation/.proof/delivery-fd05fc1-repaired/round-1-bug/interrupted/delivered/scripts/mcp-host-browser.ts	round-1-bug/interrupted/delivered/scripts/mcp-host-browser.ts	686bef7d89f8198b86cee7a1d8b41407fbde7cb5e71e86f35cd0553484a6a03e	7093	686bef7d89f8198b86cee7a1d8b41407fbde7cb5e71e86f35cd0553484a6a03e	7093	false
examples/foundation/.proof/delivery-fd05fc1-repaired/round-1-bug/interrupted/delivered/scripts/mcp-host.ts	round-1-bug/interrupted/delivered/scripts/mcp-host.ts	b09829d7958d5faa4ecb9e4f2adf62b956b4007e0bcf2cf09ef4780b073f8958	2901	b09829d7958d5faa4ecb9e4f2adf62b956b4007e0bcf2cf09ef4780b073f8958	2901	false
examples/foundation/.proof/delivery-fd05fc1-repaired/round-1-bug/interrupted/delivered/scripts/prepare-check.ts	round-1-bug/interrupted/delivered/scripts/prepare-check.ts	347f97d470d664397c7a3b0258fb5885858b4fb4e6c43b89e248432a8c1457ff	406	347f97d470d664397c7a3b0258fb5885858b4fb4e6c43b89e248432a8c1457ff	406	false
examples/foundation/.proof/delivery-fd05fc1-repaired/round-1-bug/interrupted/delivered/scripts/readiness.ts	round-1-bug/interrupted/delivered/scripts/readiness.ts	dc618f7418fa382d0277a8f935149de4b99cc7feeefb4d8cc45123cf48a6314e	33469	dc618f7418fa382d0277a8f935149de4b99cc7feeefb4d8cc45123cf48a6314e	33469	false
examples/foundation/.proof/delivery-fd05fc1-repaired/round-1-bug/interrupted/delivered/scripts/runtime.ts	round-1-bug/interrupted/delivered/scripts/runtime.ts	cd21060931e9a9955e8340623fbc63371de9c96620e298641ab18edfd7dee228	13722	cd21060931e9a9955e8340623fbc63371de9c96620e298641ab18edfd7dee228	13722	false
examples/foundation/.proof/delivery-fd05fc1-repaired/round-1-bug/interrupted/delivered/scripts/source-identity.ts	round-1-bug/interrupted/delivered/scripts/source-identity.ts	74dee120839a291c38c7e0982747441e1617cd2264dfb9683f6df3574656fe8a	1553	74dee120839a291c38c7e0982747441e1617cd2264dfb9683f6df3574656fe8a	1553	false
examples/foundation/.proof/delivery-fd05fc1-repaired/round-1-bug/interrupted/delivered/scripts/trials.ts	round-1-bug/interrupted/delivered/scripts/trials.ts	de1768558f32e3cee9cf760a5c811758879d1690ee5cfc8dafe674672953339c	50142	de1768558f32e3cee9cf760a5c811758879d1690ee5cfc8dafe674672953339c	50142	false
examples/foundation/.proof/delivery-fd05fc1-repaired/round-1-bug/interrupted/delivered/tests/domain.test.ts	round-1-bug/interrupted/delivered/tests/domain.test.ts	1f944425bc0b6538246fd90b2b13d3ea87db0d9271befff106c68bc748d58dc7	720	1f944425bc0b6538246fd90b2b13d3ea87db0d9271befff106c68bc748d58dc7	720	false
examples/foundation/.proof/delivery-fd05fc1-repaired/round-1-bug/interrupted/delivered/tests/proof-policy.test.ts	round-1-bug/interrupted/delivered/tests/proof-policy.test.ts	1b17c46c5cacab361f28e6949186b8096fa45a7d3a4dcc7a2756eda82027e4c9	5465	1b17c46c5cacab361f28e6949186b8096fa45a7d3a4dcc7a2756eda82027e4c9	5465	false
examples/foundation/.proof/delivery-fd05fc1-repaired/round-1-bug/interrupted/delivered/tests/provenance.test.ts	round-1-bug/interrupted/delivered/tests/provenance.test.ts	dd94880e1c05c48a8ae8f5f4f03c573e978b185f59cdd3a76e13f51495028fd2	1385	dd94880e1c05c48a8ae8f5f4f03c573e978b185f59cdd3a76e13f51495028fd2	1385	false
examples/foundation/.proof/delivery-fd05fc1-repaired/round-1-bug/interrupted/delivered/tests/trials.test.ts	round-1-bug/interrupted/delivered/tests/trials.test.ts	8870f18b15f429ab12ea28e693acf12fc79f0599fc6a81076eeb29f81129df27	31091	8870f18b15f429ab12ea28e693acf12fc79f0599fc6a81076eeb29f81129df27	31091	false
examples/foundation/.proof/delivery-fd05fc1-repaired/round-1-bug/interrupted/delivered/tsconfig.json	round-1-bug/interrupted/delivered/tsconfig.json	4240a50aa7aac54aa69314488ca4ec20774566777d0ea914f03df46173f69ebd	255	4240a50aa7aac54aa69314488ca4ec20774566777d0ea914f03df46173f69ebd	255	false
examples/foundation/.proof/delivery-fd05fc1-repaired/round-1-bug/interrupted/delivered/turbo.json	round-1-bug/interrupted/delivered/turbo.json	448cad77683c89e74ad9ed77a55cdd262ab03f86c15a668d3257cd9d354d3e03	655	448cad77683c89e74ad9ed77a55cdd262ab03f86c15a668d3257cd9d354d3e03	655	false
examples/foundation/.proof/delivery-fd05fc1-repaired/round-1-bug/interrupted/delivered-files.json	round-1-bug/interrupted/delivered-files.json	dc70c977cc405999561374e64750db9a2108b4c99a505bc30e356d679ab42702	7367	dc70c977cc405999561374e64750db9a2108b4c99a505bc30e356d679ab42702	7367	false
examples/foundation/.proof/delivery-fd05fc1-repaired/round-1-bug/interrupted/retention.json	round-1-bug/interrupted/retention.json	8a36bea71aafe67e735721850e93738b0891495021de6ef373dfda746aa06fba	19499	8a36bea71aafe67e735721850e93738b0891495021de6ef373dfda746aa06fba	19499	false
examples/foundation/.proof/delivery-fd05fc1-repaired/round-1-bug/seed-error.json	round-1-bug/seed-error.json	f63275518dd1120e5985ac102e66814599f332403d0306ef81bb6579ef052bd0	4352	68b52ce49c1ea92dda7547c499bc7d9c23b39c4dd412b608a3dc6c1abf77e5a6	4240	true
examples/foundation/.proof/delivery-fd05fc1-repaired/round-1-creation/acceptance/command.log	round-1-creation/acceptance/command.log	4ce658435b2222cce14affc4d595dab4382013a7d9cf848367b0e26fb1a01cd2	3152	4ce658435b2222cce14affc4d595dab4382013a7d9cf848367b0e26fb1a01cd2	3152	false
examples/foundation/.proof/delivery-fd05fc1-repaired/round-1-creation/acceptance/mcp-app-host.png	round-1-creation/acceptance/mcp-app-host.png	d09a7f39552d10a805de942bcd1efe9fad319e3e09bf91a1af5719ddead4db18	38921	d09a7f39552d10a805de942bcd1efe9fad319e3e09bf91a1af5719ddead4db18	38921	false
examples/foundation/.proof/delivery-fd05fc1-repaired/round-1-creation/acceptance/mcp-host-observations.json	round-1-creation/acceptance/mcp-host-observations.json	0ee4b432519fdbe4ebc4d8d90f521f26fbc7c3d8278cdb82629967d5dbd4afef	1412	0ee4b432519fdbe4ebc4d8d90f521f26fbc7c3d8278cdb82629967d5dbd4afef	1412	false
examples/foundation/.proof/delivery-fd05fc1-repaired/round-1-creation/acceptance/report.json	round-1-creation/acceptance/report.json	4ce658435b2222cce14affc4d595dab4382013a7d9cf848367b0e26fb1a01cd2	3152	4ce658435b2222cce14affc4d595dab4382013a7d9cf848367b0e26fb1a01cd2	3152	false
examples/foundation/.proof/delivery-fd05fc1-repaired/round-1-creation/acceptance/runtime.log	round-1-creation/acceptance/runtime.log	8b48da473b139267e8f07a29cb09f4273469bb05b9056d27ece82de63ea1ff27	1976	8b48da473b139267e8f07a29cb09f4273469bb05b9056d27ece82de63ea1ff27	1976	false
examples/foundation/.proof/delivery-fd05fc1-repaired/round-1-creation/acceptance/web-persisted.png	round-1-creation/acceptance/web-persisted.png	82e79657956a3780465b920fa300dbf586c9bd6778933ade019d39edbf58ab5f	31191	82e79657956a3780465b920fa300dbf586c9bd6778933ade019d39edbf58ab5f	31191	false
examples/foundation/.proof/delivery-fd05fc1-repaired/round-1-creation/acceptance.json	round-1-creation/acceptance.json	fde00261212dd3ba265a9b342afe3ad4f539e75eca2467925a880d55c416c900	3861	59e1534b029c407ab46001e3fdd03b77aea1b90ab483d91759c582ef649ade45	3786	true
examples/foundation/.proof/delivery-fd05fc1-repaired/round-1-creation/change.diff	round-1-creation/change.diff	848dc3ca082d4e62077f392b2fef8e2e49679931076530b3936981999116fbc5	502458	263adcc7b3a273e99bef0c8eab9593b79447c62b22ab31dde8f3f5ba30a495b3	502278	true
examples/foundation/.proof/delivery-fd05fc1-repaired/round-1-creation/delivered/.astack/feature-map/work-items/README.md	round-1-creation/delivered/.astack/feature-map/work-items/README.md	f22f22985ef1a9782e4c6a9a074bd90328e7cde7644dfa3719c926410782bed5	383	f22f22985ef1a9782e4c6a9a074bd90328e7cde7644dfa3719c926410782bed5	383	false
examples/foundation/.proof/delivery-fd05fc1-repaired/round-1-creation/delivered/.astack/feature-map/work-items/work-items.md	round-1-creation/delivered/.astack/feature-map/work-items/work-items.md	67d6aa7c0f3843349997b2578963b437661211be34b69907978d6a2bd152aba5	1206	67d6aa7c0f3843349997b2578963b437661211be34b69907978d6a2bd152aba5	1206	false
examples/foundation/.proof/delivery-fd05fc1-repaired/round-1-creation/delivered/.astack/foundation-setup/README.md	round-1-creation/delivered/.astack/foundation-setup/README.md	a405ba1c5117fa4eb3ea8c11dc4c9e3cc1ed50537e54a2c4e6e340bde822ac9a	4825	a405ba1c5117fa4eb3ea8c11dc4c9e3cc1ed50537e54a2c4e6e340bde822ac9a	4825	false
examples/foundation/.proof/delivery-fd05fc1-repaired/round-1-creation/delivered/.astack/project.md	round-1-creation/delivered/.astack/project.md	21597e60ae04acf15536d25376c34930fca19b5475760d9ca4a836d24708f771	3253	21597e60ae04acf15536d25376c34930fca19b5475760d9ca4a836d24708f771	3253	false
examples/foundation/.proof/delivery-fd05fc1-repaired/round-1-creation/delivered/.astack/scaffold.json	round-1-creation/delivered/.astack/scaffold.json	cf1d6b534dc7990c644895e4bfd02e5dc3916af08ff9ac848ab933f5b8b7e2b7	274	cf1d6b534dc7990c644895e4bfd02e5dc3916af08ff9ac848ab933f5b8b7e2b7	274	false
examples/foundation/.proof/delivery-fd05fc1-repaired/round-1-creation/delivered/.codex/skills/astack-work-items/SKILL.md	round-1-creation/delivered/.codex/skills/astack-work-items/SKILL.md	d6d82b88246cd96512e1a0c5a022c2f3a7d80a1eb164e905dc0d4232d6133fb2	1242	d6d82b88246cd96512e1a0c5a022c2f3a7d80a1eb164e905dc0d4232d6133fb2	1242	false
examples/foundation/.proof/delivery-fd05fc1-repaired/round-1-creation/delivered/.codex/skills/astack-work-items/control.ts	round-1-creation/delivered/.codex/skills/astack-work-items/control.ts	78daca53062dfb26bc78cfaf8bb8d70b2b2af2fa266484cc3c4e190591f0fcce	1271	78daca53062dfb26bc78cfaf8bb8d70b2b2af2fa266484cc3c4e190591f0fcce	1271	false
examples/foundation/.proof/delivery-fd05fc1-repaired/round-1-creation/delivered/.gitignore	round-1-creation/delivered/.gitignore	d7cfccfef537709ee2dd5dc14c0406dc2bd50fee52c785f481010b2689a9db7b	133	d7cfccfef537709ee2dd5dc14c0406dc2bd50fee52c785f481010b2689a9db7b	133	false
examples/foundation/.proof/delivery-fd05fc1-repaired/round-1-creation/delivered/.husky/pre-commit	round-1-creation/delivered/.husky/pre-commit	49db70e604bf06f5bda03778a71d8bb249cd4af481ca976e5b35cb754532b042	194	49db70e604bf06f5bda03778a71d8bb249cd4af481ca976e5b35cb754532b042	194	false
examples/foundation/.proof/delivery-fd05fc1-repaired/round-1-creation/delivered/.prettierignore	round-1-creation/delivered/.prettierignore	077f2966b94e14c1bf40a136c4a9fecfb41e793e32d18d07413873994263d7ad	101	077f2966b94e14c1bf40a136c4a9fecfb41e793e32d18d07413873994263d7ad	101	false
examples/foundation/.proof/delivery-fd05fc1-repaired/round-1-creation/delivered/.prettierrc.json	round-1-creation/delivered/.prettierrc.json	32dcd743a0ffca59a737c87abcfcc3f57a0cede5cedb6a8b1b68d32a3b6d4506	48	32dcd743a0ffca59a737c87abcfcc3f57a0cede5cedb6a8b1b68d32a3b6d4506	48	false
examples/foundation/.proof/delivery-fd05fc1-repaired/round-1-creation/delivered/.proof/foundation-setup/check-affected.log	round-1-creation/delivered/.proof/foundation-setup/check-affected.log	25ab7adf2486aaa2ce4d067821afaf523cd381fdc409e9c5612c0adb34bee239	4824	25ab7adf2486aaa2ce4d067821afaf523cd381fdc409e9c5612c0adb34bee239	4824	false
examples/foundation/.proof/delivery-fd05fc1-repaired/round-1-creation/delivered/.proof/foundation-setup/check-quick.log	round-1-creation/delivered/.proof/foundation-setup/check-quick.log	1fffdb30dd40c730465b7b0542ce9c265f1343e7ca80768e43c40d76b4dbd526	247	1fffdb30dd40c730465b7b0542ce9c265f1343e7ca80768e43c40d76b4dbd526	247	false
examples/foundation/.proof/delivery-fd05fc1-repaired/round-1-creation/delivered/.proof/foundation-setup/chromium-install.log	round-1-creation/delivered/.proof/foundation-setup/chromium-install.log	e3b0c44298fc1c149afbf4c8996fb92427ae41e4649b934ca495991b7852b855	0	e3b0c44298fc1c149afbf4c8996fb92427ae41e4649b934ca495991b7852b855	0	false
examples/foundation/.proof/delivery-fd05fc1-repaired/round-1-creation/delivered/.proof/foundation-setup/commit-evidence.log	round-1-creation/delivered/.proof/foundation-setup/commit-evidence.log	1eeffbbf5046a662096af54e61146cbeb720f921f2de813a07c318fbc5d7d483	1341	1eeffbbf5046a662096af54e61146cbeb720f921f2de813a07c318fbc5d7d483	1341	false
examples/foundation/.proof/delivery-fd05fc1-repaired/round-1-creation/delivered/.proof/foundation-setup/commit-foundation.log	round-1-creation/delivered/.proof/foundation-setup/commit-foundation.log	9665e018d72e8e497088410ce335092c364f9efbb25eaa1f1243b5adf150eb9b	5626	9665e018d72e8e497088410ce335092c364f9efbb25eaa1f1243b5adf150eb9b	5626	false
examples/foundation/.proof/delivery-fd05fc1-repaired/round-1-creation/delivered/.proof/foundation-setup/control-help.txt	round-1-creation/delivered/.proof/foundation-setup/control-help.txt	690ef73f37a8de290ffccd3e4870e439ba9b7381c591e333625f8f7d49dc3b0e	481	690ef73f37a8de290ffccd3e4870e439ba9b7381c591e333625f8f7d49dc3b0e	481	false
examples/foundation/.proof/delivery-fd05fc1-repaired/round-1-creation/delivered/.proof/foundation-setup/docs-format.log	round-1-creation/delivered/.proof/foundation-setup/docs-format.log	8e11510a5f6b0b7c576b8580b22050847770222972a275b8e41a7f7975aa620c	88	8e11510a5f6b0b7c576b8580b22050847770222972a275b8e41a7f7975aa620c	88	false
examples/foundation/.proof/delivery-fd05fc1-repaired/round-1-creation/delivered/.proof/foundation-setup/doctor-final.json	round-1-creation/delivered/.proof/foundation-setup/doctor-final.json	1b0a5f769dfea82b91b70d0c003386330ed811bf79373da36b1a8d2693bff4be	877	2147cfb94baa620c0e936f5bdae8f13a8856cbb1eff309d830058db37bb0177f	832	true
examples/foundation/.proof/delivery-fd05fc1-repaired/round-1-creation/delivered/.proof/foundation-setup/doctor.json	round-1-creation/delivered/.proof/foundation-setup/doctor.json	b44ef46aa5d9bd67bfdcf56068a96aab5124639ef6856c2aea60be1756f3e669	877	5a0d07aaefb529032cf5a20ab99103479a1592c437997aecc874db0c3d7cc0ef	832	true
examples/foundation/.proof/delivery-fd05fc1-repaired/round-1-creation/delivered/.proof/foundation-setup/final-audit.json	round-1-creation/delivered/.proof/foundation-setup/final-audit.json	e19c683f166d4695ba980a406d4845abbf64ebba3677613db664777a79de9b31	295	e19c683f166d4695ba980a406d4845abbf64ebba3677613db664777a79de9b31	295	false
examples/foundation/.proof/delivery-fd05fc1-repaired/round-1-creation/delivered/.proof/foundation-setup/format-final.log	round-1-creation/delivered/.proof/foundation-setup/format-final.log	1d66faad74f5e8709353f7288592866bd3a9095da1174a916e7aa632949971e2	87	1d66faad74f5e8709353f7288592866bd3a9095da1174a916e7aa632949971e2	87	false
examples/foundation/.proof/delivery-fd05fc1-repaired/round-1-creation/delivered/.proof/foundation-setup/install-frozen.log	round-1-creation/delivered/.proof/foundation-setup/install-frozen.log	94596a3eb38d2b3757c91b482582a0279d3707044530597fe89f766611ae390d	209	94596a3eb38d2b3757c91b482582a0279d3707044530597fe89f766611ae390d	209	false
examples/foundation/.proof/delivery-fd05fc1-repaired/round-1-creation/delivered/.proof/foundation-setup/readiness/mcp-app-host.png	round-1-creation/delivered/.proof/foundation-setup/readiness/mcp-app-host.png	8f1c0afdc2837034106d73c8aeb8f7d9c0c45a07480c1c0fec483e466bdf6592	38114	8f1c0afdc2837034106d73c8aeb8f7d9c0c45a07480c1c0fec483e466bdf6592	38114	false
examples/foundation/.proof/delivery-fd05fc1-repaired/round-1-creation/delivered/.proof/foundation-setup/readiness/mcp-host-observations.json	round-1-creation/delivered/.proof/foundation-setup/readiness/mcp-host-observations.json	a9e27317fcd93e6c2020976a257859ad25e32eaf91d09ce54ac292c9724ef9e3	1412	a9e27317fcd93e6c2020976a257859ad25e32eaf91d09ce54ac292c9724ef9e3	1412	false
examples/foundation/.proof/delivery-fd05fc1-repaired/round-1-creation/delivered/.proof/foundation-setup/readiness/report.json	round-1-creation/delivered/.proof/foundation-setup/readiness/report.json	495c1a42239e30c457c5e810749bb1194bd258b10f4e97766aa08155cfa01862	3152	495c1a42239e30c457c5e810749bb1194bd258b10f4e97766aa08155cfa01862	3152	false
examples/foundation/.proof/delivery-fd05fc1-repaired/round-1-creation/delivered/.proof/foundation-setup/readiness/runtime.log	round-1-creation/delivered/.proof/foundation-setup/readiness/runtime.log	269e000b4ef86563da7ee27ff09c91737edac29d8ae54ab986fdece7f6621f46	1884	269e000b4ef86563da7ee27ff09c91737edac29d8ae54ab986fdece7f6621f46	1884	false
examples/foundation/.proof/delivery-fd05fc1-repaired/round-1-creation/delivered/.proof/foundation-setup/readiness/web-persisted.png	round-1-creation/delivered/.proof/foundation-setup/readiness/web-persisted.png	08e55bf1bee22314612cb2c5fcdd929412a0fcc51e344dcf9b532a6fb93c1af1	30271	08e55bf1bee22314612cb2c5fcdd929412a0fcc51e344dcf9b532a6fb93c1af1	30271	false
examples/foundation/.proof/delivery-fd05fc1-repaired/round-1-creation/delivered/.proof/foundation-setup/readiness-command.log	round-1-creation/delivered/.proof/foundation-setup/readiness-command.log	495c1a42239e30c457c5e810749bb1194bd258b10f4e97766aa08155cfa01862	3152	495c1a42239e30c457c5e810749bb1194bd258b10f4e97766aa08155cfa01862	3152	false
examples/foundation/.proof/delivery-fd05fc1-repaired/round-1-creation/delivered/.proof/foundation-setup/readiness-final/mcp-app-host.png	round-1-creation/delivered/.proof/foundation-setup/readiness-final/mcp-app-host.png	5ec18ba93be348337752af87bc60c61f672e5a69b48c564096f5abdd3a160794	38881	5ec18ba93be348337752af87bc60c61f672e5a69b48c564096f5abdd3a160794	38881	false
examples/foundation/.proof/delivery-fd05fc1-repaired/round-1-creation/delivered/.proof/foundation-setup/readiness-final/mcp-host-observations.json	round-1-creation/delivered/.proof/foundation-setup/readiness-final/mcp-host-observations.json	641b6cfb1ecc48e808506053213536fee608d5a6e1eb237611feb31346938b22	1412	641b6cfb1ecc48e808506053213536fee608d5a6e1eb237611feb31346938b22	1412	false
examples/foundation/.proof/delivery-fd05fc1-repaired/round-1-creation/delivered/.proof/foundation-setup/readiness-final/report.json	round-1-creation/delivered/.proof/foundation-setup/readiness-final/report.json	bd75c6d600a54c598c7cbff13e4ef3689c1541fc8188d81906fa73740f921e50	3152	bd75c6d600a54c598c7cbff13e4ef3689c1541fc8188d81906fa73740f921e50	3152	false
examples/foundation/.proof/delivery-fd05fc1-repaired/round-1-creation/delivered/.proof/foundation-setup/readiness-final/runtime.log	round-1-creation/delivered/.proof/foundation-setup/readiness-final/runtime.log	3eec30416a082eddec4efbba031a55e0e3c49efcbe1ab6881017065723328240	1975	3eec30416a082eddec4efbba031a55e0e3c49efcbe1ab6881017065723328240	1975	false
examples/foundation/.proof/delivery-fd05fc1-repaired/round-1-creation/delivered/.proof/foundation-setup/readiness-final/web-persisted.png	round-1-creation/delivered/.proof/foundation-setup/readiness-final/web-persisted.png	40df777d97f139f7114a355a64ad24d436bbc5f02d6bce8ff1a33f195d9dd566	30908	40df777d97f139f7114a355a64ad24d436bbc5f02d6bce8ff1a33f195d9dd566	30908	false
examples/foundation/.proof/delivery-fd05fc1-repaired/round-1-creation/delivered/.proof/foundation-setup/readiness-final-command.log	round-1-creation/delivered/.proof/foundation-setup/readiness-final-command.log	1f09d4b009c64f5da63acdcc2ae8161169156039538b26a36a767c4777ac2157	3230	1f09d4b009c64f5da63acdcc2ae8161169156039538b26a36a767c4777ac2157	3230	false
examples/foundation/.proof/delivery-fd05fc1-repaired/round-1-creation/delivered/README.md	round-1-creation/delivered/README.md	0773d22018948946391712250b072bac2afb730a5c91e4a1c570edfa7f835f18	9653	0773d22018948946391712250b072bac2afb730a5c91e4a1c570edfa7f835f18	9653	false
examples/foundation/.proof/delivery-fd05fc1-repaired/round-1-creation/delivered/apps/mcp-ui/index.html	round-1-creation/delivered/apps/mcp-ui/index.html	94fe15c034fde9461e7c54c4bbb6e13eceb9bc5ba6305cafa4a7ef146aa4a82e	295	94fe15c034fde9461e7c54c4bbb6e13eceb9bc5ba6305cafa4a7ef146aa4a82e	295	false
examples/foundation/.proof/delivery-fd05fc1-repaired/round-1-creation/delivered/apps/mcp-ui/package.json	round-1-creation/delivered/apps/mcp-ui/package.json	ad665bb56b8ee65c856b1bdcd6c88c8f33cd36f2df2c40e7e12872a9592f5f06	446	ad665bb56b8ee65c856b1bdcd6c88c8f33cd36f2df2c40e7e12872a9592f5f06	446	false
examples/foundation/.proof/delivery-fd05fc1-repaired/round-1-creation/delivered/apps/mcp-ui/src/main.tsx	round-1-creation/delivered/apps/mcp-ui/src/main.tsx	97dd3c35aa605b8983daf0acf06ebe30dcd6aa05a5eabc1e04688b37cc64c37d	5593	97dd3c35aa605b8983daf0acf06ebe30dcd6aa05a5eabc1e04688b37cc64c37d	5593	false
examples/foundation/.proof/delivery-fd05fc1-repaired/round-1-creation/delivered/apps/mcp-ui/tsconfig.json	round-1-creation/delivered/apps/mcp-ui/tsconfig.json	5e0bda48b8b922b60fd2156cd7b2ae77be6501767a0addb9daf2d2b7d6354e25	167	5e0bda48b8b922b60fd2156cd7b2ae77be6501767a0addb9daf2d2b7d6354e25	167	false
examples/foundation/.proof/delivery-fd05fc1-repaired/round-1-creation/delivered/apps/mcp-ui/vite.config.ts	round-1-creation/delivered/apps/mcp-ui/vite.config.ts	2a55d4c288492c76c16e4093db62b199cd65e5849db0ba2d465127b0d9c694e1	264	2a55d4c288492c76c16e4093db62b199cd65e5849db0ba2d465127b0d9c694e1	264	false
examples/foundation/.proof/delivery-fd05fc1-repaired/round-1-creation/delivered/apps/web/.env.example	round-1-creation/delivered/apps/web/.env.example	b0a0ce4f487271efc054bfed28174b7ca284096bb0b551aacc84d2b128720096	275	b0a0ce4f487271efc054bfed28174b7ca284096bb0b551aacc84d2b128720096	275	false
examples/foundation/.proof/delivery-fd05fc1-repaired/round-1-creation/delivered/apps/web/index.html	round-1-creation/delivered/apps/web/index.html	94fe15c034fde9461e7c54c4bbb6e13eceb9bc5ba6305cafa4a7ef146aa4a82e	295	94fe15c034fde9461e7c54c4bbb6e13eceb9bc5ba6305cafa4a7ef146aa4a82e	295	false
examples/foundation/.proof/delivery-fd05fc1-repaired/round-1-creation/delivered/apps/web/package.json	round-1-creation/delivered/apps/web/package.json	3ffd23e1a624defe1b6b33f3c2516038e74a623341d3fe74fa68ed540412ae11	620	3ffd23e1a624defe1b6b33f3c2516038e74a623341d3fe74fa68ed540412ae11	620	false
examples/foundation/.proof/delivery-fd05fc1-repaired/round-1-creation/delivered/apps/web/src/main.tsx	round-1-creation/delivered/apps/web/src/main.tsx	d35db9680fea6c3ce2082d6d9e391b1c3dfe22db5968b28ba2da8da0d76cf9be	2812	d35db9680fea6c3ce2082d6d9e391b1c3dfe22db5968b28ba2da8da0d76cf9be	2812	false
examples/foundation/.proof/delivery-fd05fc1-repaired/round-1-creation/delivered/apps/web/src/router.tsx	round-1-creation/delivered/apps/web/src/router.tsx	d53d6c942972eff2e39f9e9bddaecd54e8210dccf36c86ffd4d2ae239f363798	720	d53d6c942972eff2e39f9e9bddaecd54e8210dccf36c86ffd4d2ae239f363798	720	false
examples/foundation/.proof/delivery-fd05fc1-repaired/round-1-creation/delivered/apps/web/src/work-items.tsx	round-1-creation/delivered/apps/web/src/work-items.tsx	7ec61a361e5cc4a9c001eed4a7f3530215829d6f1e6c446110167c64b41c33a8	6033	7ec61a361e5cc4a9c001eed4a7f3530215829d6f1e6c446110167c64b41c33a8	6033	false
examples/foundation/.proof/delivery-fd05fc1-repaired/round-1-creation/delivered/apps/web/tsconfig.json	round-1-creation/delivered/apps/web/tsconfig.json	5e0bda48b8b922b60fd2156cd7b2ae77be6501767a0addb9daf2d2b7d6354e25	167	5e0bda48b8b922b60fd2156cd7b2ae77be6501767a0addb9daf2d2b7d6354e25	167	false
examples/foundation/.proof/delivery-fd05fc1-repaired/round-1-creation/delivered/apps/web/vite.config.ts	round-1-creation/delivered/apps/web/vite.config.ts	c536b6cd2d08f8c39877d1fffeba7feed91a23f288582a98547f294ab4c609d1	186	c536b6cd2d08f8c39877d1fffeba7feed91a23f288582a98547f294ab4c609d1	186	false
examples/foundation/.proof/delivery-fd05fc1-repaired/round-1-creation/delivered/bun.lock	round-1-creation/delivered/bun.lock	1ed2f09c0b4b4dbd5864f39dbde996958ea6cf2f17bfb33cef64586236d78034	171715	1ed2f09c0b4b4dbd5864f39dbde996958ea6cf2f17bfb33cef64586236d78034	171715	false
examples/foundation/.proof/delivery-fd05fc1-repaired/round-1-creation/delivered/eslint.config.mjs	round-1-creation/delivered/eslint.config.mjs	ffe4ebb5a5c522749f8242d2e16ad3bb46a241e862684891301e831f912cba08	56	ffe4ebb5a5c522749f8242d2e16ad3bb46a241e862684891301e831f912cba08	56	false
examples/foundation/.proof/delivery-fd05fc1-repaired/round-1-creation/delivered/lint-staged.config.mjs	round-1-creation/delivered/lint-staged.config.mjs	81c09831a1333b8058aa111e906125e42bb9e5759f17c62318c21d62225bce00	209	81c09831a1333b8058aa111e906125e42bb9e5759f17c62318c21d62225bce00	209	false
examples/foundation/.proof/delivery-fd05fc1-repaired/round-1-creation/delivered/package.json	round-1-creation/delivered/package.json	7c7db212cb2107c0c0e6ee3bc81cc0d8cc894aa25afd35b6df5e21046de9ddcf	2189	7c7db212cb2107c0c0e6ee3bc81cc0d8cc894aa25afd35b6df5e21046de9ddcf	2189	false
examples/foundation/.proof/delivery-fd05fc1-repaired/round-1-creation/delivered/packages/backend/.env.example	round-1-creation/delivered/packages/backend/.env.example	b8ae67eee31602ab2897a2ff95082c6bd88181efc7a4fb3bbdd4e90fb6f708f8	200	b8ae67eee31602ab2897a2ff95082c6bd88181efc7a4fb3bbdd4e90fb6f708f8	200	false
examples/foundation/.proof/delivery-fd05fc1-repaired/round-1-creation/delivered/packages/backend/.gitignore	round-1-creation/delivered/packages/backend/.gitignore	c1be9a7b83075864153509fa626722510fd2507fe18e4548a4a89e11023048ea	12	c1be9a7b83075864153509fa626722510fd2507fe18e4548a4a89e11023048ea	12	false
examples/foundation/.proof/delivery-fd05fc1-repaired/round-1-creation/delivered/packages/backend/convex/_generated/api.ts	round-1-creation/delivered/packages/backend/convex/_generated/api.ts	b51f59d5f03959d7978ef51ce4bb1918d5e966fcfd6c3510fe5847b65c11fbd2	1400	b51f59d5f03959d7978ef51ce4bb1918d5e966fcfd6c3510fe5847b65c11fbd2	1400	false
examples/foundation/.proof/delivery-fd05fc1-repaired/round-1-creation/delivered/packages/backend/convex/_generated/dataModel.ts	round-1-creation/delivered/packages/backend/convex/_generated/dataModel.ts	db177073d16a4393c7a96bcdc3a2a904e88c2432d54d138ca7715cc431982c17	1736	db177073d16a4393c7a96bcdc3a2a904e88c2432d54d138ca7715cc431982c17	1736	false
examples/foundation/.proof/delivery-fd05fc1-repaired/round-1-creation/delivered/packages/backend/convex/_generated/server.ts	round-1-creation/delivered/packages/backend/convex/_generated/server.ts	4ef510cd49241e28128a9a462daadaa9743c628f3df5c2a3fa4ad3c9af6b9cc4	6349	4ef510cd49241e28128a9a462daadaa9743c628f3df5c2a3fa4ad3c9af6b9cc4	6349	false
examples/foundation/.proof/delivery-fd05fc1-repaired/round-1-creation/delivered/packages/backend/convex/auth.config.ts	round-1-creation/delivered/packages/backend/convex/auth.config.ts	d6881c29a3b941cf0d2ad3e59d4eb26d4804c5731d5b09d4ff4035aa37edd123	2331	d6881c29a3b941cf0d2ad3e59d4eb26d4804c5731d5b09d4ff4035aa37edd123	2331	false
examples/foundation/.proof/delivery-fd05fc1-repaired/round-1-creation/delivered/packages/backend/convex/http.ts	round-1-creation/delivered/packages/backend/convex/http.ts	29d52f06c182108924650627a0c07532b58deac43092827fd2a6e77663e3a434	5047	29d52f06c182108924650627a0c07532b58deac43092827fd2a6e77663e3a434	5047	false
examples/foundation/.proof/delivery-fd05fc1-repaired/round-1-creation/delivered/packages/backend/convex/lib/identity.ts	round-1-creation/delivered/packages/backend/convex/lib/identity.ts	c07154240f019b4a4dafb1514ed4194c6e8479b9f69251c4d4d3c27252fe53da	1287	c07154240f019b4a4dafb1514ed4194c6e8479b9f69251c4d4d3c27252fe53da	1287	false
examples/foundation/.proof/delivery-fd05fc1-repaired/round-1-creation/delivered/packages/backend/convex/lib/mcp.ts	round-1-creation/delivered/packages/backend/convex/lib/mcp.ts	c5d6396b01551d057fa2cb63b175e6b5bb9c20cddcd06367a44cc1c301b11aae	4599	c5d6396b01551d057fa2cb63b175e6b5bb9c20cddcd06367a44cc1c301b11aae	4599	false
examples/foundation/.proof/delivery-fd05fc1-repaired/round-1-creation/delivered/packages/backend/convex/schema.ts	round-1-creation/delivered/packages/backend/convex/schema.ts	dbb8465c66ac2b6b16cd4029797c4a9d2d618c6ebefbfb61820d24e780ea3298	296	dbb8465c66ac2b6b16cd4029797c4a9d2d618c6ebefbfb61820d24e780ea3298	296	false
examples/foundation/.proof/delivery-fd05fc1-repaired/round-1-creation/delivered/packages/backend/convex/tsconfig.json	round-1-creation/delivered/packages/backend/convex/tsconfig.json	94563947ccb3f355ca83a8bb6b85632d6d77a5de9864c973eabeb3dc6a3b68a0	223	94563947ccb3f355ca83a8bb6b85632d6d77a5de9864c973eabeb3dc6a3b68a0	223	false
examples/foundation/.proof/delivery-fd05fc1-repaired/round-1-creation/delivered/packages/backend/convex/workItems.ts	round-1-creation/delivered/packages/backend/convex/workItems.ts	091b683e3f92d4412cd04b8ea2dc2b86729eeb8e21cf32a903f76393087a0963	2394	091b683e3f92d4412cd04b8ea2dc2b86729eeb8e21cf32a903f76393087a0963	2394	false
examples/foundation/.proof/delivery-fd05fc1-repaired/round-1-creation/delivered/packages/backend/convex.json	round-1-creation/delivered/packages/backend/convex.json	fa3e766ef4d424da2f57361dca5369f073981fac42dd0a4e4641d8867faf51f3	135	fa3e766ef4d424da2f57361dca5369f073981fac42dd0a4e4641d8867faf51f3	135	false
examples/foundation/.proof/delivery-fd05fc1-repaired/round-1-creation/delivered/packages/backend/package.json	round-1-creation/delivered/packages/backend/package.json	31b5657d4efecc5dfa7ba55e3d1b88a366950649e1b40e407808888a7c40b655	580	31b5657d4efecc5dfa7ba55e3d1b88a366950649e1b40e407808888a7c40b655	580	false
examples/foundation/.proof/delivery-fd05fc1-repaired/round-1-creation/delivered/packages/backend/tsconfig.json	round-1-creation/delivered/packages/backend/tsconfig.json	4fd3e7337d33f357829d7bb17c24e8c46c5bed068caac3035f7703320a8a5f27	128	4fd3e7337d33f357829d7bb17c24e8c46c5bed068caac3035f7703320a8a5f27	128	false
examples/foundation/.proof/delivery-fd05fc1-repaired/round-1-creation/delivered/packages/config/eslint.mjs	round-1-creation/delivered/packages/config/eslint.mjs	37ab4a3ca105bb08cea6e4c78c94c5994114a1212b73a322975fea90df0a7bbf	6543	37ab4a3ca105bb08cea6e4c78c94c5994114a1212b73a322975fea90df0a7bbf	6543	false
examples/foundation/.proof/delivery-fd05fc1-repaired/round-1-creation/delivered/packages/config/package.json	round-1-creation/delivered/packages/config/package.json	a4f44539cae3b8097d700d6c2103b1789695a95cb7212d1725c0c7a4a8f10050	226	a4f44539cae3b8097d700d6c2103b1789695a95cb7212d1725c0c7a4a8f10050	226	false
examples/foundation/.proof/delivery-fd05fc1-repaired/round-1-creation/delivered/packages/config/typescript.json	round-1-creation/delivered/packages/config/typescript.json	c30e08e49e06495f66993ffc8d55d0e48e9f0ac28d1ed8a105b5fb5cdd97ef09	479	c30e08e49e06495f66993ffc8d55d0e48e9f0ac28d1ed8a105b5fb5cdd97ef09	479	false
examples/foundation/.proof/delivery-fd05fc1-repaired/round-1-creation/delivered/packages/domain/package.json	round-1-creation/delivered/packages/domain/package.json	6b38a411cf16da1daad0a07f6f0e5de738bd523b5d44525e58bc94f8bc13a8ac	259	6b38a411cf16da1daad0a07f6f0e5de738bd523b5d44525e58bc94f8bc13a8ac	259	false
examples/foundation/.proof/delivery-fd05fc1-repaired/round-1-creation/delivered/packages/domain/src/index.ts	round-1-creation/delivered/packages/domain/src/index.ts	5b1e707a9bdab248b40f1414a646c96d3d2fc9651b363bee3d6c1d657d200479	650	5b1e707a9bdab248b40f1414a646c96d3d2fc9651b363bee3d6c1d657d200479	650	false
examples/foundation/.proof/delivery-fd05fc1-repaired/round-1-creation/delivered/packages/domain/tsconfig.json	round-1-creation/delivered/packages/domain/tsconfig.json	9f05a0b0992a69d35ccfd30a7341d9c36fc7eaefb1634d54d6a92030ab4906a4	72	9f05a0b0992a69d35ccfd30a7341d9c36fc7eaefb1634d54d6a92030ab4906a4	72	false
examples/foundation/.proof/delivery-fd05fc1-repaired/round-1-creation/delivered/packages/ui/.storybook/main.ts	round-1-creation/delivered/packages/ui/.storybook/main.ts	5e7138e85e2d936a889a4d9fc83a60343a58adc8ac1378253af4f34de94ca452	370	5e7138e85e2d936a889a4d9fc83a60343a58adc8ac1378253af4f34de94ca452	370	false
examples/foundation/.proof/delivery-fd05fc1-repaired/round-1-creation/delivered/packages/ui/package.json	round-1-creation/delivered/packages/ui/package.json	7d0dacda9d20b8cb71adaf6c7fb60d01c081db8d7121ca2a97ea275785b9dd01	571	7d0dacda9d20b8cb71adaf6c7fb60d01c081db8d7121ca2a97ea275785b9dd01	571	false
examples/foundation/.proof/delivery-fd05fc1-repaired/round-1-creation/delivered/packages/ui/src/WorkItemList.stories.tsx	round-1-creation/delivered/packages/ui/src/WorkItemList.stories.tsx	1dee67d82ea987c646572e6aad354403e92513764fda882c76c93746a5f816c6	835	1dee67d82ea987c646572e6aad354403e92513764fda882c76c93746a5f816c6	835	false
examples/foundation/.proof/delivery-fd05fc1-repaired/round-1-creation/delivered/packages/ui/src/index.tsx	round-1-creation/delivered/packages/ui/src/index.tsx	482517b2f2e77d1e7f4cdf3437dc171d989db1e6dae2bd2a21555f25e29e392c	2843	482517b2f2e77d1e7f4cdf3437dc171d989db1e6dae2bd2a21555f25e29e392c	2843	false
examples/foundation/.proof/delivery-fd05fc1-repaired/round-1-creation/delivered/packages/ui/src/styles.css	round-1-creation/delivered/packages/ui/src/styles.css	ca2eee3281dc72525d1b850e97f56253d45ad269b47fa99c353d29bc60f26e61	3723	ca2eee3281dc72525d1b850e97f56253d45ad269b47fa99c353d29bc60f26e61	3723	false
examples/foundation/.proof/delivery-fd05fc1-repaired/round-1-creation/delivered/packages/ui/src/styles.d.ts	round-1-creation/delivered/packages/ui/src/styles.d.ts	da5bf71d48cf909584a01c80b445f730507068f5b34c920f352e2bfcf0315e4c	24	da5bf71d48cf909584a01c80b445f730507068f5b34c920f352e2bfcf0315e4c	24	false
examples/foundation/.proof/delivery-fd05fc1-repaired/round-1-creation/delivered/packages/ui/tsconfig.json	round-1-creation/delivered/packages/ui/tsconfig.json	d196a02fc942af46994f25a0e87b7cb14782e9412148b0a3e356887e615a8265	181	d196a02fc942af46994f25a0e87b7cb14782e9412148b0a3e356887e615a8265	181	false
examples/foundation/.proof/delivery-fd05fc1-repaired/round-1-creation/delivered/scripts/check.ts	round-1-creation/delivered/scripts/check.ts	9c3cd5de3158b763735ec46563ed24aeecd6d516505e48f18750882e0c02ac68	4480	9c3cd5de3158b763735ec46563ed24aeecd6d516505e48f18750882e0c02ac68	4480	false
examples/foundation/.proof/delivery-fd05fc1-repaired/round-1-creation/delivered/scripts/embed-ui.ts	round-1-creation/delivered/scripts/embed-ui.ts	8d56596ecc114a462c188bbecb4fbb8e61443bf2bbac8c1939dfc1a841b17e9b	572	8d56596ecc114a462c188bbecb4fbb8e61443bf2bbac8c1939dfc1a841b17e9b	572	false
examples/foundation/.proof/delivery-fd05fc1-repaired/round-1-creation/delivered/scripts/enforcement.ts	round-1-creation/delivered/scripts/enforcement.ts	87cf27f64208be19c709ca571abaa5264bd692aa2b755a58906dc5580bd96ce5	5942	87cf27f64208be19c709ca571abaa5264bd692aa2b755a58906dc5580bd96ce5	5942	false
examples/foundation/.proof/delivery-fd05fc1-repaired/round-1-creation/delivered/scripts/http-transport.ts	round-1-creation/delivered/scripts/http-transport.ts	85ef0e5caad04b0f014acb7471208eea113f29bcaadce0a2d9a13a27a4851289	1383	85ef0e5caad04b0f014acb7471208eea113f29bcaadce0a2d9a13a27a4851289	1383	false
examples/foundation/.proof/delivery-fd05fc1-repaired/round-1-creation/delivered/scripts/install-hooks.ts	round-1-creation/delivered/scripts/install-hooks.ts	f243b8720f3fdd779b8374178d8f4eeb7dcd014eb65136972ab6d46f2b5f994b	5553	f243b8720f3fdd779b8374178d8f4eeb7dcd014eb65136972ab6d46f2b5f994b	5553	false
examples/foundation/.proof/delivery-fd05fc1-repaired/round-1-creation/delivered/scripts/mcp-host-browser.ts	round-1-creation/delivered/scripts/mcp-host-browser.ts	686bef7d89f8198b86cee7a1d8b41407fbde7cb5e71e86f35cd0553484a6a03e	7093	686bef7d89f8198b86cee7a1d8b41407fbde7cb5e71e86f35cd0553484a6a03e	7093	false
examples/foundation/.proof/delivery-fd05fc1-repaired/round-1-creation/delivered/scripts/mcp-host.ts	round-1-creation/delivered/scripts/mcp-host.ts	b09829d7958d5faa4ecb9e4f2adf62b956b4007e0bcf2cf09ef4780b073f8958	2901	b09829d7958d5faa4ecb9e4f2adf62b956b4007e0bcf2cf09ef4780b073f8958	2901	false
examples/foundation/.proof/delivery-fd05fc1-repaired/round-1-creation/delivered/scripts/prepare-check.ts	round-1-creation/delivered/scripts/prepare-check.ts	347f97d470d664397c7a3b0258fb5885858b4fb4e6c43b89e248432a8c1457ff	406	347f97d470d664397c7a3b0258fb5885858b4fb4e6c43b89e248432a8c1457ff	406	false
examples/foundation/.proof/delivery-fd05fc1-repaired/round-1-creation/delivered/scripts/readiness.ts	round-1-creation/delivered/scripts/readiness.ts	dc618f7418fa382d0277a8f935149de4b99cc7feeefb4d8cc45123cf48a6314e	33469	dc618f7418fa382d0277a8f935149de4b99cc7feeefb4d8cc45123cf48a6314e	33469	false
examples/foundation/.proof/delivery-fd05fc1-repaired/round-1-creation/delivered/scripts/runtime.ts	round-1-creation/delivered/scripts/runtime.ts	cd21060931e9a9955e8340623fbc63371de9c96620e298641ab18edfd7dee228	13722	cd21060931e9a9955e8340623fbc63371de9c96620e298641ab18edfd7dee228	13722	false
examples/foundation/.proof/delivery-fd05fc1-repaired/round-1-creation/delivered/scripts/source-identity.ts	round-1-creation/delivered/scripts/source-identity.ts	74dee120839a291c38c7e0982747441e1617cd2264dfb9683f6df3574656fe8a	1553	74dee120839a291c38c7e0982747441e1617cd2264dfb9683f6df3574656fe8a	1553	false
examples/foundation/.proof/delivery-fd05fc1-repaired/round-1-creation/delivered/scripts/trials.ts	round-1-creation/delivered/scripts/trials.ts	de1768558f32e3cee9cf760a5c811758879d1690ee5cfc8dafe674672953339c	50142	de1768558f32e3cee9cf760a5c811758879d1690ee5cfc8dafe674672953339c	50142	false
examples/foundation/.proof/delivery-fd05fc1-repaired/round-1-creation/delivered/tests/domain.test.ts	round-1-creation/delivered/tests/domain.test.ts	1f944425bc0b6538246fd90b2b13d3ea87db0d9271befff106c68bc748d58dc7	720	1f944425bc0b6538246fd90b2b13d3ea87db0d9271befff106c68bc748d58dc7	720	false
examples/foundation/.proof/delivery-fd05fc1-repaired/round-1-creation/delivered/tests/proof-policy.test.ts	round-1-creation/delivered/tests/proof-policy.test.ts	1b17c46c5cacab361f28e6949186b8096fa45a7d3a4dcc7a2756eda82027e4c9	5465	1b17c46c5cacab361f28e6949186b8096fa45a7d3a4dcc7a2756eda82027e4c9	5465	false
examples/foundation/.proof/delivery-fd05fc1-repaired/round-1-creation/delivered/tests/provenance.test.ts	round-1-creation/delivered/tests/provenance.test.ts	dd94880e1c05c48a8ae8f5f4f03c573e978b185f59cdd3a76e13f51495028fd2	1385	dd94880e1c05c48a8ae8f5f4f03c573e978b185f59cdd3a76e13f51495028fd2	1385	false
examples/foundation/.proof/delivery-fd05fc1-repaired/round-1-creation/delivered/tests/trials.test.ts	round-1-creation/delivered/tests/trials.test.ts	8870f18b15f429ab12ea28e693acf12fc79f0599fc6a81076eeb29f81129df27	31091	8870f18b15f429ab12ea28e693acf12fc79f0599fc6a81076eeb29f81129df27	31091	false
examples/foundation/.proof/delivery-fd05fc1-repaired/round-1-creation/delivered/tsconfig.json	round-1-creation/delivered/tsconfig.json	4240a50aa7aac54aa69314488ca4ec20774566777d0ea914f03df46173f69ebd	255	4240a50aa7aac54aa69314488ca4ec20774566777d0ea914f03df46173f69ebd	255	false
examples/foundation/.proof/delivery-fd05fc1-repaired/round-1-creation/delivered/turbo.json	round-1-creation/delivered/turbo.json	448cad77683c89e74ad9ed77a55cdd262ab03f86c15a668d3257cd9d354d3e03	655	448cad77683c89e74ad9ed77a55cdd262ab03f86c15a668d3257cd9d354d3e03	655	false
examples/foundation/.proof/delivery-fd05fc1-repaired/round-1-creation/delivered-files.json	round-1-creation/delivered-files.json	ecdef77db552788b69c7662165c5418d304617fea277813387e50e4138837615	10369	ecdef77db552788b69c7662165c5418d304617fea277813387e50e4138837615	10369	false
examples/foundation/.proof/delivery-fd05fc1-repaired/round-1-creation/retention.json	round-1-creation/retention.json	4657e68d75499e16f6bef2080f68f1e0e18f9feac5a808e5f9e87acabc6ce24d	27026	4657e68d75499e16f6bef2080f68f1e0e18f9feac5a808e5f9e87acabc6ce24d	27026	false
examples/foundation/.proof/delivery-fd05fc1-repaired/round-1-creation/review/events.jsonl	round-1-creation/review/events.jsonl	0b1c2735073851950b3460fe74d0b4cbc9bcc28df5bb2fb551eb1481da88f9b5	366233	a35f90a8c44b202018393538283fa93ff178a3e4fb0b95d5bcca39069bacba39	364555	true
examples/foundation/.proof/delivery-fd05fc1-repaired/round-1-creation/review/final.json	round-1-creation/review/final.json	f125877ea792707bcf724f813eed464df7d94c546123d336e5a48c81f0338ca0	4504	f125877ea792707bcf724f813eed464df7d94c546123d336e5a48c81f0338ca0	4504	false
examples/foundation/.proof/delivery-fd05fc1-repaired/round-1-creation/review/prompt.txt	round-1-creation/review/prompt.txt	ae5423e03f6aa26472f2e15be188a7e20d94eed803f9d17b7a79c8537b4b4077	8698	d9256c4637a6d2aec611e8cacf37e31daa5ee93794381597d07120dfd64accc3	8585	true
examples/foundation/.proof/delivery-fd05fc1-repaired/round-1-creation/review/schema.json	round-1-creation/review/schema.json	8bd8c27669638fc084dfe40d134d5a9fd53a260ec0a67a31d1260ed528a1a250	2255	8bd8c27669638fc084dfe40d134d5a9fd53a260ec0a67a31d1260ed528a1a250	2255	false
examples/foundation/.proof/delivery-fd05fc1-repaired/round-1-creation/review/stderr.log	round-1-creation/review/stderr.log	03aef27ffdbdcffe2cb5b553818b5e4b742581babcae08f6c0475eb03ddca6a3	1664	421980823f096f53438353488d6873b626f354aad59d2b45cc7e99145df57561	1661	true
examples/foundation/.proof/delivery-fd05fc1-repaired/round-1-creation/task/events.jsonl	round-1-creation/task/events.jsonl	6ebf04e80641fe70582f2def932ee7672f1c71e5e64bfdbee2621651e1cd574f	291935	85525ac354c8c8d0f97745121112970b0bc6ee4687da16ea364f3b03f9292c7a	290206	true
examples/foundation/.proof/delivery-fd05fc1-repaired/round-1-creation/task/final.json	round-1-creation/task/final.json	8c2b5223926f65605c558063c9d5334ae653e0acd474eca413e7396b268bc9a2	1033	8c2b5223926f65605c558063c9d5334ae653e0acd474eca413e7396b268bc9a2	1033	false
examples/foundation/.proof/delivery-fd05fc1-repaired/round-1-creation/task/prompt.txt	round-1-creation/task/prompt.txt	554c24b3fd950a4a6f3ce9d71550d96c516305784c596aa2c8e69d9bc760e365	948	2a4624674ef08e273a39a7be3b3df801c74b39db3aebd082861cbf73629a242a	911	true
examples/foundation/.proof/delivery-fd05fc1-repaired/round-1-creation/task/schema.json	round-1-creation/task/schema.json	09d88e02a278f8f9f9c9e73dfadc39517f75c9a27a230302ee897a6dada2275b	745	09d88e02a278f8f9f9c9e73dfadc39517f75c9a27a230302ee897a6dada2275b	745	false
examples/foundation/.proof/delivery-fd05fc1-repaired/round-1-creation/task/stderr.log	round-1-creation/task/stderr.log	8a40d96f9a5d26b53e38883132ca04260d95a52311caeb652df496f5fffe5757	1330	c30c3cb425afc341bb61e02c067ef9eb0a3630398764aabe5e900784fbf72199	1327	true
examples/foundation/.proof/delivery-fd05fc1-repaired/round-1-creation/task.txt	round-1-creation/task.txt	da85170f0069ffd563a37d8def13f05ab0edf5dd730761bb5d0f5a8c3607762e	460	7dba46e57d5cf8e2449fe4c5e568b0c5d19c259fbec5b28a3d577e957511c02f	423	true
examples/foundation/.proof/delivery-fd05fc1-repaired/round-1-feature/acceptance/command.log	round-1-feature/acceptance/command.log	c75a1fbfce7e51f05752e1d8bae5ea6aab4330e5bb2d1019177f7adba918f472	4027	c75a1fbfce7e51f05752e1d8bae5ea6aab4330e5bb2d1019177f7adba918f472	4027	false
examples/foundation/.proof/delivery-fd05fc1-repaired/round-1-feature/acceptance/mcp-app-host.png	round-1-feature/acceptance/mcp-app-host.png	2f9a43facb859206823d4f569af78270f36ed4c59ea454fbd9246eee23820e46	38814	2f9a43facb859206823d4f569af78270f36ed4c59ea454fbd9246eee23820e46	38814	false
examples/foundation/.proof/delivery-fd05fc1-repaired/round-1-feature/acceptance/mcp-host-observations.json	round-1-feature/acceptance/mcp-host-observations.json	e9f80cc9ab9c39010fdc4e922c16ceedc03d38cea38a22abdabaf136d3ceb186	1412	e9f80cc9ab9c39010fdc4e922c16ceedc03d38cea38a22abdabaf136d3ceb186	1412	false
examples/foundation/.proof/delivery-fd05fc1-repaired/round-1-feature/acceptance/report.json	round-1-feature/acceptance/report.json	c75a1fbfce7e51f05752e1d8bae5ea6aab4330e5bb2d1019177f7adba918f472	4027	c75a1fbfce7e51f05752e1d8bae5ea6aab4330e5bb2d1019177f7adba918f472	4027	false
examples/foundation/.proof/delivery-fd05fc1-repaired/round-1-feature/acceptance/runtime.log	round-1-feature/acceptance/runtime.log	a170e99f1d005f2f88b5b3753f6236ad7fa7699e4aaa3399e96a5b83a3383892	1884	a170e99f1d005f2f88b5b3753f6236ad7fa7699e4aaa3399e96a5b83a3383892	1884	false
examples/foundation/.proof/delivery-fd05fc1-repaired/round-1-feature/acceptance/title-edit.png	round-1-feature/acceptance/title-edit.png	4f5e5abfa5e3cde9a5f6bc31f1251b8e9fbda3de472de4a6bfcae98e9c3efebf	37793	4f5e5abfa5e3cde9a5f6bc31f1251b8e9fbda3de472de4a6bfcae98e9c3efebf	37793	false
examples/foundation/.proof/delivery-fd05fc1-repaired/round-1-feature/acceptance/web-persisted.png	round-1-feature/acceptance/web-persisted.png	3fcc9666db15b3f53e8c200821255ab568f624f63b5277738847bc91c6f3d592	31801	3fcc9666db15b3f53e8c200821255ab568f624f63b5277738847bc91c6f3d592	31801	false
examples/foundation/.proof/delivery-fd05fc1-repaired/round-1-feature/acceptance.json	round-1-feature/acceptance.json	1e05df2b09d62e697e8b43871f786a0f7770642bf689bbdc8eb1466674e6da32	4782	2a79c44ca7c409fc1e2d4af7af988bf85ea19d0b0467e1705f899cd7c61e8c8f	4707	true
examples/foundation/.proof/delivery-fd05fc1-repaired/round-1-feature/change.diff	round-1-feature/change.diff	997d1adaf3f1efb6f5dd64d36be2eb6072ead44683426cd47de0e74d2a8c74fe	12912	997d1adaf3f1efb6f5dd64d36be2eb6072ead44683426cd47de0e74d2a8c74fe	12912	false
examples/foundation/.proof/delivery-fd05fc1-repaired/round-1-feature/delivered/.astack/feature-map/work-items/README.md	round-1-feature/delivered/.astack/feature-map/work-items/README.md	f22f22985ef1a9782e4c6a9a074bd90328e7cde7644dfa3719c926410782bed5	383	f22f22985ef1a9782e4c6a9a074bd90328e7cde7644dfa3719c926410782bed5	383	false
examples/foundation/.proof/delivery-fd05fc1-repaired/round-1-feature/delivered/.astack/feature-map/work-items/work-items.md	round-1-feature/delivered/.astack/feature-map/work-items/work-items.md	ec2e7d8dbb2d4265c20230f1537c9fb7bbf8152a1dada6439881c71a06e57424	2172	ec2e7d8dbb2d4265c20230f1537c9fb7bbf8152a1dada6439881c71a06e57424	2172	false
examples/foundation/.proof/delivery-fd05fc1-repaired/round-1-feature/delivered/.astack/project.md	round-1-feature/delivered/.astack/project.md	1bbff417fbc7e79f306da3c1a90e0158fc50bde7656d7dca1d9deadf6e50ce2b	1419	1bbff417fbc7e79f306da3c1a90e0158fc50bde7656d7dca1d9deadf6e50ce2b	1419	false
examples/foundation/.proof/delivery-fd05fc1-repaired/round-1-feature/delivered/.astack/scaffold.json	round-1-feature/delivered/.astack/scaffold.json	cf1d6b534dc7990c644895e4bfd02e5dc3916af08ff9ac848ab933f5b8b7e2b7	274	cf1d6b534dc7990c644895e4bfd02e5dc3916af08ff9ac848ab933f5b8b7e2b7	274	false
examples/foundation/.proof/delivery-fd05fc1-repaired/round-1-feature/delivered/.codex/skills/astack-work-items/SKILL.md	round-1-feature/delivered/.codex/skills/astack-work-items/SKILL.md	d6d82b88246cd96512e1a0c5a022c2f3a7d80a1eb164e905dc0d4232d6133fb2	1242	d6d82b88246cd96512e1a0c5a022c2f3a7d80a1eb164e905dc0d4232d6133fb2	1242	false
examples/foundation/.proof/delivery-fd05fc1-repaired/round-1-feature/delivered/.codex/skills/astack-work-items/control.ts	round-1-feature/delivered/.codex/skills/astack-work-items/control.ts	78daca53062dfb26bc78cfaf8bb8d70b2b2af2fa266484cc3c4e190591f0fcce	1271	78daca53062dfb26bc78cfaf8bb8d70b2b2af2fa266484cc3c4e190591f0fcce	1271	false
examples/foundation/.proof/delivery-fd05fc1-repaired/round-1-feature/delivered/.gitignore	round-1-feature/delivered/.gitignore	d7cfccfef537709ee2dd5dc14c0406dc2bd50fee52c785f481010b2689a9db7b	133	d7cfccfef537709ee2dd5dc14c0406dc2bd50fee52c785f481010b2689a9db7b	133	false
examples/foundation/.proof/delivery-fd05fc1-repaired/round-1-feature/delivered/.husky/pre-commit	round-1-feature/delivered/.husky/pre-commit	49db70e604bf06f5bda03778a71d8bb249cd4af481ca976e5b35cb754532b042	194	49db70e604bf06f5bda03778a71d8bb249cd4af481ca976e5b35cb754532b042	194	false
examples/foundation/.proof/delivery-fd05fc1-repaired/round-1-feature/delivered/.prettierignore	round-1-feature/delivered/.prettierignore	077f2966b94e14c1bf40a136c4a9fecfb41e793e32d18d07413873994263d7ad	101	077f2966b94e14c1bf40a136c4a9fecfb41e793e32d18d07413873994263d7ad	101	false
examples/foundation/.proof/delivery-fd05fc1-repaired/round-1-feature/delivered/.prettierrc.json	round-1-feature/delivered/.prettierrc.json	32dcd743a0ffca59a737c87abcfcc3f57a0cede5cedb6a8b1b68d32a3b6d4506	48	32dcd743a0ffca59a737c87abcfcc3f57a0cede5cedb6a8b1b68d32a3b6d4506	48	false
examples/foundation/.proof/delivery-fd05fc1-repaired/round-1-feature/delivered/.proof/title-edit/mcp-app-host.png	round-1-feature/delivered/.proof/title-edit/mcp-app-host.png	d7646cb7425e33789b20f6289a3cddfca621cf62c29b6f200b305a191b6d9f5a	38487	d7646cb7425e33789b20f6289a3cddfca621cf62c29b6f200b305a191b6d9f5a	38487	false
examples/foundation/.proof/delivery-fd05fc1-repaired/round-1-feature/delivered/.proof/title-edit/mcp-host-observations.json	round-1-feature/delivered/.proof/title-edit/mcp-host-observations.json	4bb89e45a880b5a6d5e9a7f6d3351bedb5d926ba368010531b58079d2c4585b4	1412	4bb89e45a880b5a6d5e9a7f6d3351bedb5d926ba368010531b58079d2c4585b4	1412	false
examples/foundation/.proof/delivery-fd05fc1-repaired/round-1-feature/delivered/.proof/title-edit/report.json	round-1-feature/delivered/.proof/title-edit/report.json	bc9ed358da1c780127054da26e84b4fbffd69027ac9ed88f0830659089f96ec3	4027	bc9ed358da1c780127054da26e84b4fbffd69027ac9ed88f0830659089f96ec3	4027	false
examples/foundation/.proof/delivery-fd05fc1-repaired/round-1-feature/delivered/.proof/title-edit/runtime.log	round-1-feature/delivered/.proof/title-edit/runtime.log	6670f7036638c2b0b7a23df9931cba4deda494fa3f430b9ad7a3b662c5d93dfb	1974	6670f7036638c2b0b7a23df9931cba4deda494fa3f430b9ad7a3b662c5d93dfb	1974	false
examples/foundation/.proof/delivery-fd05fc1-repaired/round-1-feature/delivered/.proof/title-edit/title-edit.png	round-1-feature/delivered/.proof/title-edit/title-edit.png	039aa9eb5bf2766aa474fa2932f33e86b9913872372c8e6007385d1dcf7a364d	32820	039aa9eb5bf2766aa474fa2932f33e86b9913872372c8e6007385d1dcf7a364d	32820	false
examples/foundation/.proof/delivery-fd05fc1-repaired/round-1-feature/delivered/.proof/title-edit/web-persisted.png	round-1-feature/delivered/.proof/title-edit/web-persisted.png	38009a9b90ad315d3cea8de3ebd8605431d7a81e30a8c61ccaca9e97228c3394	31421	38009a9b90ad315d3cea8de3ebd8605431d7a81e30a8c61ccaca9e97228c3394	31421	false
examples/foundation/.proof/delivery-fd05fc1-repaired/round-1-feature/delivered/.proof/title-edit-baseline/mcp-app-host.png	round-1-feature/delivered/.proof/title-edit-baseline/mcp-app-host.png	0aa7a9e65d8151de7a3c70e40a0116e1f731226a078f58d43b6dcb6adcb01d69	38465	0aa7a9e65d8151de7a3c70e40a0116e1f731226a078f58d43b6dcb6adcb01d69	38465	false
examples/foundation/.proof/delivery-fd05fc1-repaired/round-1-feature/delivered/.proof/title-edit-baseline/mcp-host-observations.json	round-1-feature/delivered/.proof/title-edit-baseline/mcp-host-observations.json	64a087391ec59cf52d05af1d91831e1c27340466b9a2ef761bcf212a15e60c47	1412	64a087391ec59cf52d05af1d91831e1c27340466b9a2ef761bcf212a15e60c47	1412	false
examples/foundation/.proof/delivery-fd05fc1-repaired/round-1-feature/delivered/.proof/title-edit-baseline/report.json	round-1-feature/delivered/.proof/title-edit-baseline/report.json	59db74aa735ee214313053a0411c9c9f37e937f0f67d16bea6921605d02cdcfa	3152	59db74aa735ee214313053a0411c9c9f37e937f0f67d16bea6921605d02cdcfa	3152	false
examples/foundation/.proof/delivery-fd05fc1-repaired/round-1-feature/delivered/.proof/title-edit-baseline/runtime.log	round-1-feature/delivered/.proof/title-edit-baseline/runtime.log	d45c679f348c407b28e48f8bca8ca49df6f6902508551951d10c801e17539d10	1975	d45c679f348c407b28e48f8bca8ca49df6f6902508551951d10c801e17539d10	1975	false
examples/foundation/.proof/delivery-fd05fc1-repaired/round-1-feature/delivered/.proof/title-edit-baseline/web-persisted.png	round-1-feature/delivered/.proof/title-edit-baseline/web-persisted.png	1a89976efe04a247940c0be3760ef8fd33f2cdc26fd200dde8a4d99229973bed	31675	1a89976efe04a247940c0be3760ef8fd33f2cdc26fd200dde8a4d99229973bed	31675	false
examples/foundation/.proof/delivery-fd05fc1-repaired/round-1-feature/delivered/.proof/title-edit-final/mcp-app-host.png	round-1-feature/delivered/.proof/title-edit-final/mcp-app-host.png	2af538358d99f371992625b88fa748afcb7d16a8d4b9bd2dba0333ab38509c49	38310	2af538358d99f371992625b88fa748afcb7d16a8d4b9bd2dba0333ab38509c49	38310	false
examples/foundation/.proof/delivery-fd05fc1-repaired/round-1-feature/delivered/.proof/title-edit-final/mcp-host-observations.json	round-1-feature/delivered/.proof/title-edit-final/mcp-host-observations.json	700da452ef90b76076344db1692210290793d53af90a109bc387396074eefa8c	1412	700da452ef90b76076344db1692210290793d53af90a109bc387396074eefa8c	1412	false
examples/foundation/.proof/delivery-fd05fc1-repaired/round-1-feature/delivered/.proof/title-edit-final/report.json	round-1-feature/delivered/.proof/title-edit-final/report.json	8da0555658f308fd50a0c4b8b9995648147500d7d5751c1c0542850465311249	4027	8da0555658f308fd50a0c4b8b9995648147500d7d5751c1c0542850465311249	4027	false
examples/foundation/.proof/delivery-fd05fc1-repaired/round-1-feature/delivered/.proof/title-edit-final/runtime.log	round-1-feature/delivered/.proof/title-edit-final/runtime.log	bfb357c200959cbe331eb93eaf077fc8d4e2a45db2f94e8594f2b7d54248e940	1884	bfb357c200959cbe331eb93eaf077fc8d4e2a45db2f94e8594f2b7d54248e940	1884	false
examples/foundation/.proof/delivery-fd05fc1-repaired/round-1-feature/delivered/.proof/title-edit-final/title-edit.png	round-1-feature/delivered/.proof/title-edit-final/title-edit.png	4f5e5abfa5e3cde9a5f6bc31f1251b8e9fbda3de472de4a6bfcae98e9c3efebf	37793	4f5e5abfa5e3cde9a5f6bc31f1251b8e9fbda3de472de4a6bfcae98e9c3efebf	37793	false
examples/foundation/.proof/delivery-fd05fc1-repaired/round-1-feature/delivered/.proof/title-edit-final/web-persisted.png	round-1-feature/delivered/.proof/title-edit-final/web-persisted.png	fa38a0f65918edb54fb23a526aeab67c2cd650516a3eceda28719af962a293f7	31600	fa38a0f65918edb54fb23a526aeab67c2cd650516a3eceda28719af962a293f7	31600	false
examples/foundation/.proof/delivery-fd05fc1-repaired/round-1-feature/delivered/README.md	round-1-feature/delivered/README.md	0773d22018948946391712250b072bac2afb730a5c91e4a1c570edfa7f835f18	9653	0773d22018948946391712250b072bac2afb730a5c91e4a1c570edfa7f835f18	9653	false
examples/foundation/.proof/delivery-fd05fc1-repaired/round-1-feature/delivered/apps/mcp-ui/index.html	round-1-feature/delivered/apps/mcp-ui/index.html	94fe15c034fde9461e7c54c4bbb6e13eceb9bc5ba6305cafa4a7ef146aa4a82e	295	94fe15c034fde9461e7c54c4bbb6e13eceb9bc5ba6305cafa4a7ef146aa4a82e	295	false
examples/foundation/.proof/delivery-fd05fc1-repaired/round-1-feature/delivered/apps/mcp-ui/package.json	round-1-feature/delivered/apps/mcp-ui/package.json	ad665bb56b8ee65c856b1bdcd6c88c8f33cd36f2df2c40e7e12872a9592f5f06	446	ad665bb56b8ee65c856b1bdcd6c88c8f33cd36f2df2c40e7e12872a9592f5f06	446	false
examples/foundation/.proof/delivery-fd05fc1-repaired/round-1-feature/delivered/apps/mcp-ui/src/main.tsx	round-1-feature/delivered/apps/mcp-ui/src/main.tsx	97dd3c35aa605b8983daf0acf06ebe30dcd6aa05a5eabc1e04688b37cc64c37d	5593	97dd3c35aa605b8983daf0acf06ebe30dcd6aa05a5eabc1e04688b37cc64c37d	5593	false
examples/foundation/.proof/delivery-fd05fc1-repaired/round-1-feature/delivered/apps/mcp-ui/tsconfig.json	round-1-feature/delivered/apps/mcp-ui/tsconfig.json	5e0bda48b8b922b60fd2156cd7b2ae77be6501767a0addb9daf2d2b7d6354e25	167	5e0bda48b8b922b60fd2156cd7b2ae77be6501767a0addb9daf2d2b7d6354e25	167	false
examples/foundation/.proof/delivery-fd05fc1-repaired/round-1-feature/delivered/apps/mcp-ui/vite.config.ts	round-1-feature/delivered/apps/mcp-ui/vite.config.ts	2a55d4c288492c76c16e4093db62b199cd65e5849db0ba2d465127b0d9c694e1	264	2a55d4c288492c76c16e4093db62b199cd65e5849db0ba2d465127b0d9c694e1	264	false
examples/foundation/.proof/delivery-fd05fc1-repaired/round-1-feature/delivered/apps/web/.env.example	round-1-feature/delivered/apps/web/.env.example	b0a0ce4f487271efc054bfed28174b7ca284096bb0b551aacc84d2b128720096	275	b0a0ce4f487271efc054bfed28174b7ca284096bb0b551aacc84d2b128720096	275	false
examples/foundation/.proof/delivery-fd05fc1-repaired/round-1-feature/delivered/apps/web/index.html	round-1-feature/delivered/apps/web/index.html	94fe15c034fde9461e7c54c4bbb6e13eceb9bc5ba6305cafa4a7ef146aa4a82e	295	94fe15c034fde9461e7c54c4bbb6e13eceb9bc5ba6305cafa4a7ef146aa4a82e	295	false
examples/foundation/.proof/delivery-fd05fc1-repaired/round-1-feature/delivered/apps/web/package.json	round-1-feature/delivered/apps/web/package.json	3ffd23e1a624defe1b6b33f3c2516038e74a623341d3fe74fa68ed540412ae11	620	3ffd23e1a624defe1b6b33f3c2516038e74a623341d3fe74fa68ed540412ae11	620	false
examples/foundation/.proof/delivery-fd05fc1-repaired/round-1-feature/delivered/apps/web/src/main.tsx	round-1-feature/delivered/apps/web/src/main.tsx	d35db9680fea6c3ce2082d6d9e391b1c3dfe22db5968b28ba2da8da0d76cf9be	2812	d35db9680fea6c3ce2082d6d9e391b1c3dfe22db5968b28ba2da8da0d76cf9be	2812	false
examples/foundation/.proof/delivery-fd05fc1-repaired/round-1-feature/delivered/apps/web/src/router.tsx	round-1-feature/delivered/apps/web/src/router.tsx	d53d6c942972eff2e39f9e9bddaecd54e8210dccf36c86ffd4d2ae239f363798	720	d53d6c942972eff2e39f9e9bddaecd54e8210dccf36c86ffd4d2ae239f363798	720	false
examples/foundation/.proof/delivery-fd05fc1-repaired/round-1-feature/delivered/apps/web/src/work-items.tsx	round-1-feature/delivered/apps/web/src/work-items.tsx	38e59df304f35e9085428157e4daffd2502ac4b52970d39cc05b043167533c4d	9824	38e59df304f35e9085428157e4daffd2502ac4b52970d39cc05b043167533c4d	9824	false
examples/foundation/.proof/delivery-fd05fc1-repaired/round-1-feature/delivered/apps/web/tsconfig.json	round-1-feature/delivered/apps/web/tsconfig.json	5e0bda48b8b922b60fd2156cd7b2ae77be6501767a0addb9daf2d2b7d6354e25	167	5e0bda48b8b922b60fd2156cd7b2ae77be6501767a0addb9daf2d2b7d6354e25	167	false
examples/foundation/.proof/delivery-fd05fc1-repaired/round-1-feature/delivered/apps/web/vite.config.ts	round-1-feature/delivered/apps/web/vite.config.ts	c536b6cd2d08f8c39877d1fffeba7feed91a23f288582a98547f294ab4c609d1	186	c536b6cd2d08f8c39877d1fffeba7feed91a23f288582a98547f294ab4c609d1	186	false
examples/foundation/.proof/delivery-fd05fc1-repaired/round-1-feature/delivered/bun.lock	round-1-feature/delivered/bun.lock	1ed2f09c0b4b4dbd5864f39dbde996958ea6cf2f17bfb33cef64586236d78034	171715	1ed2f09c0b4b4dbd5864f39dbde996958ea6cf2f17bfb33cef64586236d78034	171715	false
examples/foundation/.proof/delivery-fd05fc1-repaired/round-1-feature/delivered/eslint.config.mjs	round-1-feature/delivered/eslint.config.mjs	ffe4ebb5a5c522749f8242d2e16ad3bb46a241e862684891301e831f912cba08	56	ffe4ebb5a5c522749f8242d2e16ad3bb46a241e862684891301e831f912cba08	56	false
examples/foundation/.proof/delivery-fd05fc1-repaired/round-1-feature/delivered/lint-staged.config.mjs	round-1-feature/delivered/lint-staged.config.mjs	81c09831a1333b8058aa111e906125e42bb9e5759f17c62318c21d62225bce00	209	81c09831a1333b8058aa111e906125e42bb9e5759f17c62318c21d62225bce00	209	false
examples/foundation/.proof/delivery-fd05fc1-repaired/round-1-feature/delivered/package.json	round-1-feature/delivered/package.json	7c7db212cb2107c0c0e6ee3bc81cc0d8cc894aa25afd35b6df5e21046de9ddcf	2189	7c7db212cb2107c0c0e6ee3bc81cc0d8cc894aa25afd35b6df5e21046de9ddcf	2189	false
examples/foundation/.proof/delivery-fd05fc1-repaired/round-1-feature/delivered/packages/backend/.env.example	round-1-feature/delivered/packages/backend/.env.example	b8ae67eee31602ab2897a2ff95082c6bd88181efc7a4fb3bbdd4e90fb6f708f8	200	b8ae67eee31602ab2897a2ff95082c6bd88181efc7a4fb3bbdd4e90fb6f708f8	200	false
examples/foundation/.proof/delivery-fd05fc1-repaired/round-1-feature/delivered/packages/backend/.gitignore	round-1-feature/delivered/packages/backend/.gitignore	c1be9a7b83075864153509fa626722510fd2507fe18e4548a4a89e11023048ea	12	c1be9a7b83075864153509fa626722510fd2507fe18e4548a4a89e11023048ea	12	false
examples/foundation/.proof/delivery-fd05fc1-repaired/round-1-feature/delivered/packages/backend/convex/_generated/api.ts	round-1-feature/delivered/packages/backend/convex/_generated/api.ts	b51f59d5f03959d7978ef51ce4bb1918d5e966fcfd6c3510fe5847b65c11fbd2	1400	b51f59d5f03959d7978ef51ce4bb1918d5e966fcfd6c3510fe5847b65c11fbd2	1400	false
examples/foundation/.proof/delivery-fd05fc1-repaired/round-1-feature/delivered/packages/backend/convex/_generated/dataModel.ts	round-1-feature/delivered/packages/backend/convex/_generated/dataModel.ts	db177073d16a4393c7a96bcdc3a2a904e88c2432d54d138ca7715cc431982c17	1736	db177073d16a4393c7a96bcdc3a2a904e88c2432d54d138ca7715cc431982c17	1736	false
examples/foundation/.proof/delivery-fd05fc1-repaired/round-1-feature/delivered/packages/backend/convex/_generated/server.ts	round-1-feature/delivered/packages/backend/convex/_generated/server.ts	4ef510cd49241e28128a9a462daadaa9743c628f3df5c2a3fa4ad3c9af6b9cc4	6349	4ef510cd49241e28128a9a462daadaa9743c628f3df5c2a3fa4ad3c9af6b9cc4	6349	false
examples/foundation/.proof/delivery-fd05fc1-repaired/round-1-feature/delivered/packages/backend/convex/auth.config.ts	round-1-feature/delivered/packages/backend/convex/auth.config.ts	d6881c29a3b941cf0d2ad3e59d4eb26d4804c5731d5b09d4ff4035aa37edd123	2331	d6881c29a3b941cf0d2ad3e59d4eb26d4804c5731d5b09d4ff4035aa37edd123	2331	false
examples/foundation/.proof/delivery-fd05fc1-repaired/round-1-feature/delivered/packages/backend/convex/http.ts	round-1-feature/delivered/packages/backend/convex/http.ts	29d52f06c182108924650627a0c07532b58deac43092827fd2a6e77663e3a434	5047	29d52f06c182108924650627a0c07532b58deac43092827fd2a6e77663e3a434	5047	false
examples/foundation/.proof/delivery-fd05fc1-repaired/round-1-feature/delivered/packages/backend/convex/lib/identity.ts	round-1-feature/delivered/packages/backend/convex/lib/identity.ts	c07154240f019b4a4dafb1514ed4194c6e8479b9f69251c4d4d3c27252fe53da	1287	c07154240f019b4a4dafb1514ed4194c6e8479b9f69251c4d4d3c27252fe53da	1287	false
examples/foundation/.proof/delivery-fd05fc1-repaired/round-1-feature/delivered/packages/backend/convex/lib/mcp.ts	round-1-feature/delivered/packages/backend/convex/lib/mcp.ts	b9cf5c4d3684dc097e150e25249430b2a7017eb50f6c7d1e7fcd448cbde5e822	5454	b9cf5c4d3684dc097e150e25249430b2a7017eb50f6c7d1e7fcd448cbde5e822	5454	false
examples/foundation/.proof/delivery-fd05fc1-repaired/round-1-feature/delivered/packages/backend/convex/schema.ts	round-1-feature/delivered/packages/backend/convex/schema.ts	dbb8465c66ac2b6b16cd4029797c4a9d2d618c6ebefbfb61820d24e780ea3298	296	dbb8465c66ac2b6b16cd4029797c4a9d2d618c6ebefbfb61820d24e780ea3298	296	false
examples/foundation/.proof/delivery-fd05fc1-repaired/round-1-feature/delivered/packages/backend/convex/tsconfig.json	round-1-feature/delivered/packages/backend/convex/tsconfig.json	94563947ccb3f355ca83a8bb6b85632d6d77a5de9864c973eabeb3dc6a3b68a0	223	94563947ccb3f355ca83a8bb6b85632d6d77a5de9864c973eabeb3dc6a3b68a0	223	false
examples/foundation/.proof/delivery-fd05fc1-repaired/round-1-feature/delivered/packages/backend/convex/workItems.ts	round-1-feature/delivered/packages/backend/convex/workItems.ts	7ddad640dd9c89790df4ceb14d3685ef5665d9b4941c4fdf91e3870cbdfd0ea4	3096	7ddad640dd9c89790df4ceb14d3685ef5665d9b4941c4fdf91e3870cbdfd0ea4	3096	false
examples/foundation/.proof/delivery-fd05fc1-repaired/round-1-feature/delivered/packages/backend/convex.json	round-1-feature/delivered/packages/backend/convex.json	fa3e766ef4d424da2f57361dca5369f073981fac42dd0a4e4641d8867faf51f3	135	fa3e766ef4d424da2f57361dca5369f073981fac42dd0a4e4641d8867faf51f3	135	false
examples/foundation/.proof/delivery-fd05fc1-repaired/round-1-feature/delivered/packages/backend/package.json	round-1-feature/delivered/packages/backend/package.json	31b5657d4efecc5dfa7ba55e3d1b88a366950649e1b40e407808888a7c40b655	580	31b5657d4efecc5dfa7ba55e3d1b88a366950649e1b40e407808888a7c40b655	580	false
examples/foundation/.proof/delivery-fd05fc1-repaired/round-1-feature/delivered/packages/backend/tsconfig.json	round-1-feature/delivered/packages/backend/tsconfig.json	4fd3e7337d33f357829d7bb17c24e8c46c5bed068caac3035f7703320a8a5f27	128	4fd3e7337d33f357829d7bb17c24e8c46c5bed068caac3035f7703320a8a5f27	128	false
examples/foundation/.proof/delivery-fd05fc1-repaired/round-1-feature/delivered/packages/config/eslint.mjs	round-1-feature/delivered/packages/config/eslint.mjs	37ab4a3ca105bb08cea6e4c78c94c5994114a1212b73a322975fea90df0a7bbf	6543	37ab4a3ca105bb08cea6e4c78c94c5994114a1212b73a322975fea90df0a7bbf	6543	false
examples/foundation/.proof/delivery-fd05fc1-repaired/round-1-feature/delivered/packages/config/package.json	round-1-feature/delivered/packages/config/package.json	a4f44539cae3b8097d700d6c2103b1789695a95cb7212d1725c0c7a4a8f10050	226	a4f44539cae3b8097d700d6c2103b1789695a95cb7212d1725c0c7a4a8f10050	226	false
examples/foundation/.proof/delivery-fd05fc1-repaired/round-1-feature/delivered/packages/config/typescript.json	round-1-feature/delivered/packages/config/typescript.json	c30e08e49e06495f66993ffc8d55d0e48e9f0ac28d1ed8a105b5fb5cdd97ef09	479	c30e08e49e06495f66993ffc8d55d0e48e9f0ac28d1ed8a105b5fb5cdd97ef09	479	false
examples/foundation/.proof/delivery-fd05fc1-repaired/round-1-feature/delivered/packages/domain/package.json	round-1-feature/delivered/packages/domain/package.json	6b38a411cf16da1daad0a07f6f0e5de738bd523b5d44525e58bc94f8bc13a8ac	259	6b38a411cf16da1daad0a07f6f0e5de738bd523b5d44525e58bc94f8bc13a8ac	259	false
examples/foundation/.proof/delivery-fd05fc1-repaired/round-1-feature/delivered/packages/domain/src/index.ts	round-1-feature/delivered/packages/domain/src/index.ts	5b1e707a9bdab248b40f1414a646c96d3d2fc9651b363bee3d6c1d657d200479	650	5b1e707a9bdab248b40f1414a646c96d3d2fc9651b363bee3d6c1d657d200479	650	false
examples/foundation/.proof/delivery-fd05fc1-repaired/round-1-feature/delivered/packages/domain/tsconfig.json	round-1-feature/delivered/packages/domain/tsconfig.json	9f05a0b0992a69d35ccfd30a7341d9c36fc7eaefb1634d54d6a92030ab4906a4	72	9f05a0b0992a69d35ccfd30a7341d9c36fc7eaefb1634d54d6a92030ab4906a4	72	false
examples/foundation/.proof/delivery-fd05fc1-repaired/round-1-feature/delivered/packages/ui/.storybook/main.ts	round-1-feature/delivered/packages/ui/.storybook/main.ts	5e7138e85e2d936a889a4d9fc83a60343a58adc8ac1378253af4f34de94ca452	370	5e7138e85e2d936a889a4d9fc83a60343a58adc8ac1378253af4f34de94ca452	370	false
examples/foundation/.proof/delivery-fd05fc1-repaired/round-1-feature/delivered/packages/ui/package.json	round-1-feature/delivered/packages/ui/package.json	7d0dacda9d20b8cb71adaf6c7fb60d01c081db8d7121ca2a97ea275785b9dd01	571	7d0dacda9d20b8cb71adaf6c7fb60d01c081db8d7121ca2a97ea275785b9dd01	571	false
examples/foundation/.proof/delivery-fd05fc1-repaired/round-1-feature/delivered/packages/ui/src/WorkItemList.stories.tsx	round-1-feature/delivered/packages/ui/src/WorkItemList.stories.tsx	1dee67d82ea987c646572e6aad354403e92513764fda882c76c93746a5f816c6	835	1dee67d82ea987c646572e6aad354403e92513764fda882c76c93746a5f816c6	835	false
examples/foundation/.proof/delivery-fd05fc1-repaired/round-1-feature/delivered/packages/ui/src/index.tsx	round-1-feature/delivered/packages/ui/src/index.tsx	d0823ec78881f08f3add2e1b81be69a125748bd0536f2dc035c33b899f7a20bc	3350	d0823ec78881f08f3add2e1b81be69a125748bd0536f2dc035c33b899f7a20bc	3350	false
examples/foundation/.proof/delivery-fd05fc1-repaired/round-1-feature/delivered/packages/ui/src/styles.css	round-1-feature/delivered/packages/ui/src/styles.css	2df29560e1d7975c61659c128e07f467369be0dc1afff7507aa7c8f6e2067dda	4265	2df29560e1d7975c61659c128e07f467369be0dc1afff7507aa7c8f6e2067dda	4265	false
examples/foundation/.proof/delivery-fd05fc1-repaired/round-1-feature/delivered/packages/ui/src/styles.d.ts	round-1-feature/delivered/packages/ui/src/styles.d.ts	da5bf71d48cf909584a01c80b445f730507068f5b34c920f352e2bfcf0315e4c	24	da5bf71d48cf909584a01c80b445f730507068f5b34c920f352e2bfcf0315e4c	24	false
examples/foundation/.proof/delivery-fd05fc1-repaired/round-1-feature/delivered/packages/ui/tsconfig.json	round-1-feature/delivered/packages/ui/tsconfig.json	d196a02fc942af46994f25a0e87b7cb14782e9412148b0a3e356887e615a8265	181	d196a02fc942af46994f25a0e87b7cb14782e9412148b0a3e356887e615a8265	181	false
examples/foundation/.proof/delivery-fd05fc1-repaired/round-1-feature/delivered/scripts/check.ts	round-1-feature/delivered/scripts/check.ts	9c3cd5de3158b763735ec46563ed24aeecd6d516505e48f18750882e0c02ac68	4480	9c3cd5de3158b763735ec46563ed24aeecd6d516505e48f18750882e0c02ac68	4480	false
examples/foundation/.proof/delivery-fd05fc1-repaired/round-1-feature/delivered/scripts/embed-ui.ts	round-1-feature/delivered/scripts/embed-ui.ts	8d56596ecc114a462c188bbecb4fbb8e61443bf2bbac8c1939dfc1a841b17e9b	572	8d56596ecc114a462c188bbecb4fbb8e61443bf2bbac8c1939dfc1a841b17e9b	572	false
examples/foundation/.proof/delivery-fd05fc1-repaired/round-1-feature/delivered/scripts/enforcement.ts	round-1-feature/delivered/scripts/enforcement.ts	87cf27f64208be19c709ca571abaa5264bd692aa2b755a58906dc5580bd96ce5	5942	87cf27f64208be19c709ca571abaa5264bd692aa2b755a58906dc5580bd96ce5	5942	false
examples/foundation/.proof/delivery-fd05fc1-repaired/round-1-feature/delivered/scripts/http-transport.ts	round-1-feature/delivered/scripts/http-transport.ts	85ef0e5caad04b0f014acb7471208eea113f29bcaadce0a2d9a13a27a4851289	1383	85ef0e5caad04b0f014acb7471208eea113f29bcaadce0a2d9a13a27a4851289	1383	false
examples/foundation/.proof/delivery-fd05fc1-repaired/round-1-feature/delivered/scripts/install-hooks.ts	round-1-feature/delivered/scripts/install-hooks.ts	f243b8720f3fdd779b8374178d8f4eeb7dcd014eb65136972ab6d46f2b5f994b	5553	f243b8720f3fdd779b8374178d8f4eeb7dcd014eb65136972ab6d46f2b5f994b	5553	false
examples/foundation/.proof/delivery-fd05fc1-repaired/round-1-feature/delivered/scripts/mcp-host-browser.ts	round-1-feature/delivered/scripts/mcp-host-browser.ts	686bef7d89f8198b86cee7a1d8b41407fbde7cb5e71e86f35cd0553484a6a03e	7093	686bef7d89f8198b86cee7a1d8b41407fbde7cb5e71e86f35cd0553484a6a03e	7093	false
examples/foundation/.proof/delivery-fd05fc1-repaired/round-1-feature/delivered/scripts/mcp-host.ts	round-1-feature/delivered/scripts/mcp-host.ts	b09829d7958d5faa4ecb9e4f2adf62b956b4007e0bcf2cf09ef4780b073f8958	2901	b09829d7958d5faa4ecb9e4f2adf62b956b4007e0bcf2cf09ef4780b073f8958	2901	false
examples/foundation/.proof/delivery-fd05fc1-repaired/round-1-feature/delivered/scripts/prepare-check.ts	round-1-feature/delivered/scripts/prepare-check.ts	347f97d470d664397c7a3b0258fb5885858b4fb4e6c43b89e248432a8c1457ff	406	347f97d470d664397c7a3b0258fb5885858b4fb4e6c43b89e248432a8c1457ff	406	false
examples/foundation/.proof/delivery-fd05fc1-repaired/round-1-feature/delivered/scripts/readiness.ts	round-1-feature/delivered/scripts/readiness.ts	dc618f7418fa382d0277a8f935149de4b99cc7feeefb4d8cc45123cf48a6314e	33469	dc618f7418fa382d0277a8f935149de4b99cc7feeefb4d8cc45123cf48a6314e	33469	false
examples/foundation/.proof/delivery-fd05fc1-repaired/round-1-feature/delivered/scripts/runtime.ts	round-1-feature/delivered/scripts/runtime.ts	cd21060931e9a9955e8340623fbc63371de9c96620e298641ab18edfd7dee228	13722	cd21060931e9a9955e8340623fbc63371de9c96620e298641ab18edfd7dee228	13722	false
examples/foundation/.proof/delivery-fd05fc1-repaired/round-1-feature/delivered/scripts/source-identity.ts	round-1-feature/delivered/scripts/source-identity.ts	74dee120839a291c38c7e0982747441e1617cd2264dfb9683f6df3574656fe8a	1553	74dee120839a291c38c7e0982747441e1617cd2264dfb9683f6df3574656fe8a	1553	false
examples/foundation/.proof/delivery-fd05fc1-repaired/round-1-feature/delivered/scripts/trials.ts	round-1-feature/delivered/scripts/trials.ts	de1768558f32e3cee9cf760a5c811758879d1690ee5cfc8dafe674672953339c	50142	de1768558f32e3cee9cf760a5c811758879d1690ee5cfc8dafe674672953339c	50142	false
examples/foundation/.proof/delivery-fd05fc1-repaired/round-1-feature/delivered/tests/domain.test.ts	round-1-feature/delivered/tests/domain.test.ts	1f944425bc0b6538246fd90b2b13d3ea87db0d9271befff106c68bc748d58dc7	720	1f944425bc0b6538246fd90b2b13d3ea87db0d9271befff106c68bc748d58dc7	720	false
examples/foundation/.proof/delivery-fd05fc1-repaired/round-1-feature/delivered/tests/proof-policy.test.ts	round-1-feature/delivered/tests/proof-policy.test.ts	1b17c46c5cacab361f28e6949186b8096fa45a7d3a4dcc7a2756eda82027e4c9	5465	1b17c46c5cacab361f28e6949186b8096fa45a7d3a4dcc7a2756eda82027e4c9	5465	false
examples/foundation/.proof/delivery-fd05fc1-repaired/round-1-feature/delivered/tests/provenance.test.ts	round-1-feature/delivered/tests/provenance.test.ts	dd94880e1c05c48a8ae8f5f4f03c573e978b185f59cdd3a76e13f51495028fd2	1385	dd94880e1c05c48a8ae8f5f4f03c573e978b185f59cdd3a76e13f51495028fd2	1385	false
examples/foundation/.proof/delivery-fd05fc1-repaired/round-1-feature/delivered/tests/trials.test.ts	round-1-feature/delivered/tests/trials.test.ts	8870f18b15f429ab12ea28e693acf12fc79f0599fc6a81076eeb29f81129df27	31091	8870f18b15f429ab12ea28e693acf12fc79f0599fc6a81076eeb29f81129df27	31091	false
examples/foundation/.proof/delivery-fd05fc1-repaired/round-1-feature/delivered/tsconfig.json	round-1-feature/delivered/tsconfig.json	4240a50aa7aac54aa69314488ca4ec20774566777d0ea914f03df46173f69ebd	255	4240a50aa7aac54aa69314488ca4ec20774566777d0ea914f03df46173f69ebd	255	false
examples/foundation/.proof/delivery-fd05fc1-repaired/round-1-feature/delivered/turbo.json	round-1-feature/delivered/turbo.json	448cad77683c89e74ad9ed77a55cdd262ab03f86c15a668d3257cd9d354d3e03	655	448cad77683c89e74ad9ed77a55cdd262ab03f86c15a668d3257cd9d354d3e03	655	false
examples/foundation/.proof/delivery-fd05fc1-repaired/round-1-feature/delivered-files.json	round-1-feature/delivered-files.json	1aad5511a11a85d00646cf66f2c3163b01939593b43b4d6d3a45a88a43294065	9283	1aad5511a11a85d00646cf66f2c3163b01939593b43b4d6d3a45a88a43294065	9283	false
examples/foundation/.proof/delivery-fd05fc1-repaired/round-1-feature/retention.json	round-1-feature/retention.json	e7ba43a5e37a49e4c9a0e9e7f6a591bf432f887858fec52e95ea41e49ddcc707	24033	e7ba43a5e37a49e4c9a0e9e7f6a591bf432f887858fec52e95ea41e49ddcc707	24033	false
examples/foundation/.proof/delivery-fd05fc1-repaired/round-1-feature/review/events.jsonl	round-1-feature/review/events.jsonl	7dc84696d0572c720bcc0c882647bc5f68ac1a470e059e81dab90bbd71b309dc	245963	265a48738d2f2e9d0a986c809758b8d8030b2211ba5ea69e15f959e27a16e45a	245256	true
examples/foundation/.proof/delivery-fd05fc1-repaired/round-1-feature/review/final.json	round-1-feature/review/final.json	849fb8e8c1c5a8aeb5c086d2a84593faad42347f5921e2e8bcfebca1ff4a0a7c	4167	00205d569570795947d88091ed81927b5806ddca19653faefcb4b993e403ab3d	4166	true
examples/foundation/.proof/delivery-fd05fc1-repaired/round-1-feature/review/prompt.txt	round-1-feature/review/prompt.txt	0ad55c008730003e33b8090f3f079da54fe35bc2d56db30eb63cd2fe34f47840	9581	dc527b0d42632e33459c2920a2095dfebc30d84bdd366c68c9df156af637623e	9505	true
examples/foundation/.proof/delivery-fd05fc1-repaired/round-1-feature/review/schema.json	round-1-feature/review/schema.json	8bd8c27669638fc084dfe40d134d5a9fd53a260ec0a67a31d1260ed528a1a250	2255	8bd8c27669638fc084dfe40d134d5a9fd53a260ec0a67a31d1260ed528a1a250	2255	false
examples/foundation/.proof/delivery-fd05fc1-repaired/round-1-feature/review/stderr.log	round-1-feature/review/stderr.log	c0d642a55e1620cd14839f1d498606ed41c8f1e2e51f31ff86a53dd589780b4b	1220	9fa3a8b519697f810a32e44750c7a7b88a613e1e9826537cbc6e25008a64602a	1218	true
examples/foundation/.proof/delivery-fd05fc1-repaired/round-1-feature/task/events.jsonl	round-1-feature/task/events.jsonl	b5da01d4dc154d9e0db0cd6589d59905d1c4eeb53bb2e4ce541ed22d2d349ab0	181453	571c71e1948e1b4cd91c8e29d24542434e73841ac0e38018419db0f93984cebb	180755	true
examples/foundation/.proof/delivery-fd05fc1-repaired/round-1-feature/task/final.json	round-1-feature/task/final.json	d002c60d30ffcacec3daf9f1e881bb3346fcd5fc1dea84e7b2f6f78de6ca1182	883	d002c60d30ffcacec3daf9f1e881bb3346fcd5fc1dea84e7b2f6f78de6ca1182	883	false
examples/foundation/.proof/delivery-fd05fc1-repaired/round-1-feature/task/prompt.txt	round-1-feature/task/prompt.txt	3a3059c1ce7b9c01f1649a4fc858ce04cd95c78903749d86c9a6f6fac230a8e1	1061	3a3059c1ce7b9c01f1649a4fc858ce04cd95c78903749d86c9a6f6fac230a8e1	1061	false
examples/foundation/.proof/delivery-fd05fc1-repaired/round-1-feature/task/schema.json	round-1-feature/task/schema.json	09d88e02a278f8f9f9c9e73dfadc39517f75c9a27a230302ee897a6dada2275b	745	09d88e02a278f8f9f9c9e73dfadc39517f75c9a27a230302ee897a6dada2275b	745	false
examples/foundation/.proof/delivery-fd05fc1-repaired/round-1-feature/task/stderr.log	round-1-feature/task/stderr.log	54fd8c9467d10aadc3c7b301fce3e99c25f4ed900b5d239e48d814f450476c8a	1330	fbfec3494031586c9005c176b906f5a06ab37539183c439ade0638410b6fc3d2	1327	true
examples/foundation/.proof/delivery-fd05fc1-repaired/round-1-feature/task.txt	round-1-feature/task.txt	ac578083ddbcd1ac2d271389c7a35a517bab498c2dd9d9aa55019aec186c07cc	573	ac578083ddbcd1ac2d271389c7a35a517bab498c2dd9d9aa55019aec186c07cc	573	false
examples/foundation/.proof/delivery-fd05fc1-repaired/round-2-bug/before/command.log	round-2-bug/before/command.log	69daca60261cfc4f1a8ee8612b1e4cfa07127fce317e810043c307735100fad2	1852	76072a6fd779750a85e2cf5856a9b4a2d1811dd264b6e9dfb78ed8915adc830c	1815	true
examples/foundation/.proof/delivery-fd05fc1-repaired/round-2-bug/before/report.json	round-2-bug/before/report.json	e085a71cced6e3ad2e6d267129fe0870cf338e380bf39854aa323a1ad4923a42	1710	e085a71cced6e3ad2e6d267129fe0870cf338e380bf39854aa323a1ad4923a42	1710	false
examples/foundation/.proof/delivery-fd05fc1-repaired/round-2-bug/before/runtime.log	round-2-bug/before/runtime.log	f0297bc464b703467a56274cd38f876cb38e180315f034e9edd11ca79b61b492	1884	f0297bc464b703467a56274cd38f876cb38e180315f034e9edd11ca79b61b492	1884	false
examples/foundation/.proof/delivery-fd05fc1-repaired/round-2-bug/interrupted/delivered/.astack/feature-map/work-items/README.md	round-2-bug/interrupted/delivered/.astack/feature-map/work-items/README.md	f22f22985ef1a9782e4c6a9a074bd90328e7cde7644dfa3719c926410782bed5	383	f22f22985ef1a9782e4c6a9a074bd90328e7cde7644dfa3719c926410782bed5	383	false
examples/foundation/.proof/delivery-fd05fc1-repaired/round-2-bug/interrupted/delivered/.astack/feature-map/work-items/work-items.md	round-2-bug/interrupted/delivered/.astack/feature-map/work-items/work-items.md	67d6aa7c0f3843349997b2578963b437661211be34b69907978d6a2bd152aba5	1206	67d6aa7c0f3843349997b2578963b437661211be34b69907978d6a2bd152aba5	1206	false
examples/foundation/.proof/delivery-fd05fc1-repaired/round-2-bug/interrupted/delivered/.astack/project.md	round-2-bug/interrupted/delivered/.astack/project.md	1bbff417fbc7e79f306da3c1a90e0158fc50bde7656d7dca1d9deadf6e50ce2b	1419	1bbff417fbc7e79f306da3c1a90e0158fc50bde7656d7dca1d9deadf6e50ce2b	1419	false
examples/foundation/.proof/delivery-fd05fc1-repaired/round-2-bug/interrupted/delivered/.astack/scaffold.json	round-2-bug/interrupted/delivered/.astack/scaffold.json	cf1d6b534dc7990c644895e4bfd02e5dc3916af08ff9ac848ab933f5b8b7e2b7	274	cf1d6b534dc7990c644895e4bfd02e5dc3916af08ff9ac848ab933f5b8b7e2b7	274	false
examples/foundation/.proof/delivery-fd05fc1-repaired/round-2-bug/interrupted/delivered/.codex/skills/astack-work-items/SKILL.md	round-2-bug/interrupted/delivered/.codex/skills/astack-work-items/SKILL.md	d6d82b88246cd96512e1a0c5a022c2f3a7d80a1eb164e905dc0d4232d6133fb2	1242	d6d82b88246cd96512e1a0c5a022c2f3a7d80a1eb164e905dc0d4232d6133fb2	1242	false
examples/foundation/.proof/delivery-fd05fc1-repaired/round-2-bug/interrupted/delivered/.codex/skills/astack-work-items/control.ts	round-2-bug/interrupted/delivered/.codex/skills/astack-work-items/control.ts	78daca53062dfb26bc78cfaf8bb8d70b2b2af2fa266484cc3c4e190591f0fcce	1271	78daca53062dfb26bc78cfaf8bb8d70b2b2af2fa266484cc3c4e190591f0fcce	1271	false
examples/foundation/.proof/delivery-fd05fc1-repaired/round-2-bug/interrupted/delivered/.gitignore	round-2-bug/interrupted/delivered/.gitignore	d7cfccfef537709ee2dd5dc14c0406dc2bd50fee52c785f481010b2689a9db7b	133	d7cfccfef537709ee2dd5dc14c0406dc2bd50fee52c785f481010b2689a9db7b	133	false
examples/foundation/.proof/delivery-fd05fc1-repaired/round-2-bug/interrupted/delivered/.husky/pre-commit	round-2-bug/interrupted/delivered/.husky/pre-commit	49db70e604bf06f5bda03778a71d8bb249cd4af481ca976e5b35cb754532b042	194	49db70e604bf06f5bda03778a71d8bb249cd4af481ca976e5b35cb754532b042	194	false
examples/foundation/.proof/delivery-fd05fc1-repaired/round-2-bug/interrupted/delivered/.prettierignore	round-2-bug/interrupted/delivered/.prettierignore	077f2966b94e14c1bf40a136c4a9fecfb41e793e32d18d07413873994263d7ad	101	077f2966b94e14c1bf40a136c4a9fecfb41e793e32d18d07413873994263d7ad	101	false
examples/foundation/.proof/delivery-fd05fc1-repaired/round-2-bug/interrupted/delivered/.prettierrc.json	round-2-bug/interrupted/delivered/.prettierrc.json	32dcd743a0ffca59a737c87abcfcc3f57a0cede5cedb6a8b1b68d32a3b6d4506	48	32dcd743a0ffca59a737c87abcfcc3f57a0cede5cedb6a8b1b68d32a3b6d4506	48	false
examples/foundation/.proof/delivery-fd05fc1-repaired/round-2-bug/interrupted/delivered/README.md	round-2-bug/interrupted/delivered/README.md	0773d22018948946391712250b072bac2afb730a5c91e4a1c570edfa7f835f18	9653	0773d22018948946391712250b072bac2afb730a5c91e4a1c570edfa7f835f18	9653	false
examples/foundation/.proof/delivery-fd05fc1-repaired/round-2-bug/interrupted/delivered/apps/mcp-ui/index.html	round-2-bug/interrupted/delivered/apps/mcp-ui/index.html	94fe15c034fde9461e7c54c4bbb6e13eceb9bc5ba6305cafa4a7ef146aa4a82e	295	94fe15c034fde9461e7c54c4bbb6e13eceb9bc5ba6305cafa4a7ef146aa4a82e	295	false
examples/foundation/.proof/delivery-fd05fc1-repaired/round-2-bug/interrupted/delivered/apps/mcp-ui/package.json	round-2-bug/interrupted/delivered/apps/mcp-ui/package.json	ad665bb56b8ee65c856b1bdcd6c88c8f33cd36f2df2c40e7e12872a9592f5f06	446	ad665bb56b8ee65c856b1bdcd6c88c8f33cd36f2df2c40e7e12872a9592f5f06	446	false
examples/foundation/.proof/delivery-fd05fc1-repaired/round-2-bug/interrupted/delivered/apps/mcp-ui/src/main.tsx	round-2-bug/interrupted/delivered/apps/mcp-ui/src/main.tsx	97dd3c35aa605b8983daf0acf06ebe30dcd6aa05a5eabc1e04688b37cc64c37d	5593	97dd3c35aa605b8983daf0acf06ebe30dcd6aa05a5eabc1e04688b37cc64c37d	5593	false
examples/foundation/.proof/delivery-fd05fc1-repaired/round-2-bug/interrupted/delivered/apps/mcp-ui/tsconfig.json	round-2-bug/interrupted/delivered/apps/mcp-ui/tsconfig.json	5e0bda48b8b922b60fd2156cd7b2ae77be6501767a0addb9daf2d2b7d6354e25	167	5e0bda48b8b922b60fd2156cd7b2ae77be6501767a0addb9daf2d2b7d6354e25	167	false
examples/foundation/.proof/delivery-fd05fc1-repaired/round-2-bug/interrupted/delivered/apps/mcp-ui/vite.config.ts	round-2-bug/interrupted/delivered/apps/mcp-ui/vite.config.ts	2a55d4c288492c76c16e4093db62b199cd65e5849db0ba2d465127b0d9c694e1	264	2a55d4c288492c76c16e4093db62b199cd65e5849db0ba2d465127b0d9c694e1	264	false
examples/foundation/.proof/delivery-fd05fc1-repaired/round-2-bug/interrupted/delivered/apps/web/.env.example	round-2-bug/interrupted/delivered/apps/web/.env.example	b0a0ce4f487271efc054bfed28174b7ca284096bb0b551aacc84d2b128720096	275	b0a0ce4f487271efc054bfed28174b7ca284096bb0b551aacc84d2b128720096	275	false
examples/foundation/.proof/delivery-fd05fc1-repaired/round-2-bug/interrupted/delivered/apps/web/index.html	round-2-bug/interrupted/delivered/apps/web/index.html	94fe15c034fde9461e7c54c4bbb6e13eceb9bc5ba6305cafa4a7ef146aa4a82e	295	94fe15c034fde9461e7c54c4bbb6e13eceb9bc5ba6305cafa4a7ef146aa4a82e	295	false
examples/foundation/.proof/delivery-fd05fc1-repaired/round-2-bug/interrupted/delivered/apps/web/package.json	round-2-bug/interrupted/delivered/apps/web/package.json	3ffd23e1a624defe1b6b33f3c2516038e74a623341d3fe74fa68ed540412ae11	620	3ffd23e1a624defe1b6b33f3c2516038e74a623341d3fe74fa68ed540412ae11	620	false
examples/foundation/.proof/delivery-fd05fc1-repaired/round-2-bug/interrupted/delivered/apps/web/src/main.tsx	round-2-bug/interrupted/delivered/apps/web/src/main.tsx	d35db9680fea6c3ce2082d6d9e391b1c3dfe22db5968b28ba2da8da0d76cf9be	2812	d35db9680fea6c3ce2082d6d9e391b1c3dfe22db5968b28ba2da8da0d76cf9be	2812	false
examples/foundation/.proof/delivery-fd05fc1-repaired/round-2-bug/interrupted/delivered/apps/web/src/router.tsx	round-2-bug/interrupted/delivered/apps/web/src/router.tsx	d53d6c942972eff2e39f9e9bddaecd54e8210dccf36c86ffd4d2ae239f363798	720	d53d6c942972eff2e39f9e9bddaecd54e8210dccf36c86ffd4d2ae239f363798	720	false
examples/foundation/.proof/delivery-fd05fc1-repaired/round-2-bug/interrupted/delivered/apps/web/src/work-items.tsx	round-2-bug/interrupted/delivered/apps/web/src/work-items.tsx	7ec61a361e5cc4a9c001eed4a7f3530215829d6f1e6c446110167c64b41c33a8	6033	7ec61a361e5cc4a9c001eed4a7f3530215829d6f1e6c446110167c64b41c33a8	6033	false
examples/foundation/.proof/delivery-fd05fc1-repaired/round-2-bug/interrupted/delivered/apps/web/tsconfig.json	round-2-bug/interrupted/delivered/apps/web/tsconfig.json	5e0bda48b8b922b60fd2156cd7b2ae77be6501767a0addb9daf2d2b7d6354e25	167	5e0bda48b8b922b60fd2156cd7b2ae77be6501767a0addb9daf2d2b7d6354e25	167	false
examples/foundation/.proof/delivery-fd05fc1-repaired/round-2-bug/interrupted/delivered/apps/web/vite.config.ts	round-2-bug/interrupted/delivered/apps/web/vite.config.ts	c536b6cd2d08f8c39877d1fffeba7feed91a23f288582a98547f294ab4c609d1	186	c536b6cd2d08f8c39877d1fffeba7feed91a23f288582a98547f294ab4c609d1	186	false
examples/foundation/.proof/delivery-fd05fc1-repaired/round-2-bug/interrupted/delivered/bun.lock	round-2-bug/interrupted/delivered/bun.lock	1ed2f09c0b4b4dbd5864f39dbde996958ea6cf2f17bfb33cef64586236d78034	171715	1ed2f09c0b4b4dbd5864f39dbde996958ea6cf2f17bfb33cef64586236d78034	171715	false
examples/foundation/.proof/delivery-fd05fc1-repaired/round-2-bug/interrupted/delivered/eslint.config.mjs	round-2-bug/interrupted/delivered/eslint.config.mjs	ffe4ebb5a5c522749f8242d2e16ad3bb46a241e862684891301e831f912cba08	56	ffe4ebb5a5c522749f8242d2e16ad3bb46a241e862684891301e831f912cba08	56	false
examples/foundation/.proof/delivery-fd05fc1-repaired/round-2-bug/interrupted/delivered/lint-staged.config.mjs	round-2-bug/interrupted/delivered/lint-staged.config.mjs	81c09831a1333b8058aa111e906125e42bb9e5759f17c62318c21d62225bce00	209	81c09831a1333b8058aa111e906125e42bb9e5759f17c62318c21d62225bce00	209	false
examples/foundation/.proof/delivery-fd05fc1-repaired/round-2-bug/interrupted/delivered/package.json	round-2-bug/interrupted/delivered/package.json	7c7db212cb2107c0c0e6ee3bc81cc0d8cc894aa25afd35b6df5e21046de9ddcf	2189	7c7db212cb2107c0c0e6ee3bc81cc0d8cc894aa25afd35b6df5e21046de9ddcf	2189	false
examples/foundation/.proof/delivery-fd05fc1-repaired/round-2-bug/interrupted/delivered/packages/backend/.env.example	round-2-bug/interrupted/delivered/packages/backend/.env.example	b8ae67eee31602ab2897a2ff95082c6bd88181efc7a4fb3bbdd4e90fb6f708f8	200	b8ae67eee31602ab2897a2ff95082c6bd88181efc7a4fb3bbdd4e90fb6f708f8	200	false
examples/foundation/.proof/delivery-fd05fc1-repaired/round-2-bug/interrupted/delivered/packages/backend/.gitignore	round-2-bug/interrupted/delivered/packages/backend/.gitignore	c1be9a7b83075864153509fa626722510fd2507fe18e4548a4a89e11023048ea	12	c1be9a7b83075864153509fa626722510fd2507fe18e4548a4a89e11023048ea	12	false
examples/foundation/.proof/delivery-fd05fc1-repaired/round-2-bug/interrupted/delivered/packages/backend/convex/_generated/api.ts	round-2-bug/interrupted/delivered/packages/backend/convex/_generated/api.ts	b51f59d5f03959d7978ef51ce4bb1918d5e966fcfd6c3510fe5847b65c11fbd2	1400	b51f59d5f03959d7978ef51ce4bb1918d5e966fcfd6c3510fe5847b65c11fbd2	1400	false
examples/foundation/.proof/delivery-fd05fc1-repaired/round-2-bug/interrupted/delivered/packages/backend/convex/_generated/dataModel.ts	round-2-bug/interrupted/delivered/packages/backend/convex/_generated/dataModel.ts	db177073d16a4393c7a96bcdc3a2a904e88c2432d54d138ca7715cc431982c17	1736	db177073d16a4393c7a96bcdc3a2a904e88c2432d54d138ca7715cc431982c17	1736	false
examples/foundation/.proof/delivery-fd05fc1-repaired/round-2-bug/interrupted/delivered/packages/backend/convex/_generated/server.ts	round-2-bug/interrupted/delivered/packages/backend/convex/_generated/server.ts	4ef510cd49241e28128a9a462daadaa9743c628f3df5c2a3fa4ad3c9af6b9cc4	6349	4ef510cd49241e28128a9a462daadaa9743c628f3df5c2a3fa4ad3c9af6b9cc4	6349	false
examples/foundation/.proof/delivery-fd05fc1-repaired/round-2-bug/interrupted/delivered/packages/backend/convex/auth.config.ts	round-2-bug/interrupted/delivered/packages/backend/convex/auth.config.ts	d6881c29a3b941cf0d2ad3e59d4eb26d4804c5731d5b09d4ff4035aa37edd123	2331	d6881c29a3b941cf0d2ad3e59d4eb26d4804c5731d5b09d4ff4035aa37edd123	2331	false
examples/foundation/.proof/delivery-fd05fc1-repaired/round-2-bug/interrupted/delivered/packages/backend/convex/http.ts	round-2-bug/interrupted/delivered/packages/backend/convex/http.ts	29d52f06c182108924650627a0c07532b58deac43092827fd2a6e77663e3a434	5047	29d52f06c182108924650627a0c07532b58deac43092827fd2a6e77663e3a434	5047	false
examples/foundation/.proof/delivery-fd05fc1-repaired/round-2-bug/interrupted/delivered/packages/backend/convex/lib/identity.ts	round-2-bug/interrupted/delivered/packages/backend/convex/lib/identity.ts	c07154240f019b4a4dafb1514ed4194c6e8479b9f69251c4d4d3c27252fe53da	1287	c07154240f019b4a4dafb1514ed4194c6e8479b9f69251c4d4d3c27252fe53da	1287	false
examples/foundation/.proof/delivery-fd05fc1-repaired/round-2-bug/interrupted/delivered/packages/backend/convex/lib/mcp.ts	round-2-bug/interrupted/delivered/packages/backend/convex/lib/mcp.ts	c5d6396b01551d057fa2cb63b175e6b5bb9c20cddcd06367a44cc1c301b11aae	4599	c5d6396b01551d057fa2cb63b175e6b5bb9c20cddcd06367a44cc1c301b11aae	4599	false
examples/foundation/.proof/delivery-fd05fc1-repaired/round-2-bug/interrupted/delivered/packages/backend/convex/schema.ts	round-2-bug/interrupted/delivered/packages/backend/convex/schema.ts	dbb8465c66ac2b6b16cd4029797c4a9d2d618c6ebefbfb61820d24e780ea3298	296	dbb8465c66ac2b6b16cd4029797c4a9d2d618c6ebefbfb61820d24e780ea3298	296	false
examples/foundation/.proof/delivery-fd05fc1-repaired/round-2-bug/interrupted/delivered/packages/backend/convex/tsconfig.json	round-2-bug/interrupted/delivered/packages/backend/convex/tsconfig.json	94563947ccb3f355ca83a8bb6b85632d6d77a5de9864c973eabeb3dc6a3b68a0	223	94563947ccb3f355ca83a8bb6b85632d6d77a5de9864c973eabeb3dc6a3b68a0	223	false
examples/foundation/.proof/delivery-fd05fc1-repaired/round-2-bug/interrupted/delivered/packages/backend/convex/workItems.ts	round-2-bug/interrupted/delivered/packages/backend/convex/workItems.ts	11c501f0056b449b2df77432963d50c8a2a0f2535b259c56ec496e0015c0c565	2434	11c501f0056b449b2df77432963d50c8a2a0f2535b259c56ec496e0015c0c565	2434	false
examples/foundation/.proof/delivery-fd05fc1-repaired/round-2-bug/interrupted/delivered/packages/backend/convex.json	round-2-bug/interrupted/delivered/packages/backend/convex.json	fa3e766ef4d424da2f57361dca5369f073981fac42dd0a4e4641d8867faf51f3	135	fa3e766ef4d424da2f57361dca5369f073981fac42dd0a4e4641d8867faf51f3	135	false
examples/foundation/.proof/delivery-fd05fc1-repaired/round-2-bug/interrupted/delivered/packages/backend/package.json	round-2-bug/interrupted/delivered/packages/backend/package.json	31b5657d4efecc5dfa7ba55e3d1b88a366950649e1b40e407808888a7c40b655	580	31b5657d4efecc5dfa7ba55e3d1b88a366950649e1b40e407808888a7c40b655	580	false
examples/foundation/.proof/delivery-fd05fc1-repaired/round-2-bug/interrupted/delivered/packages/backend/tsconfig.json	round-2-bug/interrupted/delivered/packages/backend/tsconfig.json	4fd3e7337d33f357829d7bb17c24e8c46c5bed068caac3035f7703320a8a5f27	128	4fd3e7337d33f357829d7bb17c24e8c46c5bed068caac3035f7703320a8a5f27	128	false
examples/foundation/.proof/delivery-fd05fc1-repaired/round-2-bug/interrupted/delivered/packages/config/eslint.mjs	round-2-bug/interrupted/delivered/packages/config/eslint.mjs	37ab4a3ca105bb08cea6e4c78c94c5994114a1212b73a322975fea90df0a7bbf	6543	37ab4a3ca105bb08cea6e4c78c94c5994114a1212b73a322975fea90df0a7bbf	6543	false
examples/foundation/.proof/delivery-fd05fc1-repaired/round-2-bug/interrupted/delivered/packages/config/package.json	round-2-bug/interrupted/delivered/packages/config/package.json	a4f44539cae3b8097d700d6c2103b1789695a95cb7212d1725c0c7a4a8f10050	226	a4f44539cae3b8097d700d6c2103b1789695a95cb7212d1725c0c7a4a8f10050	226	false
examples/foundation/.proof/delivery-fd05fc1-repaired/round-2-bug/interrupted/delivered/packages/config/typescript.json	round-2-bug/interrupted/delivered/packages/config/typescript.json	c30e08e49e06495f66993ffc8d55d0e48e9f0ac28d1ed8a105b5fb5cdd97ef09	479	c30e08e49e06495f66993ffc8d55d0e48e9f0ac28d1ed8a105b5fb5cdd97ef09	479	false
examples/foundation/.proof/delivery-fd05fc1-repaired/round-2-bug/interrupted/delivered/packages/domain/package.json	round-2-bug/interrupted/delivered/packages/domain/package.json	6b38a411cf16da1daad0a07f6f0e5de738bd523b5d44525e58bc94f8bc13a8ac	259	6b38a411cf16da1daad0a07f6f0e5de738bd523b5d44525e58bc94f8bc13a8ac	259	false
examples/foundation/.proof/delivery-fd05fc1-repaired/round-2-bug/interrupted/delivered/packages/domain/src/index.ts	round-2-bug/interrupted/delivered/packages/domain/src/index.ts	5b1e707a9bdab248b40f1414a646c96d3d2fc9651b363bee3d6c1d657d200479	650	5b1e707a9bdab248b40f1414a646c96d3d2fc9651b363bee3d6c1d657d200479	650	false
examples/foundation/.proof/delivery-fd05fc1-repaired/round-2-bug/interrupted/delivered/packages/domain/tsconfig.json	round-2-bug/interrupted/delivered/packages/domain/tsconfig.json	9f05a0b0992a69d35ccfd30a7341d9c36fc7eaefb1634d54d6a92030ab4906a4	72	9f05a0b0992a69d35ccfd30a7341d9c36fc7eaefb1634d54d6a92030ab4906a4	72	false
examples/foundation/.proof/delivery-fd05fc1-repaired/round-2-bug/interrupted/delivered/packages/ui/.storybook/main.ts	round-2-bug/interrupted/delivered/packages/ui/.storybook/main.ts	5e7138e85e2d936a889a4d9fc83a60343a58adc8ac1378253af4f34de94ca452	370	5e7138e85e2d936a889a4d9fc83a60343a58adc8ac1378253af4f34de94ca452	370	false
examples/foundation/.proof/delivery-fd05fc1-repaired/round-2-bug/interrupted/delivered/packages/ui/package.json	round-2-bug/interrupted/delivered/packages/ui/package.json	7d0dacda9d20b8cb71adaf6c7fb60d01c081db8d7121ca2a97ea275785b9dd01	571	7d0dacda9d20b8cb71adaf6c7fb60d01c081db8d7121ca2a97ea275785b9dd01	571	false
examples/foundation/.proof/delivery-fd05fc1-repaired/round-2-bug/interrupted/delivered/packages/ui/src/WorkItemList.stories.tsx	round-2-bug/interrupted/delivered/packages/ui/src/WorkItemList.stories.tsx	1dee67d82ea987c646572e6aad354403e92513764fda882c76c93746a5f816c6	835	1dee67d82ea987c646572e6aad354403e92513764fda882c76c93746a5f816c6	835	false
examples/foundation/.proof/delivery-fd05fc1-repaired/round-2-bug/interrupted/delivered/packages/ui/src/index.tsx	round-2-bug/interrupted/delivered/packages/ui/src/index.tsx	482517b2f2e77d1e7f4cdf3437dc171d989db1e6dae2bd2a21555f25e29e392c	2843	482517b2f2e77d1e7f4cdf3437dc171d989db1e6dae2bd2a21555f25e29e392c	2843	false
examples/foundation/.proof/delivery-fd05fc1-repaired/round-2-bug/interrupted/delivered/packages/ui/src/styles.css	round-2-bug/interrupted/delivered/packages/ui/src/styles.css	ca2eee3281dc72525d1b850e97f56253d45ad269b47fa99c353d29bc60f26e61	3723	ca2eee3281dc72525d1b850e97f56253d45ad269b47fa99c353d29bc60f26e61	3723	false
examples/foundation/.proof/delivery-fd05fc1-repaired/round-2-bug/interrupted/delivered/packages/ui/src/styles.d.ts	round-2-bug/interrupted/delivered/packages/ui/src/styles.d.ts	da5bf71d48cf909584a01c80b445f730507068f5b34c920f352e2bfcf0315e4c	24	da5bf71d48cf909584a01c80b445f730507068f5b34c920f352e2bfcf0315e4c	24	false
examples/foundation/.proof/delivery-fd05fc1-repaired/round-2-bug/interrupted/delivered/packages/ui/tsconfig.json	round-2-bug/interrupted/delivered/packages/ui/tsconfig.json	d196a02fc942af46994f25a0e87b7cb14782e9412148b0a3e356887e615a8265	181	d196a02fc942af46994f25a0e87b7cb14782e9412148b0a3e356887e615a8265	181	false
examples/foundation/.proof/delivery-fd05fc1-repaired/round-2-bug/interrupted/delivered/scripts/check.ts	round-2-bug/interrupted/delivered/scripts/check.ts	9c3cd5de3158b763735ec46563ed24aeecd6d516505e48f18750882e0c02ac68	4480	9c3cd5de3158b763735ec46563ed24aeecd6d516505e48f18750882e0c02ac68	4480	false
examples/foundation/.proof/delivery-fd05fc1-repaired/round-2-bug/interrupted/delivered/scripts/embed-ui.ts	round-2-bug/interrupted/delivered/scripts/embed-ui.ts	8d56596ecc114a462c188bbecb4fbb8e61443bf2bbac8c1939dfc1a841b17e9b	572	8d56596ecc114a462c188bbecb4fbb8e61443bf2bbac8c1939dfc1a841b17e9b	572	false
examples/foundation/.proof/delivery-fd05fc1-repaired/round-2-bug/interrupted/delivered/scripts/enforcement.ts	round-2-bug/interrupted/delivered/scripts/enforcement.ts	87cf27f64208be19c709ca571abaa5264bd692aa2b755a58906dc5580bd96ce5	5942	87cf27f64208be19c709ca571abaa5264bd692aa2b755a58906dc5580bd96ce5	5942	false
examples/foundation/.proof/delivery-fd05fc1-repaired/round-2-bug/interrupted/delivered/scripts/http-transport.ts	round-2-bug/interrupted/delivered/scripts/http-transport.ts	85ef0e5caad04b0f014acb7471208eea113f29bcaadce0a2d9a13a27a4851289	1383	85ef0e5caad04b0f014acb7471208eea113f29bcaadce0a2d9a13a27a4851289	1383	false
examples/foundation/.proof/delivery-fd05fc1-repaired/round-2-bug/interrupted/delivered/scripts/install-hooks.ts	round-2-bug/interrupted/delivered/scripts/install-hooks.ts	f243b8720f3fdd779b8374178d8f4eeb7dcd014eb65136972ab6d46f2b5f994b	5553	f243b8720f3fdd779b8374178d8f4eeb7dcd014eb65136972ab6d46f2b5f994b	5553	false
examples/foundation/.proof/delivery-fd05fc1-repaired/round-2-bug/interrupted/delivered/scripts/mcp-host-browser.ts	round-2-bug/interrupted/delivered/scripts/mcp-host-browser.ts	686bef7d89f8198b86cee7a1d8b41407fbde7cb5e71e86f35cd0553484a6a03e	7093	686bef7d89f8198b86cee7a1d8b41407fbde7cb5e71e86f35cd0553484a6a03e	7093	false
examples/foundation/.proof/delivery-fd05fc1-repaired/round-2-bug/interrupted/delivered/scripts/mcp-host.ts	round-2-bug/interrupted/delivered/scripts/mcp-host.ts	b09829d7958d5faa4ecb9e4f2adf62b956b4007e0bcf2cf09ef4780b073f8958	2901	b09829d7958d5faa4ecb9e4f2adf62b956b4007e0bcf2cf09ef4780b073f8958	2901	false
examples/foundation/.proof/delivery-fd05fc1-repaired/round-2-bug/interrupted/delivered/scripts/prepare-check.ts	round-2-bug/interrupted/delivered/scripts/prepare-check.ts	347f97d470d664397c7a3b0258fb5885858b4fb4e6c43b89e248432a8c1457ff	406	347f97d470d664397c7a3b0258fb5885858b4fb4e6c43b89e248432a8c1457ff	406	false
examples/foundation/.proof/delivery-fd05fc1-repaired/round-2-bug/interrupted/delivered/scripts/readiness.ts	round-2-bug/interrupted/delivered/scripts/readiness.ts	dc618f7418fa382d0277a8f935149de4b99cc7feeefb4d8cc45123cf48a6314e	33469	dc618f7418fa382d0277a8f935149de4b99cc7feeefb4d8cc45123cf48a6314e	33469	false
examples/foundation/.proof/delivery-fd05fc1-repaired/round-2-bug/interrupted/delivered/scripts/runtime.ts	round-2-bug/interrupted/delivered/scripts/runtime.ts	cd21060931e9a9955e8340623fbc63371de9c96620e298641ab18edfd7dee228	13722	cd21060931e9a9955e8340623fbc63371de9c96620e298641ab18edfd7dee228	13722	false
examples/foundation/.proof/delivery-fd05fc1-repaired/round-2-bug/interrupted/delivered/scripts/source-identity.ts	round-2-bug/interrupted/delivered/scripts/source-identity.ts	74dee120839a291c38c7e0982747441e1617cd2264dfb9683f6df3574656fe8a	1553	74dee120839a291c38c7e0982747441e1617cd2264dfb9683f6df3574656fe8a	1553	false
examples/foundation/.proof/delivery-fd05fc1-repaired/round-2-bug/interrupted/delivered/scripts/trials.ts	round-2-bug/interrupted/delivered/scripts/trials.ts	de1768558f32e3cee9cf760a5c811758879d1690ee5cfc8dafe674672953339c	50142	de1768558f32e3cee9cf760a5c811758879d1690ee5cfc8dafe674672953339c	50142	false
examples/foundation/.proof/delivery-fd05fc1-repaired/round-2-bug/interrupted/delivered/tests/domain.test.ts	round-2-bug/interrupted/delivered/tests/domain.test.ts	1f944425bc0b6538246fd90b2b13d3ea87db0d9271befff106c68bc748d58dc7	720	1f944425bc0b6538246fd90b2b13d3ea87db0d9271befff106c68bc748d58dc7	720	false
examples/foundation/.proof/delivery-fd05fc1-repaired/round-2-bug/interrupted/delivered/tests/proof-policy.test.ts	round-2-bug/interrupted/delivered/tests/proof-policy.test.ts	1b17c46c5cacab361f28e6949186b8096fa45a7d3a4dcc7a2756eda82027e4c9	5465	1b17c46c5cacab361f28e6949186b8096fa45a7d3a4dcc7a2756eda82027e4c9	5465	false
examples/foundation/.proof/delivery-fd05fc1-repaired/round-2-bug/interrupted/delivered/tests/provenance.test.ts	round-2-bug/interrupted/delivered/tests/provenance.test.ts	dd94880e1c05c48a8ae8f5f4f03c573e978b185f59cdd3a76e13f51495028fd2	1385	dd94880e1c05c48a8ae8f5f4f03c573e978b185f59cdd3a76e13f51495028fd2	1385	false
examples/foundation/.proof/delivery-fd05fc1-repaired/round-2-bug/interrupted/delivered/tests/trials.test.ts	round-2-bug/interrupted/delivered/tests/trials.test.ts	8870f18b15f429ab12ea28e693acf12fc79f0599fc6a81076eeb29f81129df27	31091	8870f18b15f429ab12ea28e693acf12fc79f0599fc6a81076eeb29f81129df27	31091	false
examples/foundation/.proof/delivery-fd05fc1-repaired/round-2-bug/interrupted/delivered/tsconfig.json	round-2-bug/interrupted/delivered/tsconfig.json	4240a50aa7aac54aa69314488ca4ec20774566777d0ea914f03df46173f69ebd	255	4240a50aa7aac54aa69314488ca4ec20774566777d0ea914f03df46173f69ebd	255	false
examples/foundation/.proof/delivery-fd05fc1-repaired/round-2-bug/interrupted/delivered/turbo.json	round-2-bug/interrupted/delivered/turbo.json	448cad77683c89e74ad9ed77a55cdd262ab03f86c15a668d3257cd9d354d3e03	655	448cad77683c89e74ad9ed77a55cdd262ab03f86c15a668d3257cd9d354d3e03	655	false
examples/foundation/.proof/delivery-fd05fc1-repaired/round-2-bug/interrupted/delivered-files.json	round-2-bug/interrupted/delivered-files.json	dc70c977cc405999561374e64750db9a2108b4c99a505bc30e356d679ab42702	7367	dc70c977cc405999561374e64750db9a2108b4c99a505bc30e356d679ab42702	7367	false
examples/foundation/.proof/delivery-fd05fc1-repaired/round-2-bug/interrupted/retention.json	round-2-bug/interrupted/retention.json	8a36bea71aafe67e735721850e93738b0891495021de6ef373dfda746aa06fba	19499	8a36bea71aafe67e735721850e93738b0891495021de6ef373dfda746aa06fba	19499	false
examples/foundation/.proof/delivery-fd05fc1-repaired/round-2-bug/seed-error.json	round-2-bug/seed-error.json	67026c3fe2471440c651690519953bd327b516d3c9c4efb8caa8453ba99f308f	4352	2d366607b0d33c7e194cf7f2a9d662ba7506bf24d09c496c51fd70a9607e6b58	4240	true
examples/foundation/.proof/delivery-fd05fc1-repaired/round-2-creation/acceptance/command.log	round-2-creation/acceptance/command.log	c10094274cbcd2a2ce7307df25394b4ef2ac4815de82365400d74a6e4d92db02	3152	c10094274cbcd2a2ce7307df25394b4ef2ac4815de82365400d74a6e4d92db02	3152	false
examples/foundation/.proof/delivery-fd05fc1-repaired/round-2-creation/acceptance/mcp-app-host.png	round-2-creation/acceptance/mcp-app-host.png	871c06fc078bd2446d93d740cb5a1ea270cb28a69f679c0e5404770edf66e12e	38650	871c06fc078bd2446d93d740cb5a1ea270cb28a69f679c0e5404770edf66e12e	38650	false
examples/foundation/.proof/delivery-fd05fc1-repaired/round-2-creation/acceptance/mcp-host-observations.json	round-2-creation/acceptance/mcp-host-observations.json	35546cd26097c44e4b87258129f38bd72f612197a29cb8e07da41e7f3032c070	1412	35546cd26097c44e4b87258129f38bd72f612197a29cb8e07da41e7f3032c070	1412	false
examples/foundation/.proof/delivery-fd05fc1-repaired/round-2-creation/acceptance/report.json	round-2-creation/acceptance/report.json	c10094274cbcd2a2ce7307df25394b4ef2ac4815de82365400d74a6e4d92db02	3152	c10094274cbcd2a2ce7307df25394b4ef2ac4815de82365400d74a6e4d92db02	3152	false
examples/foundation/.proof/delivery-fd05fc1-repaired/round-2-creation/acceptance/runtime.log	round-2-creation/acceptance/runtime.log	46e0a87b6c453635d53af0508b3bbc021de5c6e9bd2902ea87d2bd78d25b609a	1884	46e0a87b6c453635d53af0508b3bbc021de5c6e9bd2902ea87d2bd78d25b609a	1884	false
examples/foundation/.proof/delivery-fd05fc1-repaired/round-2-creation/acceptance/web-persisted.png	round-2-creation/acceptance/web-persisted.png	0a4d6a391033a4b72a1c20052f3ec4cf61680dc60157c8cc9a7eb08d605e4458	31332	0a4d6a391033a4b72a1c20052f3ec4cf61680dc60157c8cc9a7eb08d605e4458	31332	false
examples/foundation/.proof/delivery-fd05fc1-repaired/round-2-creation/acceptance.json	round-2-creation/acceptance.json	c06e4d88cb798f34d28f802f3be2755f6b84051488bf7b0ab48976295c48f294	3861	0580d1e99727b36b524cea78713bf5ae725e94c0c1df563fa5fde1da59033d6b	3786	true
examples/foundation/.proof/delivery-fd05fc1-repaired/round-2-creation/change.diff	round-2-creation/change.diff	697de9949989fcc11d2108c6c6c452bfebf425ce6232b4feab551b0707921588	509976	f1fbfe8fe74bcf48b504d4efbc3a32acc6ca328704a5e4d5a794956fe89c78e2	509713	true
examples/foundation/.proof/delivery-fd05fc1-repaired/round-2-creation/delivered/.astack/feature-map/work-items/README.md	round-2-creation/delivered/.astack/feature-map/work-items/README.md	f22f22985ef1a9782e4c6a9a074bd90328e7cde7644dfa3719c926410782bed5	383	f22f22985ef1a9782e4c6a9a074bd90328e7cde7644dfa3719c926410782bed5	383	false
examples/foundation/.proof/delivery-fd05fc1-repaired/round-2-creation/delivered/.astack/feature-map/work-items/work-items.md	round-2-creation/delivered/.astack/feature-map/work-items/work-items.md	67d6aa7c0f3843349997b2578963b437661211be34b69907978d6a2bd152aba5	1206	67d6aa7c0f3843349997b2578963b437661211be34b69907978d6a2bd152aba5	1206	false
examples/foundation/.proof/delivery-fd05fc1-repaired/round-2-creation/delivered/.astack/project.md	round-2-creation/delivered/.astack/project.md	9a92a698e7880e68de8c4dabbf1741110bc8415d2bedf8eac8736da4c1a62571	3399	a8930e8f37135c1619bf24928099c265d2b9b3db2f8005399d69ee0030ad6b3f	3398	true
examples/foundation/.proof/delivery-fd05fc1-repaired/round-2-creation/delivered/.astack/scaffold.json	round-2-creation/delivered/.astack/scaffold.json	cf1d6b534dc7990c644895e4bfd02e5dc3916af08ff9ac848ab933f5b8b7e2b7	274	cf1d6b534dc7990c644895e4bfd02e5dc3916af08ff9ac848ab933f5b8b7e2b7	274	false
examples/foundation/.proof/delivery-fd05fc1-repaired/round-2-creation/delivered/.codex/skills/astack-work-items/SKILL.md	round-2-creation/delivered/.codex/skills/astack-work-items/SKILL.md	d6d82b88246cd96512e1a0c5a022c2f3a7d80a1eb164e905dc0d4232d6133fb2	1242	d6d82b88246cd96512e1a0c5a022c2f3a7d80a1eb164e905dc0d4232d6133fb2	1242	false
examples/foundation/.proof/delivery-fd05fc1-repaired/round-2-creation/delivered/.codex/skills/astack-work-items/control.ts	round-2-creation/delivered/.codex/skills/astack-work-items/control.ts	78daca53062dfb26bc78cfaf8bb8d70b2b2af2fa266484cc3c4e190591f0fcce	1271	78daca53062dfb26bc78cfaf8bb8d70b2b2af2fa266484cc3c4e190591f0fcce	1271	false
examples/foundation/.proof/delivery-fd05fc1-repaired/round-2-creation/delivered/.gitignore	round-2-creation/delivered/.gitignore	d7cfccfef537709ee2dd5dc14c0406dc2bd50fee52c785f481010b2689a9db7b	133	d7cfccfef537709ee2dd5dc14c0406dc2bd50fee52c785f481010b2689a9db7b	133	false
examples/foundation/.proof/delivery-fd05fc1-repaired/round-2-creation/delivered/.husky/pre-commit	round-2-creation/delivered/.husky/pre-commit	49db70e604bf06f5bda03778a71d8bb249cd4af481ca976e5b35cb754532b042	194	49db70e604bf06f5bda03778a71d8bb249cd4af481ca976e5b35cb754532b042	194	false
examples/foundation/.proof/delivery-fd05fc1-repaired/round-2-creation/delivered/.prettierignore	round-2-creation/delivered/.prettierignore	077f2966b94e14c1bf40a136c4a9fecfb41e793e32d18d07413873994263d7ad	101	077f2966b94e14c1bf40a136c4a9fecfb41e793e32d18d07413873994263d7ad	101	false
examples/foundation/.proof/delivery-fd05fc1-repaired/round-2-creation/delivered/.prettierrc.json	round-2-creation/delivered/.prettierrc.json	32dcd743a0ffca59a737c87abcfcc3f57a0cede5cedb6a8b1b68d32a3b6d4506	48	32dcd743a0ffca59a737c87abcfcc3f57a0cede5cedb6a8b1b68d32a3b6d4506	48	false
examples/foundation/.proof/delivery-fd05fc1-repaired/round-2-creation/delivered/.proof/enforcement/report.json	round-2-creation/delivered/.proof/enforcement/report.json	3bd8653d4e3641d959b00c1908b09504627b8d082f1f42f1355699a7ecec2171	2795	3bd8653d4e3641d959b00c1908b09504627b8d082f1f42f1355699a7ecec2171	2795	false
examples/foundation/.proof/delivery-fd05fc1-repaired/round-2-creation/delivered/README.md	round-2-creation/delivered/README.md	0773d22018948946391712250b072bac2afb730a5c91e4a1c570edfa7f835f18	9653	0773d22018948946391712250b072bac2afb730a5c91e4a1c570edfa7f835f18	9653	false
examples/foundation/.proof/delivery-fd05fc1-repaired/round-2-creation/delivered/apps/mcp-ui/index.html	round-2-creation/delivered/apps/mcp-ui/index.html	94fe15c034fde9461e7c54c4bbb6e13eceb9bc5ba6305cafa4a7ef146aa4a82e	295	94fe15c034fde9461e7c54c4bbb6e13eceb9bc5ba6305cafa4a7ef146aa4a82e	295	false
examples/foundation/.proof/delivery-fd05fc1-repaired/round-2-creation/delivered/apps/mcp-ui/package.json	round-2-creation/delivered/apps/mcp-ui/package.json	ad665bb56b8ee65c856b1bdcd6c88c8f33cd36f2df2c40e7e12872a9592f5f06	446	ad665bb56b8ee65c856b1bdcd6c88c8f33cd36f2df2c40e7e12872a9592f5f06	446	false
examples/foundation/.proof/delivery-fd05fc1-repaired/round-2-creation/delivered/apps/mcp-ui/src/main.tsx	round-2-creation/delivered/apps/mcp-ui/src/main.tsx	97dd3c35aa605b8983daf0acf06ebe30dcd6aa05a5eabc1e04688b37cc64c37d	5593	97dd3c35aa605b8983daf0acf06ebe30dcd6aa05a5eabc1e04688b37cc64c37d	5593	false
examples/foundation/.proof/delivery-fd05fc1-repaired/round-2-creation/delivered/apps/mcp-ui/tsconfig.json	round-2-creation/delivered/apps/mcp-ui/tsconfig.json	5e0bda48b8b922b60fd2156cd7b2ae77be6501767a0addb9daf2d2b7d6354e25	167	5e0bda48b8b922b60fd2156cd7b2ae77be6501767a0addb9daf2d2b7d6354e25	167	false
examples/foundation/.proof/delivery-fd05fc1-repaired/round-2-creation/delivered/apps/mcp-ui/vite.config.ts	round-2-creation/delivered/apps/mcp-ui/vite.config.ts	2a55d4c288492c76c16e4093db62b199cd65e5849db0ba2d465127b0d9c694e1	264	2a55d4c288492c76c16e4093db62b199cd65e5849db0ba2d465127b0d9c694e1	264	false
examples/foundation/.proof/delivery-fd05fc1-repaired/round-2-creation/delivered/apps/web/.env.example	round-2-creation/delivered/apps/web/.env.example	b0a0ce4f487271efc054bfed28174b7ca284096bb0b551aacc84d2b128720096	275	b0a0ce4f487271efc054bfed28174b7ca284096bb0b551aacc84d2b128720096	275	false
examples/foundation/.proof/delivery-fd05fc1-repaired/round-2-creation/delivered/apps/web/index.html	round-2-creation/delivered/apps/web/index.html	94fe15c034fde9461e7c54c4bbb6e13eceb9bc5ba6305cafa4a7ef146aa4a82e	295	94fe15c034fde9461e7c54c4bbb6e13eceb9bc5ba6305cafa4a7ef146aa4a82e	295	false
examples/foundation/.proof/delivery-fd05fc1-repaired/round-2-creation/delivered/apps/web/package.json	round-2-creation/delivered/apps/web/package.json	3ffd23e1a624defe1b6b33f3c2516038e74a623341d3fe74fa68ed540412ae11	620	3ffd23e1a624defe1b6b33f3c2516038e74a623341d3fe74fa68ed540412ae11	620	false
examples/foundation/.proof/delivery-fd05fc1-repaired/round-2-creation/delivered/apps/web/src/main.tsx	round-2-creation/delivered/apps/web/src/main.tsx	d35db9680fea6c3ce2082d6d9e391b1c3dfe22db5968b28ba2da8da0d76cf9be	2812	d35db9680fea6c3ce2082d6d9e391b1c3dfe22db5968b28ba2da8da0d76cf9be	2812	false
examples/foundation/.proof/delivery-fd05fc1-repaired/round-2-creation/delivered/apps/web/src/router.tsx	round-2-creation/delivered/apps/web/src/router.tsx	d53d6c942972eff2e39f9e9bddaecd54e8210dccf36c86ffd4d2ae239f363798	720	d53d6c942972eff2e39f9e9bddaecd54e8210dccf36c86ffd4d2ae239f363798	720	false
examples/foundation/.proof/delivery-fd05fc1-repaired/round-2-creation/delivered/apps/web/src/work-items.tsx	round-2-creation/delivered/apps/web/src/work-items.tsx	7ec61a361e5cc4a9c001eed4a7f3530215829d6f1e6c446110167c64b41c33a8	6033	7ec61a361e5cc4a9c001eed4a7f3530215829d6f1e6c446110167c64b41c33a8	6033	false
examples/foundation/.proof/delivery-fd05fc1-repaired/round-2-creation/delivered/apps/web/tsconfig.json	round-2-creation/delivered/apps/web/tsconfig.json	5e0bda48b8b922b60fd2156cd7b2ae77be6501767a0addb9daf2d2b7d6354e25	167	5e0bda48b8b922b60fd2156cd7b2ae77be6501767a0addb9daf2d2b7d6354e25	167	false
examples/foundation/.proof/delivery-fd05fc1-repaired/round-2-creation/delivered/apps/web/vite.config.ts	round-2-creation/delivered/apps/web/vite.config.ts	c536b6cd2d08f8c39877d1fffeba7feed91a23f288582a98547f294ab4c609d1	186	c536b6cd2d08f8c39877d1fffeba7feed91a23f288582a98547f294ab4c609d1	186	false
examples/foundation/.proof/delivery-fd05fc1-repaired/round-2-creation/delivered/bun.lock	round-2-creation/delivered/bun.lock	1ed2f09c0b4b4dbd5864f39dbde996958ea6cf2f17bfb33cef64586236d78034	171715	1ed2f09c0b4b4dbd5864f39dbde996958ea6cf2f17bfb33cef64586236d78034	171715	false
examples/foundation/.proof/delivery-fd05fc1-repaired/round-2-creation/delivered/eslint.config.mjs	round-2-creation/delivered/eslint.config.mjs	ffe4ebb5a5c522749f8242d2e16ad3bb46a241e862684891301e831f912cba08	56	ffe4ebb5a5c522749f8242d2e16ad3bb46a241e862684891301e831f912cba08	56	false
examples/foundation/.proof/delivery-fd05fc1-repaired/round-2-creation/delivered/lint-staged.config.mjs	round-2-creation/delivered/lint-staged.config.mjs	81c09831a1333b8058aa111e906125e42bb9e5759f17c62318c21d62225bce00	209	81c09831a1333b8058aa111e906125e42bb9e5759f17c62318c21d62225bce00	209	false
examples/foundation/.proof/delivery-fd05fc1-repaired/round-2-creation/delivered/package.json	round-2-creation/delivered/package.json	7c7db212cb2107c0c0e6ee3bc81cc0d8cc894aa25afd35b6df5e21046de9ddcf	2189	7c7db212cb2107c0c0e6ee3bc81cc0d8cc894aa25afd35b6df5e21046de9ddcf	2189	false
examples/foundation/.proof/delivery-fd05fc1-repaired/round-2-creation/delivered/packages/backend/.env.example	round-2-creation/delivered/packages/backend/.env.example	b8ae67eee31602ab2897a2ff95082c6bd88181efc7a4fb3bbdd4e90fb6f708f8	200	b8ae67eee31602ab2897a2ff95082c6bd88181efc7a4fb3bbdd4e90fb6f708f8	200	false
examples/foundation/.proof/delivery-fd05fc1-repaired/round-2-creation/delivered/packages/backend/.gitignore	round-2-creation/delivered/packages/backend/.gitignore	c1be9a7b83075864153509fa626722510fd2507fe18e4548a4a89e11023048ea	12	c1be9a7b83075864153509fa626722510fd2507fe18e4548a4a89e11023048ea	12	false
examples/foundation/.proof/delivery-fd05fc1-repaired/round-2-creation/delivered/packages/backend/convex/_generated/api.ts	round-2-creation/delivered/packages/backend/convex/_generated/api.ts	b51f59d5f03959d7978ef51ce4bb1918d5e966fcfd6c3510fe5847b65c11fbd2	1400	b51f59d5f03959d7978ef51ce4bb1918d5e966fcfd6c3510fe5847b65c11fbd2	1400	false
examples/foundation/.proof/delivery-fd05fc1-repaired/round-2-creation/delivered/packages/backend/convex/_generated/dataModel.ts	round-2-creation/delivered/packages/backend/convex/_generated/dataModel.ts	db177073d16a4393c7a96bcdc3a2a904e88c2432d54d138ca7715cc431982c17	1736	db177073d16a4393c7a96bcdc3a2a904e88c2432d54d138ca7715cc431982c17	1736	false
examples/foundation/.proof/delivery-fd05fc1-repaired/round-2-creation/delivered/packages/backend/convex/_generated/server.ts	round-2-creation/delivered/packages/backend/convex/_generated/server.ts	4ef510cd49241e28128a9a462daadaa9743c628f3df5c2a3fa4ad3c9af6b9cc4	6349	4ef510cd49241e28128a9a462daadaa9743c628f3df5c2a3fa4ad3c9af6b9cc4	6349	false
examples/foundation/.proof/delivery-fd05fc1-repaired/round-2-creation/delivered/packages/backend/convex/auth.config.ts	round-2-creation/delivered/packages/backend/convex/auth.config.ts	d6881c29a3b941cf0d2ad3e59d4eb26d4804c5731d5b09d4ff4035aa37edd123	2331	d6881c29a3b941cf0d2ad3e59d4eb26d4804c5731d5b09d4ff4035aa37edd123	2331	false
examples/foundation/.proof/delivery-fd05fc1-repaired/round-2-creation/delivered/packages/backend/convex/http.ts	round-2-creation/delivered/packages/backend/convex/http.ts	29d52f06c182108924650627a0c07532b58deac43092827fd2a6e77663e3a434	5047	29d52f06c182108924650627a0c07532b58deac43092827fd2a6e77663e3a434	5047	false
examples/foundation/.proof/delivery-fd05fc1-repaired/round-2-creation/delivered/packages/backend/convex/lib/identity.ts	round-2-creation/delivered/packages/backend/convex/lib/identity.ts	c07154240f019b4a4dafb1514ed4194c6e8479b9f69251c4d4d3c27252fe53da	1287	c07154240f019b4a4dafb1514ed4194c6e8479b9f69251c4d4d3c27252fe53da	1287	false
examples/foundation/.proof/delivery-fd05fc1-repaired/round-2-creation/delivered/packages/backend/convex/lib/mcp.ts	round-2-creation/delivered/packages/backend/convex/lib/mcp.ts	c5d6396b01551d057fa2cb63b175e6b5bb9c20cddcd06367a44cc1c301b11aae	4599	c5d6396b01551d057fa2cb63b175e6b5bb9c20cddcd06367a44cc1c301b11aae	4599	false
examples/foundation/.proof/delivery-fd05fc1-repaired/round-2-creation/delivered/packages/backend/convex/schema.ts	round-2-creation/delivered/packages/backend/convex/schema.ts	dbb8465c66ac2b6b16cd4029797c4a9d2d618c6ebefbfb61820d24e780ea3298	296	dbb8465c66ac2b6b16cd4029797c4a9d2d618c6ebefbfb61820d24e780ea3298	296	false
examples/foundation/.proof/delivery-fd05fc1-repaired/round-2-creation/delivered/packages/backend/convex/tsconfig.json	round-2-creation/delivered/packages/backend/convex/tsconfig.json	94563947ccb3f355ca83a8bb6b85632d6d77a5de9864c973eabeb3dc6a3b68a0	223	94563947ccb3f355ca83a8bb6b85632d6d77a5de9864c973eabeb3dc6a3b68a0	223	false
examples/foundation/.proof/delivery-fd05fc1-repaired/round-2-creation/delivered/packages/backend/convex/workItems.ts	round-2-creation/delivered/packages/backend/convex/workItems.ts	091b683e3f92d4412cd04b8ea2dc2b86729eeb8e21cf32a903f76393087a0963	2394	091b683e3f92d4412cd04b8ea2dc2b86729eeb8e21cf32a903f76393087a0963	2394	false
examples/foundation/.proof/delivery-fd05fc1-repaired/round-2-creation/delivered/packages/backend/convex.json	round-2-creation/delivered/packages/backend/convex.json	fa3e766ef4d424da2f57361dca5369f073981fac42dd0a4e4641d8867faf51f3	135	fa3e766ef4d424da2f57361dca5369f073981fac42dd0a4e4641d8867faf51f3	135	false
examples/foundation/.proof/delivery-fd05fc1-repaired/round-2-creation/delivered/packages/backend/package.json	round-2-creation/delivered/packages/backend/package.json	31b5657d4efecc5dfa7ba55e3d1b88a366950649e1b40e407808888a7c40b655	580	31b5657d4efecc5dfa7ba55e3d1b88a366950649e1b40e407808888a7c40b655	580	false
examples/foundation/.proof/delivery-fd05fc1-repaired/round-2-creation/delivered/packages/backend/tsconfig.json	round-2-creation/delivered/packages/backend/tsconfig.json	4fd3e7337d33f357829d7bb17c24e8c46c5bed068caac3035f7703320a8a5f27	128	4fd3e7337d33f357829d7bb17c24e8c46c5bed068caac3035f7703320a8a5f27	128	false
examples/foundation/.proof/delivery-fd05fc1-repaired/round-2-creation/delivered/packages/config/eslint.mjs	round-2-creation/delivered/packages/config/eslint.mjs	37ab4a3ca105bb08cea6e4c78c94c5994114a1212b73a322975fea90df0a7bbf	6543	37ab4a3ca105bb08cea6e4c78c94c5994114a1212b73a322975fea90df0a7bbf	6543	false
examples/foundation/.proof/delivery-fd05fc1-repaired/round-2-creation/delivered/packages/config/package.json	round-2-creation/delivered/packages/config/package.json	a4f44539cae3b8097d700d6c2103b1789695a95cb7212d1725c0c7a4a8f10050	226	a4f44539cae3b8097d700d6c2103b1789695a95cb7212d1725c0c7a4a8f10050	226	false
examples/foundation/.proof/delivery-fd05fc1-repaired/round-2-creation/delivered/packages/config/typescript.json	round-2-creation/delivered/packages/config/typescript.json	c30e08e49e06495f66993ffc8d55d0e48e9f0ac28d1ed8a105b5fb5cdd97ef09	479	c30e08e49e06495f66993ffc8d55d0e48e9f0ac28d1ed8a105b5fb5cdd97ef09	479	false
examples/foundation/.proof/delivery-fd05fc1-repaired/round-2-creation/delivered/packages/domain/package.json	round-2-creation/delivered/packages/domain/package.json	6b38a411cf16da1daad0a07f6f0e5de738bd523b5d44525e58bc94f8bc13a8ac	259	6b38a411cf16da1daad0a07f6f0e5de738bd523b5d44525e58bc94f8bc13a8ac	259	false
examples/foundation/.proof/delivery-fd05fc1-repaired/round-2-creation/delivered/packages/domain/src/index.ts	round-2-creation/delivered/packages/domain/src/index.ts	5b1e707a9bdab248b40f1414a646c96d3d2fc9651b363bee3d6c1d657d200479	650	5b1e707a9bdab248b40f1414a646c96d3d2fc9651b363bee3d6c1d657d200479	650	false
examples/foundation/.proof/delivery-fd05fc1-repaired/round-2-creation/delivered/packages/domain/tsconfig.json	round-2-creation/delivered/packages/domain/tsconfig.json	9f05a0b0992a69d35ccfd30a7341d9c36fc7eaefb1634d54d6a92030ab4906a4	72	9f05a0b0992a69d35ccfd30a7341d9c36fc7eaefb1634d54d6a92030ab4906a4	72	false
examples/foundation/.proof/delivery-fd05fc1-repaired/round-2-creation/delivered/packages/ui/.storybook/main.ts	round-2-creation/delivered/packages/ui/.storybook/main.ts	5e7138e85e2d936a889a4d9fc83a60343a58adc8ac1378253af4f34de94ca452	370	5e7138e85e2d936a889a4d9fc83a60343a58adc8ac1378253af4f34de94ca452	370	false
examples/foundation/.proof/delivery-fd05fc1-repaired/round-2-creation/delivered/packages/ui/package.json	round-2-creation/delivered/packages/ui/package.json	7d0dacda9d20b8cb71adaf6c7fb60d01c081db8d7121ca2a97ea275785b9dd01	571	7d0dacda9d20b8cb71adaf6c7fb60d01c081db8d7121ca2a97ea275785b9dd01	571	false
examples/foundation/.proof/delivery-fd05fc1-repaired/round-2-creation/delivered/packages/ui/src/WorkItemList.stories.tsx	round-2-creation/delivered/packages/ui/src/WorkItemList.stories.tsx	1dee67d82ea987c646572e6aad354403e92513764fda882c76c93746a5f816c6	835	1dee67d82ea987c646572e6aad354403e92513764fda882c76c93746a5f816c6	835	false
examples/foundation/.proof/delivery-fd05fc1-repaired/round-2-creation/delivered/packages/ui/src/index.tsx	round-2-creation/delivered/packages/ui/src/index.tsx	482517b2f2e77d1e7f4cdf3437dc171d989db1e6dae2bd2a21555f25e29e392c	2843	482517b2f2e77d1e7f4cdf3437dc171d989db1e6dae2bd2a21555f25e29e392c	2843	false
examples/foundation/.proof/delivery-fd05fc1-repaired/round-2-creation/delivered/packages/ui/src/styles.css	round-2-creation/delivered/packages/ui/src/styles.css	ca2eee3281dc72525d1b850e97f56253d45ad269b47fa99c353d29bc60f26e61	3723	ca2eee3281dc72525d1b850e97f56253d45ad269b47fa99c353d29bc60f26e61	3723	false
examples/foundation/.proof/delivery-fd05fc1-repaired/round-2-creation/delivered/packages/ui/src/styles.d.ts	round-2-creation/delivered/packages/ui/src/styles.d.ts	da5bf71d48cf909584a01c80b445f730507068f5b34c920f352e2bfcf0315e4c	24	da5bf71d48cf909584a01c80b445f730507068f5b34c920f352e2bfcf0315e4c	24	false
examples/foundation/.proof/delivery-fd05fc1-repaired/round-2-creation/delivered/packages/ui/tsconfig.json	round-2-creation/delivered/packages/ui/tsconfig.json	d196a02fc942af46994f25a0e87b7cb14782e9412148b0a3e356887e615a8265	181	d196a02fc942af46994f25a0e87b7cb14782e9412148b0a3e356887e615a8265	181	false
examples/foundation/.proof/delivery-fd05fc1-repaired/round-2-creation/delivered/scripts/check.ts	round-2-creation/delivered/scripts/check.ts	9c3cd5de3158b763735ec46563ed24aeecd6d516505e48f18750882e0c02ac68	4480	9c3cd5de3158b763735ec46563ed24aeecd6d516505e48f18750882e0c02ac68	4480	false
examples/foundation/.proof/delivery-fd05fc1-repaired/round-2-creation/delivered/scripts/embed-ui.ts	round-2-creation/delivered/scripts/embed-ui.ts	8d56596ecc114a462c188bbecb4fbb8e61443bf2bbac8c1939dfc1a841b17e9b	572	8d56596ecc114a462c188bbecb4fbb8e61443bf2bbac8c1939dfc1a841b17e9b	572	false
examples/foundation/.proof/delivery-fd05fc1-repaired/round-2-creation/delivered/scripts/enforcement.ts	round-2-creation/delivered/scripts/enforcement.ts	87cf27f64208be19c709ca571abaa5264bd692aa2b755a58906dc5580bd96ce5	5942	87cf27f64208be19c709ca571abaa5264bd692aa2b755a58906dc5580bd96ce5	5942	false
examples/foundation/.proof/delivery-fd05fc1-repaired/round-2-creation/delivered/scripts/http-transport.ts	round-2-creation/delivered/scripts/http-transport.ts	85ef0e5caad04b0f014acb7471208eea113f29bcaadce0a2d9a13a27a4851289	1383	85ef0e5caad04b0f014acb7471208eea113f29bcaadce0a2d9a13a27a4851289	1383	false
examples/foundation/.proof/delivery-fd05fc1-repaired/round-2-creation/delivered/scripts/install-hooks.ts	round-2-creation/delivered/scripts/install-hooks.ts	f243b8720f3fdd779b8374178d8f4eeb7dcd014eb65136972ab6d46f2b5f994b	5553	f243b8720f3fdd779b8374178d8f4eeb7dcd014eb65136972ab6d46f2b5f994b	5553	false
examples/foundation/.proof/delivery-fd05fc1-repaired/round-2-creation/delivered/scripts/mcp-host-browser.ts	round-2-creation/delivered/scripts/mcp-host-browser.ts	686bef7d89f8198b86cee7a1d8b41407fbde7cb5e71e86f35cd0553484a6a03e	7093	686bef7d89f8198b86cee7a1d8b41407fbde7cb5e71e86f35cd0553484a6a03e	7093	false
examples/foundation/.proof/delivery-fd05fc1-repaired/round-2-creation/delivered/scripts/mcp-host.ts	round-2-creation/delivered/scripts/mcp-host.ts	b09829d7958d5faa4ecb9e4f2adf62b956b4007e0bcf2cf09ef4780b073f8958	2901	b09829d7958d5faa4ecb9e4f2adf62b956b4007e0bcf2cf09ef4780b073f8958	2901	false
examples/foundation/.proof/delivery-fd05fc1-repaired/round-2-creation/delivered/scripts/prepare-check.ts	round-2-creation/delivered/scripts/prepare-check.ts	347f97d470d664397c7a3b0258fb5885858b4fb4e6c43b89e248432a8c1457ff	406	347f97d470d664397c7a3b0258fb5885858b4fb4e6c43b89e248432a8c1457ff	406	false
examples/foundation/.proof/delivery-fd05fc1-repaired/round-2-creation/delivered/scripts/readiness.ts	round-2-creation/delivered/scripts/readiness.ts	dc618f7418fa382d0277a8f935149de4b99cc7feeefb4d8cc45123cf48a6314e	33469	dc618f7418fa382d0277a8f935149de4b99cc7feeefb4d8cc45123cf48a6314e	33469	false
examples/foundation/.proof/delivery-fd05fc1-repaired/round-2-creation/delivered/scripts/runtime.ts	round-2-creation/delivered/scripts/runtime.ts	cd21060931e9a9955e8340623fbc63371de9c96620e298641ab18edfd7dee228	13722	cd21060931e9a9955e8340623fbc63371de9c96620e298641ab18edfd7dee228	13722	false
examples/foundation/.proof/delivery-fd05fc1-repaired/round-2-creation/delivered/scripts/source-identity.ts	round-2-creation/delivered/scripts/source-identity.ts	74dee120839a291c38c7e0982747441e1617cd2264dfb9683f6df3574656fe8a	1553	74dee120839a291c38c7e0982747441e1617cd2264dfb9683f6df3574656fe8a	1553	false
examples/foundation/.proof/delivery-fd05fc1-repaired/round-2-creation/delivered/scripts/trials.ts	round-2-creation/delivered/scripts/trials.ts	de1768558f32e3cee9cf760a5c811758879d1690ee5cfc8dafe674672953339c	50142	de1768558f32e3cee9cf760a5c811758879d1690ee5cfc8dafe674672953339c	50142	false
examples/foundation/.proof/delivery-fd05fc1-repaired/round-2-creation/delivered/tests/domain.test.ts	round-2-creation/delivered/tests/domain.test.ts	1f944425bc0b6538246fd90b2b13d3ea87db0d9271befff106c68bc748d58dc7	720	1f944425bc0b6538246fd90b2b13d3ea87db0d9271befff106c68bc748d58dc7	720	false
examples/foundation/.proof/delivery-fd05fc1-repaired/round-2-creation/delivered/tests/proof-policy.test.ts	round-2-creation/delivered/tests/proof-policy.test.ts	1b17c46c5cacab361f28e6949186b8096fa45a7d3a4dcc7a2756eda82027e4c9	5465	1b17c46c5cacab361f28e6949186b8096fa45a7d3a4dcc7a2756eda82027e4c9	5465	false
examples/foundation/.proof/delivery-fd05fc1-repaired/round-2-creation/delivered/tests/provenance.test.ts	round-2-creation/delivered/tests/provenance.test.ts	dd94880e1c05c48a8ae8f5f4f03c573e978b185f59cdd3a76e13f51495028fd2	1385	dd94880e1c05c48a8ae8f5f4f03c573e978b185f59cdd3a76e13f51495028fd2	1385	false
examples/foundation/.proof/delivery-fd05fc1-repaired/round-2-creation/delivered/tests/trials.test.ts	round-2-creation/delivered/tests/trials.test.ts	8870f18b15f429ab12ea28e693acf12fc79f0599fc6a81076eeb29f81129df27	31091	8870f18b15f429ab12ea28e693acf12fc79f0599fc6a81076eeb29f81129df27	31091	false
examples/foundation/.proof/delivery-fd05fc1-repaired/round-2-creation/delivered/tsconfig.json	round-2-creation/delivered/tsconfig.json	4240a50aa7aac54aa69314488ca4ec20774566777d0ea914f03df46173f69ebd	255	4240a50aa7aac54aa69314488ca4ec20774566777d0ea914f03df46173f69ebd	255	false
examples/foundation/.proof/delivery-fd05fc1-repaired/round-2-creation/delivered/turbo.json	round-2-creation/delivered/turbo.json	448cad77683c89e74ad9ed77a55cdd262ab03f86c15a668d3257cd9d354d3e03	655	448cad77683c89e74ad9ed77a55cdd262ab03f86c15a668d3257cd9d354d3e03	655	false
examples/foundation/.proof/delivery-fd05fc1-repaired/round-2-creation/delivered-files.json	round-2-creation/delivered-files.json	80b715e221efc7861574f5b07493c892d6d4056d940f5be0d346a8019ba7d124	7471	80b715e221efc7861574f5b07493c892d6d4056d940f5be0d346a8019ba7d124	7471	false
examples/foundation/.proof/delivery-fd05fc1-repaired/round-2-creation/retention.json	round-2-creation/retention.json	c11cb5426908a70f25b31d7a1986dace433c8ef344382fe1fa4a4a1423ff9589	19757	c11cb5426908a70f25b31d7a1986dace433c8ef344382fe1fa4a4a1423ff9589	19757	false
examples/foundation/.proof/delivery-fd05fc1-repaired/round-2-creation/review/events.jsonl	round-2-creation/review/events.jsonl	65dbbf887213d0aad8ef763c3ef8a619864eb33a72a97d3b6bb94ed96220d4f2	409196	086ced74b1df50b4a51686248c9408b346cb2375d459c7acb09e57dfbc017c06	405430	true
examples/foundation/.proof/delivery-fd05fc1-repaired/round-2-creation/review/final.json	round-2-creation/review/final.json	3092f8eeecfcaaa616dade89a53566df60056c873ba042aeef58a3f144609a07	4428	3092f8eeecfcaaa616dade89a53566df60056c873ba042aeef58a3f144609a07	4428	false
examples/foundation/.proof/delivery-fd05fc1-repaired/round-2-creation/review/prompt.txt	round-2-creation/review/prompt.txt	914a5daf3f1a682d10cd10033f97ea8d9eacc67c09f6cb0134854506d592cbca	8431	c3ddbf985436aaccd7b9d4936eaf117dc2b91c8e8bd8c52020e66d2b1962e718	8318	true
examples/foundation/.proof/delivery-fd05fc1-repaired/round-2-creation/review/schema.json	round-2-creation/review/schema.json	8bd8c27669638fc084dfe40d134d5a9fd53a260ec0a67a31d1260ed528a1a250	2255	8bd8c27669638fc084dfe40d134d5a9fd53a260ec0a67a31d1260ed528a1a250	2255	false
examples/foundation/.proof/delivery-fd05fc1-repaired/round-2-creation/review/stderr.log	round-2-creation/review/stderr.log	6be888a5d0f308accaed54898d77bd0f87041793e7004bbde4671616777f22e0	1664	88962ecca1b53fddef2d475d9dd4aa986401d5ad9362e422e0bf92dc9b5c7bb4	1661	true
examples/foundation/.proof/delivery-fd05fc1-repaired/round-2-creation/task/events.jsonl	round-2-creation/task/events.jsonl	83af230645053d290ac691419ecbbc7a932546377162eb8e9c5797da411f4429	292500	325d049c272e6eb72121cdb2693ac747ccc46875fd04b9b983c751182d7c7329	281738	true
examples/foundation/.proof/delivery-fd05fc1-repaired/round-2-creation/task/final.json	round-2-creation/task/final.json	85c39129a67ff408b08cd3ff45566477be91071711288832419e337842696446	766	85c39129a67ff408b08cd3ff45566477be91071711288832419e337842696446	766	false
examples/foundation/.proof/delivery-fd05fc1-repaired/round-2-creation/task/prompt.txt	round-2-creation/task/prompt.txt	554c24b3fd950a4a6f3ce9d71550d96c516305784c596aa2c8e69d9bc760e365	948	2a4624674ef08e273a39a7be3b3df801c74b39db3aebd082861cbf73629a242a	911	true
examples/foundation/.proof/delivery-fd05fc1-repaired/round-2-creation/task/schema.json	round-2-creation/task/schema.json	09d88e02a278f8f9f9c9e73dfadc39517f75c9a27a230302ee897a6dada2275b	745	09d88e02a278f8f9f9c9e73dfadc39517f75c9a27a230302ee897a6dada2275b	745	false
examples/foundation/.proof/delivery-fd05fc1-repaired/round-2-creation/task/stderr.log	round-2-creation/task/stderr.log	3b0efdb4c4e942bb11618acb72d96517f603fffad7ffcb20116bf324c79da916	1048	31c566414fdc5d5f71265912eaa9ffdbcc6525056f6415b57ed17f529fe8a63b	1046	true
examples/foundation/.proof/delivery-fd05fc1-repaired/round-2-creation/task.txt	round-2-creation/task.txt	da85170f0069ffd563a37d8def13f05ab0edf5dd730761bb5d0f5a8c3607762e	460	7dba46e57d5cf8e2449fe4c5e568b0c5d19c259fbec5b28a3d577e957511c02f	423	true
examples/foundation/.proof/delivery-fd05fc1-repaired/round-2-feature/acceptance/command.log	round-2-feature/acceptance/command.log	36d389e1735081c9bacb1e97b1d3e5534a2b047effa8929a73de4b43224e8fdb	4027	36d389e1735081c9bacb1e97b1d3e5534a2b047effa8929a73de4b43224e8fdb	4027	false
examples/foundation/.proof/delivery-fd05fc1-repaired/round-2-feature/acceptance/mcp-app-host.png	round-2-feature/acceptance/mcp-app-host.png	b4b8dbfffea34ef61c65ed73796d054c0180328adb139d8260165562e62f25dc	38564	b4b8dbfffea34ef61c65ed73796d054c0180328adb139d8260165562e62f25dc	38564	false
examples/foundation/.proof/delivery-fd05fc1-repaired/round-2-feature/acceptance/mcp-host-observations.json	round-2-feature/acceptance/mcp-host-observations.json	9b6380d5e912a96899be00ba9a0322f8b9c35726d7a9a1109ce316da90e851c9	1412	9b6380d5e912a96899be00ba9a0322f8b9c35726d7a9a1109ce316da90e851c9	1412	false
examples/foundation/.proof/delivery-fd05fc1-repaired/round-2-feature/acceptance/report.json	round-2-feature/acceptance/report.json	36d389e1735081c9bacb1e97b1d3e5534a2b047effa8929a73de4b43224e8fdb	4027	36d389e1735081c9bacb1e97b1d3e5534a2b047effa8929a73de4b43224e8fdb	4027	false
examples/foundation/.proof/delivery-fd05fc1-repaired/round-2-feature/acceptance/runtime.log	round-2-feature/acceptance/runtime.log	71acaf4406be4c94757e4842d612af847767a2b29f9c29c557860ee775c80931	1884	71acaf4406be4c94757e4842d612af847767a2b29f9c29c557860ee775c80931	1884	false
examples/foundation/.proof/delivery-fd05fc1-repaired/round-2-feature/acceptance/title-edit.png	round-2-feature/acceptance/title-edit.png	bd7df58298274ee30f5fee3ed6199522000a4614ee43d58db3ad871ef95836d7	37876	bd7df58298274ee30f5fee3ed6199522000a4614ee43d58db3ad871ef95836d7	37876	false
examples/foundation/.proof/delivery-fd05fc1-repaired/round-2-feature/acceptance/web-persisted.png	round-2-feature/acceptance/web-persisted.png	f124cc060856dfa3e08e13ed1a1f1a471a401056b798709fead09ef6b20ec8cd	31684	f124cc060856dfa3e08e13ed1a1f1a471a401056b798709fead09ef6b20ec8cd	31684	false
examples/foundation/.proof/delivery-fd05fc1-repaired/round-2-feature/acceptance.json	round-2-feature/acceptance.json	f662ac58c422a3d9a737c3d9e9e8d0f2003a2ea1a7449a3ce39a94e334d7baf6	4782	49f5f0fd843af51ac43465d344f53601162b5601281081e12eaec843d2f45cb0	4707	true
examples/foundation/.proof/delivery-fd05fc1-repaired/round-2-feature/change.diff	round-2-feature/change.diff	f883ba34897a3cc1105b0d92742ef6d32686788c56b72dd06c9ad50a605789eb	13379	f883ba34897a3cc1105b0d92742ef6d32686788c56b72dd06c9ad50a605789eb	13379	false
examples/foundation/.proof/delivery-fd05fc1-repaired/round-2-feature/delivered/.astack/feature-map/work-items/README.md	round-2-feature/delivered/.astack/feature-map/work-items/README.md	f22f22985ef1a9782e4c6a9a074bd90328e7cde7644dfa3719c926410782bed5	383	f22f22985ef1a9782e4c6a9a074bd90328e7cde7644dfa3719c926410782bed5	383	false
examples/foundation/.proof/delivery-fd05fc1-repaired/round-2-feature/delivered/.astack/feature-map/work-items/work-items.md	round-2-feature/delivered/.astack/feature-map/work-items/work-items.md	acccb847af9cc3e4f28c8d7a55a15357f8c8688883e87483b176e67ab027aad0	1911	acccb847af9cc3e4f28c8d7a55a15357f8c8688883e87483b176e67ab027aad0	1911	false
examples/foundation/.proof/delivery-fd05fc1-repaired/round-2-feature/delivered/.astack/project.md	round-2-feature/delivered/.astack/project.md	1bbff417fbc7e79f306da3c1a90e0158fc50bde7656d7dca1d9deadf6e50ce2b	1419	1bbff417fbc7e79f306da3c1a90e0158fc50bde7656d7dca1d9deadf6e50ce2b	1419	false
examples/foundation/.proof/delivery-fd05fc1-repaired/round-2-feature/delivered/.astack/scaffold.json	round-2-feature/delivered/.astack/scaffold.json	cf1d6b534dc7990c644895e4bfd02e5dc3916af08ff9ac848ab933f5b8b7e2b7	274	cf1d6b534dc7990c644895e4bfd02e5dc3916af08ff9ac848ab933f5b8b7e2b7	274	false
examples/foundation/.proof/delivery-fd05fc1-repaired/round-2-feature/delivered/.codex/skills/astack-work-items/SKILL.md	round-2-feature/delivered/.codex/skills/astack-work-items/SKILL.md	d6d82b88246cd96512e1a0c5a022c2f3a7d80a1eb164e905dc0d4232d6133fb2	1242	d6d82b88246cd96512e1a0c5a022c2f3a7d80a1eb164e905dc0d4232d6133fb2	1242	false
examples/foundation/.proof/delivery-fd05fc1-repaired/round-2-feature/delivered/.codex/skills/astack-work-items/control.ts	round-2-feature/delivered/.codex/skills/astack-work-items/control.ts	78daca53062dfb26bc78cfaf8bb8d70b2b2af2fa266484cc3c4e190591f0fcce	1271	78daca53062dfb26bc78cfaf8bb8d70b2b2af2fa266484cc3c4e190591f0fcce	1271	false
examples/foundation/.proof/delivery-fd05fc1-repaired/round-2-feature/delivered/.gitignore	round-2-feature/delivered/.gitignore	d7cfccfef537709ee2dd5dc14c0406dc2bd50fee52c785f481010b2689a9db7b	133	d7cfccfef537709ee2dd5dc14c0406dc2bd50fee52c785f481010b2689a9db7b	133	false
examples/foundation/.proof/delivery-fd05fc1-repaired/round-2-feature/delivered/.husky/pre-commit	round-2-feature/delivered/.husky/pre-commit	49db70e604bf06f5bda03778a71d8bb249cd4af481ca976e5b35cb754532b042	194	49db70e604bf06f5bda03778a71d8bb249cd4af481ca976e5b35cb754532b042	194	false
examples/foundation/.proof/delivery-fd05fc1-repaired/round-2-feature/delivered/.prettierignore	round-2-feature/delivered/.prettierignore	077f2966b94e14c1bf40a136c4a9fecfb41e793e32d18d07413873994263d7ad	101	077f2966b94e14c1bf40a136c4a9fecfb41e793e32d18d07413873994263d7ad	101	false
examples/foundation/.proof/delivery-fd05fc1-repaired/round-2-feature/delivered/.prettierrc.json	round-2-feature/delivered/.prettierrc.json	32dcd743a0ffca59a737c87abcfcc3f57a0cede5cedb6a8b1b68d32a3b6d4506	48	32dcd743a0ffca59a737c87abcfcc3f57a0cede5cedb6a8b1b68d32a3b6d4506	48	false
examples/foundation/.proof/delivery-fd05fc1-repaired/round-2-feature/delivered/.proof/baseline/mcp-app-host.png	round-2-feature/delivered/.proof/baseline/mcp-app-host.png	6554e4667f469b2ffc596da5ea3ab2728a8b7a4c4f1dd21a644b848b0f892e72	38520	6554e4667f469b2ffc596da5ea3ab2728a8b7a4c4f1dd21a644b848b0f892e72	38520	false
examples/foundation/.proof/delivery-fd05fc1-repaired/round-2-feature/delivered/.proof/baseline/mcp-host-observations.json	round-2-feature/delivered/.proof/baseline/mcp-host-observations.json	a54d75d2f9de252a80bcf285992aba99ec0c6b0b70340b5f9662af8dd3f27287	1412	a54d75d2f9de252a80bcf285992aba99ec0c6b0b70340b5f9662af8dd3f27287	1412	false
examples/foundation/.proof/delivery-fd05fc1-repaired/round-2-feature/delivered/.proof/baseline/report.json	round-2-feature/delivered/.proof/baseline/report.json	4053fc5b96034f6069a89f84e99d4bab721b690b1badb801d08417acf8eba2a6	3152	4053fc5b96034f6069a89f84e99d4bab721b690b1badb801d08417acf8eba2a6	3152	false
examples/foundation/.proof/delivery-fd05fc1-repaired/round-2-feature/delivered/.proof/baseline/runtime.log	round-2-feature/delivered/.proof/baseline/runtime.log	b0cd54ea410a28839f30530ffaea807eccdf2864260d265bc3a14302f71698ff	1883	b0cd54ea410a28839f30530ffaea807eccdf2864260d265bc3a14302f71698ff	1883	false
examples/foundation/.proof/delivery-fd05fc1-repaired/round-2-feature/delivered/.proof/baseline/web-persisted.png	round-2-feature/delivered/.proof/baseline/web-persisted.png	99861e0d1c4c4fc967f38c451d6d4f8165abfdf6b3bee6a31e2dac92853ae540	30983	99861e0d1c4c4fc967f38c451d6d4f8165abfdf6b3bee6a31e2dac92853ae540	30983	false
examples/foundation/.proof/delivery-fd05fc1-repaired/round-2-feature/delivered/.proof/title-edit/mcp-app-host.png	round-2-feature/delivered/.proof/title-edit/mcp-app-host.png	42a64a3487ab460d795c08ddd08c77dbba84f59078d48450d56bf6f3e8c3d175	38718	42a64a3487ab460d795c08ddd08c77dbba84f59078d48450d56bf6f3e8c3d175	38718	false
examples/foundation/.proof/delivery-fd05fc1-repaired/round-2-feature/delivered/.proof/title-edit/mcp-host-observations.json	round-2-feature/delivered/.proof/title-edit/mcp-host-observations.json	7bf726d2e55b465fb5082c13a9f5ba93009d9592383b8b9802fac02e1f82a1a9	1412	7bf726d2e55b465fb5082c13a9f5ba93009d9592383b8b9802fac02e1f82a1a9	1412	false
examples/foundation/.proof/delivery-fd05fc1-repaired/round-2-feature/delivered/.proof/title-edit/report.json	round-2-feature/delivered/.proof/title-edit/report.json	1edc3a4348679570a68701cc2024f240ad201b629e6e449313d115ac35754272	4027	1edc3a4348679570a68701cc2024f240ad201b629e6e449313d115ac35754272	4027	false
examples/foundation/.proof/delivery-fd05fc1-repaired/round-2-feature/delivered/.proof/title-edit/runtime.log	round-2-feature/delivered/.proof/title-edit/runtime.log	79ef9ff09ffc90f8d90d028f3bd3fb7147cb03c8413768bd414182e1a6658128	1976	79ef9ff09ffc90f8d90d028f3bd3fb7147cb03c8413768bd414182e1a6658128	1976	false
examples/foundation/.proof/delivery-fd05fc1-repaired/round-2-feature/delivered/.proof/title-edit/title-edit.png	round-2-feature/delivered/.proof/title-edit/title-edit.png	3c380cd11e4e4f934f38ca4cfcd8c088cf3c678daecc7edebb9934010e3ceb86	33340	3c380cd11e4e4f934f38ca4cfcd8c088cf3c678daecc7edebb9934010e3ceb86	33340	false
examples/foundation/.proof/delivery-fd05fc1-repaired/round-2-feature/delivered/.proof/title-edit/web-persisted.png	round-2-feature/delivered/.proof/title-edit/web-persisted.png	181763906260ccc60fd3fdbb33b65b7734825784de619896fc5a25eaae96bf01	31783	181763906260ccc60fd3fdbb33b65b7734825784de619896fc5a25eaae96bf01	31783	false
examples/foundation/.proof/delivery-fd05fc1-repaired/round-2-feature/delivered/.proof/title-edit-final/mcp-app-host.png	round-2-feature/delivered/.proof/title-edit-final/mcp-app-host.png	56939fe26804513c954c5cf4c0869c25e0618482589df2c689b8e36bbf838177	38452	56939fe26804513c954c5cf4c0869c25e0618482589df2c689b8e36bbf838177	38452	false
examples/foundation/.proof/delivery-fd05fc1-repaired/round-2-feature/delivered/.proof/title-edit-final/mcp-host-observations.json	round-2-feature/delivered/.proof/title-edit-final/mcp-host-observations.json	805f7bc2d1b6058883b3e970dd5e9954d76dbd16117d5bbb98b85d737cc4febe	1412	805f7bc2d1b6058883b3e970dd5e9954d76dbd16117d5bbb98b85d737cc4febe	1412	false
examples/foundation/.proof/delivery-fd05fc1-repaired/round-2-feature/delivered/.proof/title-edit-final/report.json	round-2-feature/delivered/.proof/title-edit-final/report.json	347ea7ccfb6262296a23ce87b022c4501b44c3359b4dd3ed4cb1bde7b3c4540e	4027	347ea7ccfb6262296a23ce87b022c4501b44c3359b4dd3ed4cb1bde7b3c4540e	4027	false
examples/foundation/.proof/delivery-fd05fc1-repaired/round-2-feature/delivered/.proof/title-edit-final/runtime.log	round-2-feature/delivered/.proof/title-edit-final/runtime.log	4ee93819983211fb8a67ee8bfe733485e3d0bae6f900ce147357d494376f290d	1883	4ee93819983211fb8a67ee8bfe733485e3d0bae6f900ce147357d494376f290d	1883	false
examples/foundation/.proof/delivery-fd05fc1-repaired/round-2-feature/delivered/.proof/title-edit-final/title-edit.png	round-2-feature/delivered/.proof/title-edit-final/title-edit.png	bd7df58298274ee30f5fee3ed6199522000a4614ee43d58db3ad871ef95836d7	37876	bd7df58298274ee30f5fee3ed6199522000a4614ee43d58db3ad871ef95836d7	37876	false
examples/foundation/.proof/delivery-fd05fc1-repaired/round-2-feature/delivered/.proof/title-edit-final/web-persisted.png	round-2-feature/delivered/.proof/title-edit-final/web-persisted.png	5daebf0237476a220b6a127c8c97e1673963e47321c631b8657004a140edf676	31281	5daebf0237476a220b6a127c8c97e1673963e47321c631b8657004a140edf676	31281	false
examples/foundation/.proof/delivery-fd05fc1-repaired/round-2-feature/delivered/README.md	round-2-feature/delivered/README.md	0773d22018948946391712250b072bac2afb730a5c91e4a1c570edfa7f835f18	9653	0773d22018948946391712250b072bac2afb730a5c91e4a1c570edfa7f835f18	9653	false
examples/foundation/.proof/delivery-fd05fc1-repaired/round-2-feature/delivered/apps/mcp-ui/index.html	round-2-feature/delivered/apps/mcp-ui/index.html	94fe15c034fde9461e7c54c4bbb6e13eceb9bc5ba6305cafa4a7ef146aa4a82e	295	94fe15c034fde9461e7c54c4bbb6e13eceb9bc5ba6305cafa4a7ef146aa4a82e	295	false
examples/foundation/.proof/delivery-fd05fc1-repaired/round-2-feature/delivered/apps/mcp-ui/package.json	round-2-feature/delivered/apps/mcp-ui/package.json	ad665bb56b8ee65c856b1bdcd6c88c8f33cd36f2df2c40e7e12872a9592f5f06	446	ad665bb56b8ee65c856b1bdcd6c88c8f33cd36f2df2c40e7e12872a9592f5f06	446	false
examples/foundation/.proof/delivery-fd05fc1-repaired/round-2-feature/delivered/apps/mcp-ui/src/main.tsx	round-2-feature/delivered/apps/mcp-ui/src/main.tsx	97dd3c35aa605b8983daf0acf06ebe30dcd6aa05a5eabc1e04688b37cc64c37d	5593	97dd3c35aa605b8983daf0acf06ebe30dcd6aa05a5eabc1e04688b37cc64c37d	5593	false
examples/foundation/.proof/delivery-fd05fc1-repaired/round-2-feature/delivered/apps/mcp-ui/tsconfig.json	round-2-feature/delivered/apps/mcp-ui/tsconfig.json	5e0bda48b8b922b60fd2156cd7b2ae77be6501767a0addb9daf2d2b7d6354e25	167	5e0bda48b8b922b60fd2156cd7b2ae77be6501767a0addb9daf2d2b7d6354e25	167	false
examples/foundation/.proof/delivery-fd05fc1-repaired/round-2-feature/delivered/apps/mcp-ui/vite.config.ts	round-2-feature/delivered/apps/mcp-ui/vite.config.ts	2a55d4c288492c76c16e4093db62b199cd65e5849db0ba2d465127b0d9c694e1	264	2a55d4c288492c76c16e4093db62b199cd65e5849db0ba2d465127b0d9c694e1	264	false
examples/foundation/.proof/delivery-fd05fc1-repaired/round-2-feature/delivered/apps/web/.env.example	round-2-feature/delivered/apps/web/.env.example	b0a0ce4f487271efc054bfed28174b7ca284096bb0b551aacc84d2b128720096	275	b0a0ce4f487271efc054bfed28174b7ca284096bb0b551aacc84d2b128720096	275	false
examples/foundation/.proof/delivery-fd05fc1-repaired/round-2-feature/delivered/apps/web/index.html	round-2-feature/delivered/apps/web/index.html	94fe15c034fde9461e7c54c4bbb6e13eceb9bc5ba6305cafa4a7ef146aa4a82e	295	94fe15c034fde9461e7c54c4bbb6e13eceb9bc5ba6305cafa4a7ef146aa4a82e	295	false
examples/foundation/.proof/delivery-fd05fc1-repaired/round-2-feature/delivered/apps/web/package.json	round-2-feature/delivered/apps/web/package.json	3ffd23e1a624defe1b6b33f3c2516038e74a623341d3fe74fa68ed540412ae11	620	3ffd23e1a624defe1b6b33f3c2516038e74a623341d3fe74fa68ed540412ae11	620	false
examples/foundation/.proof/delivery-fd05fc1-repaired/round-2-feature/delivered/apps/web/src/main.tsx	round-2-feature/delivered/apps/web/src/main.tsx	d35db9680fea6c3ce2082d6d9e391b1c3dfe22db5968b28ba2da8da0d76cf9be	2812	d35db9680fea6c3ce2082d6d9e391b1c3dfe22db5968b28ba2da8da0d76cf9be	2812	false
examples/foundation/.proof/delivery-fd05fc1-repaired/round-2-feature/delivered/apps/web/src/router.tsx	round-2-feature/delivered/apps/web/src/router.tsx	d53d6c942972eff2e39f9e9bddaecd54e8210dccf36c86ffd4d2ae239f363798	720	d53d6c942972eff2e39f9e9bddaecd54e8210dccf36c86ffd4d2ae239f363798	720	false
examples/foundation/.proof/delivery-fd05fc1-repaired/round-2-feature/delivered/apps/web/src/work-items.tsx	round-2-feature/delivered/apps/web/src/work-items.tsx	d94ab9fbe33042ac614c3a750de159cb32b7907b004f4d8128d1c55178eb64aa	10026	d94ab9fbe33042ac614c3a750de159cb32b7907b004f4d8128d1c55178eb64aa	10026	false
examples/foundation/.proof/delivery-fd05fc1-repaired/round-2-feature/delivered/apps/web/tsconfig.json	round-2-feature/delivered/apps/web/tsconfig.json	5e0bda48b8b922b60fd2156cd7b2ae77be6501767a0addb9daf2d2b7d6354e25	167	5e0bda48b8b922b60fd2156cd7b2ae77be6501767a0addb9daf2d2b7d6354e25	167	false
examples/foundation/.proof/delivery-fd05fc1-repaired/round-2-feature/delivered/apps/web/vite.config.ts	round-2-feature/delivered/apps/web/vite.config.ts	c536b6cd2d08f8c39877d1fffeba7feed91a23f288582a98547f294ab4c609d1	186	c536b6cd2d08f8c39877d1fffeba7feed91a23f288582a98547f294ab4c609d1	186	false
examples/foundation/.proof/delivery-fd05fc1-repaired/round-2-feature/delivered/bun.lock	round-2-feature/delivered/bun.lock	1ed2f09c0b4b4dbd5864f39dbde996958ea6cf2f17bfb33cef64586236d78034	171715	1ed2f09c0b4b4dbd5864f39dbde996958ea6cf2f17bfb33cef64586236d78034	171715	false
examples/foundation/.proof/delivery-fd05fc1-repaired/round-2-feature/delivered/eslint.config.mjs	round-2-feature/delivered/eslint.config.mjs	ffe4ebb5a5c522749f8242d2e16ad3bb46a241e862684891301e831f912cba08	56	ffe4ebb5a5c522749f8242d2e16ad3bb46a241e862684891301e831f912cba08	56	false
examples/foundation/.proof/delivery-fd05fc1-repaired/round-2-feature/delivered/lint-staged.config.mjs	round-2-feature/delivered/lint-staged.config.mjs	81c09831a1333b8058aa111e906125e42bb9e5759f17c62318c21d62225bce00	209	81c09831a1333b8058aa111e906125e42bb9e5759f17c62318c21d62225bce00	209	false
examples/foundation/.proof/delivery-fd05fc1-repaired/round-2-feature/delivered/package.json	round-2-feature/delivered/package.json	7c7db212cb2107c0c0e6ee3bc81cc0d8cc894aa25afd35b6df5e21046de9ddcf	2189	7c7db212cb2107c0c0e6ee3bc81cc0d8cc894aa25afd35b6df5e21046de9ddcf	2189	false
examples/foundation/.proof/delivery-fd05fc1-repaired/round-2-feature/delivered/packages/backend/.env.example	round-2-feature/delivered/packages/backend/.env.example	b8ae67eee31602ab2897a2ff95082c6bd88181efc7a4fb3bbdd4e90fb6f708f8	200	b8ae67eee31602ab2897a2ff95082c6bd88181efc7a4fb3bbdd4e90fb6f708f8	200	false
examples/foundation/.proof/delivery-fd05fc1-repaired/round-2-feature/delivered/packages/backend/.gitignore	round-2-feature/delivered/packages/backend/.gitignore	c1be9a7b83075864153509fa626722510fd2507fe18e4548a4a89e11023048ea	12	c1be9a7b83075864153509fa626722510fd2507fe18e4548a4a89e11023048ea	12	false
examples/foundation/.proof/delivery-fd05fc1-repaired/round-2-feature/delivered/packages/backend/convex/_generated/api.ts	round-2-feature/delivered/packages/backend/convex/_generated/api.ts	b51f59d5f03959d7978ef51ce4bb1918d5e966fcfd6c3510fe5847b65c11fbd2	1400	b51f59d5f03959d7978ef51ce4bb1918d5e966fcfd6c3510fe5847b65c11fbd2	1400	false
examples/foundation/.proof/delivery-fd05fc1-repaired/round-2-feature/delivered/packages/backend/convex/_generated/dataModel.ts	round-2-feature/delivered/packages/backend/convex/_generated/dataModel.ts	db177073d16a4393c7a96bcdc3a2a904e88c2432d54d138ca7715cc431982c17	1736	db177073d16a4393c7a96bcdc3a2a904e88c2432d54d138ca7715cc431982c17	1736	false
examples/foundation/.proof/delivery-fd05fc1-repaired/round-2-feature/delivered/packages/backend/convex/_generated/server.ts	round-2-feature/delivered/packages/backend/convex/_generated/server.ts	4ef510cd49241e28128a9a462daadaa9743c628f3df5c2a3fa4ad3c9af6b9cc4	6349	4ef510cd49241e28128a9a462daadaa9743c628f3df5c2a3fa4ad3c9af6b9cc4	6349	false
examples/foundation/.proof/delivery-fd05fc1-repaired/round-2-feature/delivered/packages/backend/convex/auth.config.ts	round-2-feature/delivered/packages/backend/convex/auth.config.ts	d6881c29a3b941cf0d2ad3e59d4eb26d4804c5731d5b09d4ff4035aa37edd123	2331	d6881c29a3b941cf0d2ad3e59d4eb26d4804c5731d5b09d4ff4035aa37edd123	2331	false
examples/foundation/.proof/delivery-fd05fc1-repaired/round-2-feature/delivered/packages/backend/convex/http.ts	round-2-feature/delivered/packages/backend/convex/http.ts	29d52f06c182108924650627a0c07532b58deac43092827fd2a6e77663e3a434	5047	29d52f06c182108924650627a0c07532b58deac43092827fd2a6e77663e3a434	5047	false
examples/foundation/.proof/delivery-fd05fc1-repaired/round-2-feature/delivered/packages/backend/convex/lib/identity.ts	round-2-feature/delivered/packages/backend/convex/lib/identity.ts	c07154240f019b4a4dafb1514ed4194c6e8479b9f69251c4d4d3c27252fe53da	1287	c07154240f019b4a4dafb1514ed4194c6e8479b9f69251c4d4d3c27252fe53da	1287	false
examples/foundation/.proof/delivery-fd05fc1-repaired/round-2-feature/delivered/packages/backend/convex/lib/mcp.ts	round-2-feature/delivered/packages/backend/convex/lib/mcp.ts	5e6a998291fec8766677818e2c113022c17467f4417e252788500239566660bd	5451	5e6a998291fec8766677818e2c113022c17467f4417e252788500239566660bd	5451	false
examples/foundation/.proof/delivery-fd05fc1-repaired/round-2-feature/delivered/packages/backend/convex/schema.ts	round-2-feature/delivered/packages/backend/convex/schema.ts	dbb8465c66ac2b6b16cd4029797c4a9d2d618c6ebefbfb61820d24e780ea3298	296	dbb8465c66ac2b6b16cd4029797c4a9d2d618c6ebefbfb61820d24e780ea3298	296	false
examples/foundation/.proof/delivery-fd05fc1-repaired/round-2-feature/delivered/packages/backend/convex/tsconfig.json	round-2-feature/delivered/packages/backend/convex/tsconfig.json	94563947ccb3f355ca83a8bb6b85632d6d77a5de9864c973eabeb3dc6a3b68a0	223	94563947ccb3f355ca83a8bb6b85632d6d77a5de9864c973eabeb3dc6a3b68a0	223	false
examples/foundation/.proof/delivery-fd05fc1-repaired/round-2-feature/delivered/packages/backend/convex/workItems.ts	round-2-feature/delivered/packages/backend/convex/workItems.ts	dd75a08f48869bc0530895226ec87afaa2ab487940ac8a2edc6fd78587fbd357	3096	dd75a08f48869bc0530895226ec87afaa2ab487940ac8a2edc6fd78587fbd357	3096	false
examples/foundation/.proof/delivery-fd05fc1-repaired/round-2-feature/delivered/packages/backend/convex.json	round-2-feature/delivered/packages/backend/convex.json	fa3e766ef4d424da2f57361dca5369f073981fac42dd0a4e4641d8867faf51f3	135	fa3e766ef4d424da2f57361dca5369f073981fac42dd0a4e4641d8867faf51f3	135	false
examples/foundation/.proof/delivery-fd05fc1-repaired/round-2-feature/delivered/packages/backend/package.json	round-2-feature/delivered/packages/backend/package.json	31b5657d4efecc5dfa7ba55e3d1b88a366950649e1b40e407808888a7c40b655	580	31b5657d4efecc5dfa7ba55e3d1b88a366950649e1b40e407808888a7c40b655	580	false
examples/foundation/.proof/delivery-fd05fc1-repaired/round-2-feature/delivered/packages/backend/tsconfig.json	round-2-feature/delivered/packages/backend/tsconfig.json	4fd3e7337d33f357829d7bb17c24e8c46c5bed068caac3035f7703320a8a5f27	128	4fd3e7337d33f357829d7bb17c24e8c46c5bed068caac3035f7703320a8a5f27	128	false
examples/foundation/.proof/delivery-fd05fc1-repaired/round-2-feature/delivered/packages/config/eslint.mjs	round-2-feature/delivered/packages/config/eslint.mjs	37ab4a3ca105bb08cea6e4c78c94c5994114a1212b73a322975fea90df0a7bbf	6543	37ab4a3ca105bb08cea6e4c78c94c5994114a1212b73a322975fea90df0a7bbf	6543	false
examples/foundation/.proof/delivery-fd05fc1-repaired/round-2-feature/delivered/packages/config/package.json	round-2-feature/delivered/packages/config/package.json	a4f44539cae3b8097d700d6c2103b1789695a95cb7212d1725c0c7a4a8f10050	226	a4f44539cae3b8097d700d6c2103b1789695a95cb7212d1725c0c7a4a8f10050	226	false
examples/foundation/.proof/delivery-fd05fc1-repaired/round-2-feature/delivered/packages/config/typescript.json	round-2-feature/delivered/packages/config/typescript.json	c30e08e49e06495f66993ffc8d55d0e48e9f0ac28d1ed8a105b5fb5cdd97ef09	479	c30e08e49e06495f66993ffc8d55d0e48e9f0ac28d1ed8a105b5fb5cdd97ef09	479	false
examples/foundation/.proof/delivery-fd05fc1-repaired/round-2-feature/delivered/packages/domain/package.json	round-2-feature/delivered/packages/domain/package.json	6b38a411cf16da1daad0a07f6f0e5de738bd523b5d44525e58bc94f8bc13a8ac	259	6b38a411cf16da1daad0a07f6f0e5de738bd523b5d44525e58bc94f8bc13a8ac	259	false
examples/foundation/.proof/delivery-fd05fc1-repaired/round-2-feature/delivered/packages/domain/src/index.ts	round-2-feature/delivered/packages/domain/src/index.ts	5b1e707a9bdab248b40f1414a646c96d3d2fc9651b363bee3d6c1d657d200479	650	5b1e707a9bdab248b40f1414a646c96d3d2fc9651b363bee3d6c1d657d200479	650	false
examples/foundation/.proof/delivery-fd05fc1-repaired/round-2-feature/delivered/packages/domain/tsconfig.json	round-2-feature/delivered/packages/domain/tsconfig.json	9f05a0b0992a69d35ccfd30a7341d9c36fc7eaefb1634d54d6a92030ab4906a4	72	9f05a0b0992a69d35ccfd30a7341d9c36fc7eaefb1634d54d6a92030ab4906a4	72	false
examples/foundation/.proof/delivery-fd05fc1-repaired/round-2-feature/delivered/packages/ui/.storybook/main.ts	round-2-feature/delivered/packages/ui/.storybook/main.ts	5e7138e85e2d936a889a4d9fc83a60343a58adc8ac1378253af4f34de94ca452	370	5e7138e85e2d936a889a4d9fc83a60343a58adc8ac1378253af4f34de94ca452	370	false
examples/foundation/.proof/delivery-fd05fc1-repaired/round-2-feature/delivered/packages/ui/package.json	round-2-feature/delivered/packages/ui/package.json	7d0dacda9d20b8cb71adaf6c7fb60d01c081db8d7121ca2a97ea275785b9dd01	571	7d0dacda9d20b8cb71adaf6c7fb60d01c081db8d7121ca2a97ea275785b9dd01	571	false
examples/foundation/.proof/delivery-fd05fc1-repaired/round-2-feature/delivered/packages/ui/src/WorkItemList.stories.tsx	round-2-feature/delivered/packages/ui/src/WorkItemList.stories.tsx	79f4c291080cfb362a11444d709fa6a455240f17e8d33e02d29f244a91b99702	923	79f4c291080cfb362a11444d709fa6a455240f17e8d33e02d29f244a91b99702	923	false
examples/foundation/.proof/delivery-fd05fc1-repaired/round-2-feature/delivered/packages/ui/src/index.tsx	round-2-feature/delivered/packages/ui/src/index.tsx	d0823ec78881f08f3add2e1b81be69a125748bd0536f2dc035c33b899f7a20bc	3350	d0823ec78881f08f3add2e1b81be69a125748bd0536f2dc035c33b899f7a20bc	3350	false
examples/foundation/.proof/delivery-fd05fc1-repaired/round-2-feature/delivered/packages/ui/src/styles.css	round-2-feature/delivered/packages/ui/src/styles.css	b3abab4749d289d97c5647292b391dc22ad8dbc39f2bb59fc58ca2204f197241	4288	b3abab4749d289d97c5647292b391dc22ad8dbc39f2bb59fc58ca2204f197241	4288	false
examples/foundation/.proof/delivery-fd05fc1-repaired/round-2-feature/delivered/packages/ui/src/styles.d.ts	round-2-feature/delivered/packages/ui/src/styles.d.ts	da5bf71d48cf909584a01c80b445f730507068f5b34c920f352e2bfcf0315e4c	24	da5bf71d48cf909584a01c80b445f730507068f5b34c920f352e2bfcf0315e4c	24	false
examples/foundation/.proof/delivery-fd05fc1-repaired/round-2-feature/delivered/packages/ui/tsconfig.json	round-2-feature/delivered/packages/ui/tsconfig.json	d196a02fc942af46994f25a0e87b7cb14782e9412148b0a3e356887e615a8265	181	d196a02fc942af46994f25a0e87b7cb14782e9412148b0a3e356887e615a8265	181	false
examples/foundation/.proof/delivery-fd05fc1-repaired/round-2-feature/delivered/scripts/check.ts	round-2-feature/delivered/scripts/check.ts	9c3cd5de3158b763735ec46563ed24aeecd6d516505e48f18750882e0c02ac68	4480	9c3cd5de3158b763735ec46563ed24aeecd6d516505e48f18750882e0c02ac68	4480	false
examples/foundation/.proof/delivery-fd05fc1-repaired/round-2-feature/delivered/scripts/embed-ui.ts	round-2-feature/delivered/scripts/embed-ui.ts	8d56596ecc114a462c188bbecb4fbb8e61443bf2bbac8c1939dfc1a841b17e9b	572	8d56596ecc114a462c188bbecb4fbb8e61443bf2bbac8c1939dfc1a841b17e9b	572	false
examples/foundation/.proof/delivery-fd05fc1-repaired/round-2-feature/delivered/scripts/enforcement.ts	round-2-feature/delivered/scripts/enforcement.ts	87cf27f64208be19c709ca571abaa5264bd692aa2b755a58906dc5580bd96ce5	5942	87cf27f64208be19c709ca571abaa5264bd692aa2b755a58906dc5580bd96ce5	5942	false
examples/foundation/.proof/delivery-fd05fc1-repaired/round-2-feature/delivered/scripts/http-transport.ts	round-2-feature/delivered/scripts/http-transport.ts	85ef0e5caad04b0f014acb7471208eea113f29bcaadce0a2d9a13a27a4851289	1383	85ef0e5caad04b0f014acb7471208eea113f29bcaadce0a2d9a13a27a4851289	1383	false
examples/foundation/.proof/delivery-fd05fc1-repaired/round-2-feature/delivered/scripts/install-hooks.ts	round-2-feature/delivered/scripts/install-hooks.ts	f243b8720f3fdd779b8374178d8f4eeb7dcd014eb65136972ab6d46f2b5f994b	5553	f243b8720f3fdd779b8374178d8f4eeb7dcd014eb65136972ab6d46f2b5f994b	5553	false
examples/foundation/.proof/delivery-fd05fc1-repaired/round-2-feature/delivered/scripts/mcp-host-browser.ts	round-2-feature/delivered/scripts/mcp-host-browser.ts	686bef7d89f8198b86cee7a1d8b41407fbde7cb5e71e86f35cd0553484a6a03e	7093	686bef7d89f8198b86cee7a1d8b41407fbde7cb5e71e86f35cd0553484a6a03e	7093	false
examples/foundation/.proof/delivery-fd05fc1-repaired/round-2-feature/delivered/scripts/mcp-host.ts	round-2-feature/delivered/scripts/mcp-host.ts	b09829d7958d5faa4ecb9e4f2adf62b956b4007e0bcf2cf09ef4780b073f8958	2901	b09829d7958d5faa4ecb9e4f2adf62b956b4007e0bcf2cf09ef4780b073f8958	2901	false
examples/foundation/.proof/delivery-fd05fc1-repaired/round-2-feature/delivered/scripts/prepare-check.ts	round-2-feature/delivered/scripts/prepare-check.ts	347f97d470d664397c7a3b0258fb5885858b4fb4e6c43b89e248432a8c1457ff	406	347f97d470d664397c7a3b0258fb5885858b4fb4e6c43b89e248432a8c1457ff	406	false
examples/foundation/.proof/delivery-fd05fc1-repaired/round-2-feature/delivered/scripts/readiness.ts	round-2-feature/delivered/scripts/readiness.ts	dc618f7418fa382d0277a8f935149de4b99cc7feeefb4d8cc45123cf48a6314e	33469	dc618f7418fa382d0277a8f935149de4b99cc7feeefb4d8cc45123cf48a6314e	33469	false
examples/foundation/.proof/delivery-fd05fc1-repaired/round-2-feature/delivered/scripts/runtime.ts	round-2-feature/delivered/scripts/runtime.ts	cd21060931e9a9955e8340623fbc63371de9c96620e298641ab18edfd7dee228	13722	cd21060931e9a9955e8340623fbc63371de9c96620e298641ab18edfd7dee228	13722	false
examples/foundation/.proof/delivery-fd05fc1-repaired/round-2-feature/delivered/scripts/source-identity.ts	round-2-feature/delivered/scripts/source-identity.ts	74dee120839a291c38c7e0982747441e1617cd2264dfb9683f6df3574656fe8a	1553	74dee120839a291c38c7e0982747441e1617cd2264dfb9683f6df3574656fe8a	1553	false
examples/foundation/.proof/delivery-fd05fc1-repaired/round-2-feature/delivered/scripts/trials.ts	round-2-feature/delivered/scripts/trials.ts	de1768558f32e3cee9cf760a5c811758879d1690ee5cfc8dafe674672953339c	50142	de1768558f32e3cee9cf760a5c811758879d1690ee5cfc8dafe674672953339c	50142	false
examples/foundation/.proof/delivery-fd05fc1-repaired/round-2-feature/delivered/tests/domain.test.ts	round-2-feature/delivered/tests/domain.test.ts	1f944425bc0b6538246fd90b2b13d3ea87db0d9271befff106c68bc748d58dc7	720	1f944425bc0b6538246fd90b2b13d3ea87db0d9271befff106c68bc748d58dc7	720	false
examples/foundation/.proof/delivery-fd05fc1-repaired/round-2-feature/delivered/tests/proof-policy.test.ts	round-2-feature/delivered/tests/proof-policy.test.ts	1b17c46c5cacab361f28e6949186b8096fa45a7d3a4dcc7a2756eda82027e4c9	5465	1b17c46c5cacab361f28e6949186b8096fa45a7d3a4dcc7a2756eda82027e4c9	5465	false
examples/foundation/.proof/delivery-fd05fc1-repaired/round-2-feature/delivered/tests/provenance.test.ts	round-2-feature/delivered/tests/provenance.test.ts	dd94880e1c05c48a8ae8f5f4f03c573e978b185f59cdd3a76e13f51495028fd2	1385	dd94880e1c05c48a8ae8f5f4f03c573e978b185f59cdd3a76e13f51495028fd2	1385	false
examples/foundation/.proof/delivery-fd05fc1-repaired/round-2-feature/delivered/tests/trials.test.ts	round-2-feature/delivered/tests/trials.test.ts	8870f18b15f429ab12ea28e693acf12fc79f0599fc6a81076eeb29f81129df27	31091	8870f18b15f429ab12ea28e693acf12fc79f0599fc6a81076eeb29f81129df27	31091	false
examples/foundation/.proof/delivery-fd05fc1-repaired/round-2-feature/delivered/tsconfig.json	round-2-feature/delivered/tsconfig.json	4240a50aa7aac54aa69314488ca4ec20774566777d0ea914f03df46173f69ebd	255	4240a50aa7aac54aa69314488ca4ec20774566777d0ea914f03df46173f69ebd	255	false
examples/foundation/.proof/delivery-fd05fc1-repaired/round-2-feature/delivered/turbo.json	round-2-feature/delivered/turbo.json	448cad77683c89e74ad9ed77a55cdd262ab03f86c15a668d3257cd9d354d3e03	655	448cad77683c89e74ad9ed77a55cdd262ab03f86c15a668d3257cd9d354d3e03	655	false
examples/foundation/.proof/delivery-fd05fc1-repaired/round-2-feature/delivered-files.json	round-2-feature/delivered-files.json	7f8e80e7b02d9e59bb0213c8aa4d961a871a8509be48c3a61dd33bfecc9777df	9228	7f8e80e7b02d9e59bb0213c8aa4d961a871a8509be48c3a61dd33bfecc9777df	9228	false
examples/foundation/.proof/delivery-fd05fc1-repaired/round-2-feature/retention.json	round-2-feature/retention.json	03851c7a436d578ea82ea207a27c04c9a4513ce58f915deee62f8345a5797acf	24293	03851c7a436d578ea82ea207a27c04c9a4513ce58f915deee62f8345a5797acf	24293	false
examples/foundation/.proof/delivery-fd05fc1-repaired/round-2-feature/review/events.jsonl	round-2-feature/review/events.jsonl	6caa27d7d166d4c2ac67690b3a36e809f3eda657cfc874812e2d2e789829e159	368752	f6014be50510d410fc2b213d211f17152f5c75ef4f8054eeacc56c1d5ce8e54e	367918	true
examples/foundation/.proof/delivery-fd05fc1-repaired/round-2-feature/review/final.json	round-2-feature/review/final.json	ced83ea963d5ad7a9d6cae3f94ec08115448197e72cddbcd541160633980219d	4796	861352d1756fdf8deb8fa73ad953f4c416cb68f1b8606cb380f62912c31b992d	4647	true
examples/foundation/.proof/delivery-fd05fc1-repaired/round-2-feature/review/prompt.txt	round-2-feature/review/prompt.txt	f268c082b368783db941613a5a9e2046d2705c187a449f227bf79f4f4209fb41	9853	457a6ab2de92d9ae3ad95a96562859cce65834eeeea6a3512bf02cff1fcb9464	9740	true
examples/foundation/.proof/delivery-fd05fc1-repaired/round-2-feature/review/schema.json	round-2-feature/review/schema.json	8bd8c27669638fc084dfe40d134d5a9fd53a260ec0a67a31d1260ed528a1a250	2255	8bd8c27669638fc084dfe40d134d5a9fd53a260ec0a67a31d1260ed528a1a250	2255	false
examples/foundation/.proof/delivery-fd05fc1-repaired/round-2-feature/review/stderr.log	round-2-feature/review/stderr.log	81b896e7c0b86b497135d9077ce00b3fe283dc264627918fc26a1b836c0b012e	1664	46734845a98bdcfd40fa324fc75c2d6c9cfa5705473c89358c044433b156a83e	1661	true
examples/foundation/.proof/delivery-fd05fc1-repaired/round-2-feature/task/events.jsonl	round-2-feature/task/events.jsonl	c244c0f1232cd1c28a80bfc81f53e26dd01cc2b24a7be51d9e39c7c6d73bd9fe	213414	4cbc33efa5d983f363263186a521b8fac56fefcc8c1e4be3e593f3fc25a1365e	212605	true
examples/foundation/.proof/delivery-fd05fc1-repaired/round-2-feature/task/final.json	round-2-feature/task/final.json	5f61a8be53639306184de978aa31a3f21f79bb0a898543f45179c47f9143336c	1155	8c853d56043d0ff184f8b17976f4f9e233da9af70bc56033e28f8635efbfbe07	1118	true
examples/foundation/.proof/delivery-fd05fc1-repaired/round-2-feature/task/prompt.txt	round-2-feature/task/prompt.txt	3a3059c1ce7b9c01f1649a4fc858ce04cd95c78903749d86c9a6f6fac230a8e1	1061	3a3059c1ce7b9c01f1649a4fc858ce04cd95c78903749d86c9a6f6fac230a8e1	1061	false
examples/foundation/.proof/delivery-fd05fc1-repaired/round-2-feature/task/schema.json	round-2-feature/task/schema.json	09d88e02a278f8f9f9c9e73dfadc39517f75c9a27a230302ee897a6dada2275b	745	09d88e02a278f8f9f9c9e73dfadc39517f75c9a27a230302ee897a6dada2275b	745	false
examples/foundation/.proof/delivery-fd05fc1-repaired/round-2-feature/task/stderr.log	round-2-feature/task/stderr.log	7026661f5ac16c10787a5c363fdb0fb0d8956fc523d84cc165239603ceb02aa4	1330	b05dc46fce882241962d99920598baf43c186a1ef835168f541779eb77e72d91	1327	true
examples/foundation/.proof/delivery-fd05fc1-repaired/round-2-feature/task.txt	round-2-feature/task.txt	ac578083ddbcd1ac2d271389c7a35a517bab498c2dd9d9aa55019aec186c07cc	573	ac578083ddbcd1ac2d271389c7a35a517bab498c2dd9d9aa55019aec186c07cc	573	false
examples/foundation/.proof/delivery-fd05fc1-repaired/rubric.md	rubric.md	8aa129b3809a7e2da895c0d51fb16e3dac8194b2f57d59290974a41068ea6bdb	2217	8aa129b3809a7e2da895c0d51fb16e3dac8194b2f57d59290974a41068ea6bdb	2217	false
