archivePath	localSourcePath	localRecordedBytes	exportedBytes	localRecordedSha256	exportedSha256	exportTransformations	upstreamOriginalSha256	upstreamHarnessRetainedSha256	upstreamCaptureTransformations	upstreamScope	upstreamManifest
candidate.json	examples/foundation/.proof/delivery-2a973c5/candidate.json	7596	7595	809b9d215e097d0b24720632597fe9e283d86b16ff20431d05448fc7747e80d6	4feea8e9e19c10fc7b93d9bf3a9599a8eb2eba753bfd98c40954463f2c9f4964	host-user-prefix:1			none	saved-run-record	none
interventions.json	examples/foundation/.proof/delivery-2a973c5/interventions.json	5479	5479	8851e6bc7e244381a487f94a37e11fcf28ecdc0ecf75c81191cd86b2563a21ca	8851e6bc7e244381a487f94a37e11fcf28ecdc0ecf75c81191cd86b2563a21ca	none			none	saved-run-record	none
report.json	examples/foundation/.proof/delivery-2a973c5/report.json	191678	190913	0cf01a5821a24b4af0190faea65696b6687f410f1c52802d5b163b116db0c6f0	3a0ec24f47c04122d96c9931104be8b250bc3fe3745ec18d75c95d8e760af1df	host-user-prefix:9,macos-temporary-root:20			none	saved-run-record	none
round-1-bug/acceptance.json	examples/foundation/.proof/delivery-2a973c5/round-1-bug/acceptance.json	3838	3763	fd6301f4d92c56bd15113e79bbe2481437197756854d9e7824f78c9da461bc8a	aeee65549a6b3b4e55d5a3cc4819957f55a5cd5d861f47cd00a5c20740acd9c5	host-user-prefix:1,macos-temporary-root:2			none	saved-run-record	none
round-1-bug/acceptance/command.log	examples/foundation/.proof/delivery-2a973c5/round-1-bug/acceptance/command.log	3152	3152	190f2eeff95be27ca402d9a3f65c125503520692ced02ece019570ab5593dc74	190f2eeff95be27ca402d9a3f65c125503520692ced02ece019570ab5593dc74	none			none	saved-run-record	none
round-1-bug/acceptance/mcp-app-host.png	examples/foundation/.proof/delivery-2a973c5/round-1-bug/acceptance/mcp-app-host.png	38784	38784	fe216ad2ccf616f64c4cd6ec387b71a77865ce0b35a15ed114dd3ce23389f983	fe216ad2ccf616f64c4cd6ec387b71a77865ce0b35a15ed114dd3ce23389f983	none			none	saved-run-record	none
round-1-bug/acceptance/mcp-host-observations.json	examples/foundation/.proof/delivery-2a973c5/round-1-bug/acceptance/mcp-host-observations.json	1412	1412	398a1c4fce364606887ca62d59e33a327a3125a24070e2557972ed3d191949e2	398a1c4fce364606887ca62d59e33a327a3125a24070e2557972ed3d191949e2	none			none	saved-run-record	none
round-1-bug/acceptance/report.json	examples/foundation/.proof/delivery-2a973c5/round-1-bug/acceptance/report.json	3152	3152	190f2eeff95be27ca402d9a3f65c125503520692ced02ece019570ab5593dc74	190f2eeff95be27ca402d9a3f65c125503520692ced02ece019570ab5593dc74	none			none	saved-run-record	none
round-1-bug/acceptance/runtime.log	examples/foundation/.proof/delivery-2a973c5/round-1-bug/acceptance/runtime.log	1884	1884	0ddfffa48baa24819cfafff614e179dfef15f8548ac62588d50c925d7fcd76cb	0ddfffa48baa24819cfafff614e179dfef15f8548ac62588d50c925d7fcd76cb	none			none	saved-run-record	none
round-1-bug/acceptance/web-persisted.png	examples/foundation/.proof/delivery-2a973c5/round-1-bug/acceptance/web-persisted.png	30862	30862	4b65c6d2e522822db7b60b4f618053e8d86c50598a49cba1cce0840d2696d655	4b65c6d2e522822db7b60b4f618053e8d86c50598a49cba1cce0840d2696d655	none			none	saved-run-record	none
round-1-bug/before/command.log	examples/foundation/.proof/delivery-2a973c5/round-1-bug/before/command.log	1790	1753	b7280442717ecfce7b255de33afaec32359eda86b992df75c632e056fffd1a1c	162c311af06109e01d991e7802544e2ef20e2bf2ecea1830ec39738b55895ab5	macos-temporary-root:1			none	saved-run-record	none
round-1-bug/before/report.json	examples/foundation/.proof/delivery-2a973c5/round-1-bug/before/report.json	1648	1648	4bae05c64099e77fab402674ad0bf8d068847e63f5c0d693ea4199bf853773b9	4bae05c64099e77fab402674ad0bf8d068847e63f5c0d693ea4199bf853773b9	none			none	saved-run-record	none
round-1-bug/before/runtime.log	examples/foundation/.proof/delivery-2a973c5/round-1-bug/before/runtime.log	1884	1884	30d15004d5dfc587cc4beb6c2eedc0c6639b58f86518acc70298e8c2be126c8d	30d15004d5dfc587cc4beb6c2eedc0c6639b58f86518acc70298e8c2be126c8d	none			none	saved-run-record	none
round-1-bug/change.diff	examples/foundation/.proof/delivery-2a973c5/round-1-bug/change.diff	9846	9846	2beb9aecc87593085c589ef55cd0151ae14a2bacafad4d8aa577fe1a9be5a1fc	2beb9aecc87593085c589ef55cd0151ae14a2bacafad4d8aa577fe1a9be5a1fc	none	2beb9aecc87593085c589ef55cd0151ae14a2bacafad4d8aa577fe1a9be5a1fc	2beb9aecc87593085c589ef55cd0151ae14a2bacafad4d8aa577fe1a9be5a1fc	none	Git-diff	report.json
round-1-bug/delivered-files.json	examples/foundation/.proof/delivery-2a973c5/round-1-bug/delivered-files.json	10170	10170	0c8a752f52bc57b57d7f666db7846762d20e6e648bf969518a45bbc550b54c98	0c8a752f52bc57b57d7f666db7846762d20e6e648bf969518a45bbc550b54c98	none			none	saved-run-record	none
round-1-bug/delivered/.astack/feature-map/work-items/README.md	examples/foundation/.proof/delivery-2a973c5/round-1-bug/delivered/.astack/feature-map/work-items/README.md	383	383	f22f22985ef1a9782e4c6a9a074bd90328e7cde7644dfa3719c926410782bed5	f22f22985ef1a9782e4c6a9a074bd90328e7cde7644dfa3719c926410782bed5	none	f22f22985ef1a9782e4c6a9a074bd90328e7cde7644dfa3719c926410782bed5	f22f22985ef1a9782e4c6a9a074bd90328e7cde7644dfa3719c926410782bed5	none	project	round-1-bug/retention.json
round-1-bug/delivered/.astack/feature-map/work-items/work-items.md	examples/foundation/.proof/delivery-2a973c5/round-1-bug/delivered/.astack/feature-map/work-items/work-items.md	1206	1206	67d6aa7c0f3843349997b2578963b437661211be34b69907978d6a2bd152aba5	67d6aa7c0f3843349997b2578963b437661211be34b69907978d6a2bd152aba5	none	67d6aa7c0f3843349997b2578963b437661211be34b69907978d6a2bd152aba5	67d6aa7c0f3843349997b2578963b437661211be34b69907978d6a2bd152aba5	none	project	round-1-bug/retention.json
round-1-bug/delivered/.astack/project.md	examples/foundation/.proof/delivery-2a973c5/round-1-bug/delivered/.astack/project.md	1419	1419	1bbff417fbc7e79f306da3c1a90e0158fc50bde7656d7dca1d9deadf6e50ce2b	1bbff417fbc7e79f306da3c1a90e0158fc50bde7656d7dca1d9deadf6e50ce2b	none	1bbff417fbc7e79f306da3c1a90e0158fc50bde7656d7dca1d9deadf6e50ce2b	1bbff417fbc7e79f306da3c1a90e0158fc50bde7656d7dca1d9deadf6e50ce2b	none	project	round-1-bug/retention.json
round-1-bug/delivered/.astack/scaffold.json	examples/foundation/.proof/delivery-2a973c5/round-1-bug/delivered/.astack/scaffold.json	274	274	fd925cb43ab0d699fcda4ef3b851a15983ac6c09501e24f059ee21736b907d52	fd925cb43ab0d699fcda4ef3b851a15983ac6c09501e24f059ee21736b907d52	none	fd925cb43ab0d699fcda4ef3b851a15983ac6c09501e24f059ee21736b907d52	fd925cb43ab0d699fcda4ef3b851a15983ac6c09501e24f059ee21736b907d52	none	project	round-1-bug/retention.json
round-1-bug/delivered/.codex/skills/astack-work-items/SKILL.md	examples/foundation/.proof/delivery-2a973c5/round-1-bug/delivered/.codex/skills/astack-work-items/SKILL.md	1242	1242	d6d82b88246cd96512e1a0c5a022c2f3a7d80a1eb164e905dc0d4232d6133fb2	d6d82b88246cd96512e1a0c5a022c2f3a7d80a1eb164e905dc0d4232d6133fb2	none	d6d82b88246cd96512e1a0c5a022c2f3a7d80a1eb164e905dc0d4232d6133fb2	d6d82b88246cd96512e1a0c5a022c2f3a7d80a1eb164e905dc0d4232d6133fb2	none	project	round-1-bug/retention.json
round-1-bug/delivered/.codex/skills/astack-work-items/control.ts	examples/foundation/.proof/delivery-2a973c5/round-1-bug/delivered/.codex/skills/astack-work-items/control.ts	1271	1271	78daca53062dfb26bc78cfaf8bb8d70b2b2af2fa266484cc3c4e190591f0fcce	78daca53062dfb26bc78cfaf8bb8d70b2b2af2fa266484cc3c4e190591f0fcce	none	78daca53062dfb26bc78cfaf8bb8d70b2b2af2fa266484cc3c4e190591f0fcce	78daca53062dfb26bc78cfaf8bb8d70b2b2af2fa266484cc3c4e190591f0fcce	none	project	round-1-bug/retention.json
round-1-bug/delivered/.gitignore	examples/foundation/.proof/delivery-2a973c5/round-1-bug/delivered/.gitignore	133	133	d7cfccfef537709ee2dd5dc14c0406dc2bd50fee52c785f481010b2689a9db7b	d7cfccfef537709ee2dd5dc14c0406dc2bd50fee52c785f481010b2689a9db7b	none	d7cfccfef537709ee2dd5dc14c0406dc2bd50fee52c785f481010b2689a9db7b	d7cfccfef537709ee2dd5dc14c0406dc2bd50fee52c785f481010b2689a9db7b	none	project	round-1-bug/retention.json
round-1-bug/delivered/.husky/pre-commit	examples/foundation/.proof/delivery-2a973c5/round-1-bug/delivered/.husky/pre-commit	194	194	49db70e604bf06f5bda03778a71d8bb249cd4af481ca976e5b35cb754532b042	49db70e604bf06f5bda03778a71d8bb249cd4af481ca976e5b35cb754532b042	none	49db70e604bf06f5bda03778a71d8bb249cd4af481ca976e5b35cb754532b042	49db70e604bf06f5bda03778a71d8bb249cd4af481ca976e5b35cb754532b042	none	project	round-1-bug/retention.json
round-1-bug/delivered/.prettierignore	examples/foundation/.proof/delivery-2a973c5/round-1-bug/delivered/.prettierignore	101	101	077f2966b94e14c1bf40a136c4a9fecfb41e793e32d18d07413873994263d7ad	077f2966b94e14c1bf40a136c4a9fecfb41e793e32d18d07413873994263d7ad	none	077f2966b94e14c1bf40a136c4a9fecfb41e793e32d18d07413873994263d7ad	077f2966b94e14c1bf40a136c4a9fecfb41e793e32d18d07413873994263d7ad	none	project	round-1-bug/retention.json
round-1-bug/delivered/.prettierrc.json	examples/foundation/.proof/delivery-2a973c5/round-1-bug/delivered/.prettierrc.json	48	48	32dcd743a0ffca59a737c87abcfcc3f57a0cede5cedb6a8b1b68d32a3b6d4506	32dcd743a0ffca59a737c87abcfcc3f57a0cede5cedb6a8b1b68d32a3b6d4506	none	32dcd743a0ffca59a737c87abcfcc3f57a0cede5cedb6a8b1b68d32a3b6d4506	32dcd743a0ffca59a737c87abcfcc3f57a0cede5cedb6a8b1b68d32a3b6d4506	none	project	round-1-bug/retention.json
round-1-bug/delivered/.proof/status-after/mcp-app-host.png	examples/foundation/.proof/delivery-2a973c5/round-1-bug/delivered/.proof/status-after/mcp-app-host.png	38785	38785	c388151c60ec88f5eb3841a867d2546c330aa1b2840a7036bb1af7d77de26bc7	c388151c60ec88f5eb3841a867d2546c330aa1b2840a7036bb1af7d77de26bc7	none	c388151c60ec88f5eb3841a867d2546c330aa1b2840a7036bb1af7d77de26bc7	c388151c60ec88f5eb3841a867d2546c330aa1b2840a7036bb1af7d77de26bc7	none	project	round-1-bug/retention.json
round-1-bug/delivered/.proof/status-after/mcp-host-observations.json	examples/foundation/.proof/delivery-2a973c5/round-1-bug/delivered/.proof/status-after/mcp-host-observations.json	1412	1412	5d99c4e31189d73bf32ffc6a699e126fdec76bf475918218c87ad0764836dc44	5d99c4e31189d73bf32ffc6a699e126fdec76bf475918218c87ad0764836dc44	none	5d99c4e31189d73bf32ffc6a699e126fdec76bf475918218c87ad0764836dc44	5d99c4e31189d73bf32ffc6a699e126fdec76bf475918218c87ad0764836dc44	none	project	round-1-bug/retention.json
round-1-bug/delivered/.proof/status-after/report.json	examples/foundation/.proof/delivery-2a973c5/round-1-bug/delivered/.proof/status-after/report.json	3399	3399	833dd99d41deb7e0b7c8af7963f5c852ce4dea4aded78289cd4423194b29cc77	833dd99d41deb7e0b7c8af7963f5c852ce4dea4aded78289cd4423194b29cc77	none	833dd99d41deb7e0b7c8af7963f5c852ce4dea4aded78289cd4423194b29cc77	833dd99d41deb7e0b7c8af7963f5c852ce4dea4aded78289cd4423194b29cc77	none	project	round-1-bug/retention.json
round-1-bug/delivered/.proof/status-after/runtime.log	examples/foundation/.proof/delivery-2a973c5/round-1-bug/delivered/.proof/status-after/runtime.log	1884	1884	c2c936ee93ab233b1e5a38f9b687b311d253e49e3def4e0447e362134359b45c	c2c936ee93ab233b1e5a38f9b687b311d253e49e3def4e0447e362134359b45c	none	c2c936ee93ab233b1e5a38f9b687b311d253e49e3def4e0447e362134359b45c	c2c936ee93ab233b1e5a38f9b687b311d253e49e3def4e0447e362134359b45c	none	project	round-1-bug/retention.json
round-1-bug/delivered/.proof/status-after/status-1-web-done.png	examples/foundation/.proof/delivery-2a973c5/round-1-bug/delivered/.proof/status-after/status-1-web-done.png	30930	30930	ae322bdab90487b300fba6f5087283d4107547b61949399e90c7addd28f79a31	ae322bdab90487b300fba6f5087283d4107547b61949399e90c7addd28f79a31	none	ae322bdab90487b300fba6f5087283d4107547b61949399e90c7addd28f79a31	ae322bdab90487b300fba6f5087283d4107547b61949399e90c7addd28f79a31	none	project	round-1-bug/retention.json
round-1-bug/delivered/.proof/status-after/status-2-web-open.png	examples/foundation/.proof/delivery-2a973c5/round-1-bug/delivered/.proof/status-after/status-2-web-open.png	31558	31558	150d727768fd730ef7d4fc5e3cfe19b1034147d9bdc2cd4f72428b7efc44416f	150d727768fd730ef7d4fc5e3cfe19b1034147d9bdc2cd4f72428b7efc44416f	none	150d727768fd730ef7d4fc5e3cfe19b1034147d9bdc2cd4f72428b7efc44416f	150d727768fd730ef7d4fc5e3cfe19b1034147d9bdc2cd4f72428b7efc44416f	none	project	round-1-bug/retention.json
round-1-bug/delivered/.proof/status-after/status-3-mcp-done.png	examples/foundation/.proof/delivery-2a973c5/round-1-bug/delivered/.proof/status-after/status-3-mcp-done.png	30930	30930	ae322bdab90487b300fba6f5087283d4107547b61949399e90c7addd28f79a31	ae322bdab90487b300fba6f5087283d4107547b61949399e90c7addd28f79a31	none	ae322bdab90487b300fba6f5087283d4107547b61949399e90c7addd28f79a31	ae322bdab90487b300fba6f5087283d4107547b61949399e90c7addd28f79a31	none	project	round-1-bug/retention.json
round-1-bug/delivered/.proof/status-after/status-4-mcp-open.png	examples/foundation/.proof/delivery-2a973c5/round-1-bug/delivered/.proof/status-after/status-4-mcp-open.png	31558	31558	150d727768fd730ef7d4fc5e3cfe19b1034147d9bdc2cd4f72428b7efc44416f	150d727768fd730ef7d4fc5e3cfe19b1034147d9bdc2cd4f72428b7efc44416f	none	150d727768fd730ef7d4fc5e3cfe19b1034147d9bdc2cd4f72428b7efc44416f	150d727768fd730ef7d4fc5e3cfe19b1034147d9bdc2cd4f72428b7efc44416f	none	project	round-1-bug/retention.json
round-1-bug/delivered/.proof/status-after/status-5-mcp-done.png	examples/foundation/.proof/delivery-2a973c5/round-1-bug/delivered/.proof/status-after/status-5-mcp-done.png	30930	30930	ae322bdab90487b300fba6f5087283d4107547b61949399e90c7addd28f79a31	ae322bdab90487b300fba6f5087283d4107547b61949399e90c7addd28f79a31	none	ae322bdab90487b300fba6f5087283d4107547b61949399e90c7addd28f79a31	ae322bdab90487b300fba6f5087283d4107547b61949399e90c7addd28f79a31	none	project	round-1-bug/retention.json
round-1-bug/delivered/.proof/status-after/status-transitions.json	examples/foundation/.proof/delivery-2a973c5/round-1-bug/delivered/.proof/status-after/status-transitions.json	1779	1779	46013a064663b91449cfda807050f324e1a70bc45760b0d006c20f70a80dce1b	46013a064663b91449cfda807050f324e1a70bc45760b0d006c20f70a80dce1b	none	46013a064663b91449cfda807050f324e1a70bc45760b0d006c20f70a80dce1b	46013a064663b91449cfda807050f324e1a70bc45760b0d006c20f70a80dce1b	none	project	round-1-bug/retention.json
round-1-bug/delivered/.proof/status-after/web-persisted.png	examples/foundation/.proof/delivery-2a973c5/round-1-bug/delivered/.proof/status-after/web-persisted.png	30930	30930	ae322bdab90487b300fba6f5087283d4107547b61949399e90c7addd28f79a31	ae322bdab90487b300fba6f5087283d4107547b61949399e90c7addd28f79a31	none	ae322bdab90487b300fba6f5087283d4107547b61949399e90c7addd28f79a31	ae322bdab90487b300fba6f5087283d4107547b61949399e90c7addd28f79a31	none	project	round-1-bug/retention.json
round-1-bug/delivered/.proof/status-before/report.json	examples/foundation/.proof/delivery-2a973c5/round-1-bug/delivered/.proof/status-before/report.json	1648	1648	4c165d8b875f94866fd7906ebeacdba577e8a25b33a0b1792f78939c0f12ebf4	4c165d8b875f94866fd7906ebeacdba577e8a25b33a0b1792f78939c0f12ebf4	none	4c165d8b875f94866fd7906ebeacdba577e8a25b33a0b1792f78939c0f12ebf4	4c165d8b875f94866fd7906ebeacdba577e8a25b33a0b1792f78939c0f12ebf4	none	project	round-1-bug/retention.json
round-1-bug/delivered/.proof/status-before/runtime.log	examples/foundation/.proof/delivery-2a973c5/round-1-bug/delivered/.proof/status-before/runtime.log	1884	1884	ee41bd794d3133bebf384cf5732bcc59ca34d3488581a73549b74261bcaee54d	ee41bd794d3133bebf384cf5732bcc59ca34d3488581a73549b74261bcaee54d	none	ee41bd794d3133bebf384cf5732bcc59ca34d3488581a73549b74261bcaee54d	ee41bd794d3133bebf384cf5732bcc59ca34d3488581a73549b74261bcaee54d	none	project	round-1-bug/retention.json
round-1-bug/delivered/.proof/status-final/mcp-app-host.png	examples/foundation/.proof/delivery-2a973c5/round-1-bug/delivered/.proof/status-final/mcp-app-host.png	38675	38675	584b983081077cc998f6adfabe5cd6adf982d13d97b96356b8d1bd1ce62e0b7c	584b983081077cc998f6adfabe5cd6adf982d13d97b96356b8d1bd1ce62e0b7c	none	584b983081077cc998f6adfabe5cd6adf982d13d97b96356b8d1bd1ce62e0b7c	584b983081077cc998f6adfabe5cd6adf982d13d97b96356b8d1bd1ce62e0b7c	none	project	round-1-bug/retention.json
round-1-bug/delivered/.proof/status-final/mcp-host-observations.json	examples/foundation/.proof/delivery-2a973c5/round-1-bug/delivered/.proof/status-final/mcp-host-observations.json	1412	1412	56af5057227f376d3122b77ee1dded8bda29e570cbdb58a7d07fb4a353099162	56af5057227f376d3122b77ee1dded8bda29e570cbdb58a7d07fb4a353099162	none	56af5057227f376d3122b77ee1dded8bda29e570cbdb58a7d07fb4a353099162	56af5057227f376d3122b77ee1dded8bda29e570cbdb58a7d07fb4a353099162	none	project	round-1-bug/retention.json
round-1-bug/delivered/.proof/status-final/report.json	examples/foundation/.proof/delivery-2a973c5/round-1-bug/delivered/.proof/status-final/report.json	3399	3399	687481add782af0458c794cfd8983d0e412fd393b2b0f08e2b848cb4160a36b9	687481add782af0458c794cfd8983d0e412fd393b2b0f08e2b848cb4160a36b9	none	687481add782af0458c794cfd8983d0e412fd393b2b0f08e2b848cb4160a36b9	687481add782af0458c794cfd8983d0e412fd393b2b0f08e2b848cb4160a36b9	none	project	round-1-bug/retention.json
round-1-bug/delivered/.proof/status-final/runtime.log	examples/foundation/.proof/delivery-2a973c5/round-1-bug/delivered/.proof/status-final/runtime.log	1884	1884	d7c57234da7cd1182a0d3b62d552ed2f19f8902f764eef9c9f88e27f380bc3b8	d7c57234da7cd1182a0d3b62d552ed2f19f8902f764eef9c9f88e27f380bc3b8	none	d7c57234da7cd1182a0d3b62d552ed2f19f8902f764eef9c9f88e27f380bc3b8	d7c57234da7cd1182a0d3b62d552ed2f19f8902f764eef9c9f88e27f380bc3b8	none	project	round-1-bug/retention.json
round-1-bug/delivered/.proof/status-final/status-1-web-done.png	examples/foundation/.proof/delivery-2a973c5/round-1-bug/delivered/.proof/status-final/status-1-web-done.png	30788	30788	5fed2562d8a63be01aa337483b5db64323262661f6999eb08f64d5eb444066ae	5fed2562d8a63be01aa337483b5db64323262661f6999eb08f64d5eb444066ae	none	5fed2562d8a63be01aa337483b5db64323262661f6999eb08f64d5eb444066ae	5fed2562d8a63be01aa337483b5db64323262661f6999eb08f64d5eb444066ae	none	project	round-1-bug/retention.json
round-1-bug/delivered/.proof/status-final/status-2-web-open.png	examples/foundation/.proof/delivery-2a973c5/round-1-bug/delivered/.proof/status-final/status-2-web-open.png	31415	31415	911a6cbb5f7c4b63572446d7a1dc931ac6fe3fcedd5fc7781fe3d795e7b685bf	911a6cbb5f7c4b63572446d7a1dc931ac6fe3fcedd5fc7781fe3d795e7b685bf	none	911a6cbb5f7c4b63572446d7a1dc931ac6fe3fcedd5fc7781fe3d795e7b685bf	911a6cbb5f7c4b63572446d7a1dc931ac6fe3fcedd5fc7781fe3d795e7b685bf	none	project	round-1-bug/retention.json
round-1-bug/delivered/.proof/status-final/status-3-mcp-done.png	examples/foundation/.proof/delivery-2a973c5/round-1-bug/delivered/.proof/status-final/status-3-mcp-done.png	30788	30788	5fed2562d8a63be01aa337483b5db64323262661f6999eb08f64d5eb444066ae	5fed2562d8a63be01aa337483b5db64323262661f6999eb08f64d5eb444066ae	none	5fed2562d8a63be01aa337483b5db64323262661f6999eb08f64d5eb444066ae	5fed2562d8a63be01aa337483b5db64323262661f6999eb08f64d5eb444066ae	none	project	round-1-bug/retention.json
round-1-bug/delivered/.proof/status-final/status-4-mcp-open.png	examples/foundation/.proof/delivery-2a973c5/round-1-bug/delivered/.proof/status-final/status-4-mcp-open.png	31415	31415	911a6cbb5f7c4b63572446d7a1dc931ac6fe3fcedd5fc7781fe3d795e7b685bf	911a6cbb5f7c4b63572446d7a1dc931ac6fe3fcedd5fc7781fe3d795e7b685bf	none	911a6cbb5f7c4b63572446d7a1dc931ac6fe3fcedd5fc7781fe3d795e7b685bf	911a6cbb5f7c4b63572446d7a1dc931ac6fe3fcedd5fc7781fe3d795e7b685bf	none	project	round-1-bug/retention.json
round-1-bug/delivered/.proof/status-final/status-5-mcp-done.png	examples/foundation/.proof/delivery-2a973c5/round-1-bug/delivered/.proof/status-final/status-5-mcp-done.png	30788	30788	5fed2562d8a63be01aa337483b5db64323262661f6999eb08f64d5eb444066ae	5fed2562d8a63be01aa337483b5db64323262661f6999eb08f64d5eb444066ae	none	5fed2562d8a63be01aa337483b5db64323262661f6999eb08f64d5eb444066ae	5fed2562d8a63be01aa337483b5db64323262661f6999eb08f64d5eb444066ae	none	project	round-1-bug/retention.json
round-1-bug/delivered/.proof/status-final/status-transitions.json	examples/foundation/.proof/delivery-2a973c5/round-1-bug/delivered/.proof/status-final/status-transitions.json	1779	1779	3b5d37896ba9533afdc93ef6c114822ac955814ac3e635129b9e4b951fdf5e58	3b5d37896ba9533afdc93ef6c114822ac955814ac3e635129b9e4b951fdf5e58	none	3b5d37896ba9533afdc93ef6c114822ac955814ac3e635129b9e4b951fdf5e58	3b5d37896ba9533afdc93ef6c114822ac955814ac3e635129b9e4b951fdf5e58	none	project	round-1-bug/retention.json
round-1-bug/delivered/.proof/status-final/web-persisted.png	examples/foundation/.proof/delivery-2a973c5/round-1-bug/delivered/.proof/status-final/web-persisted.png	30788	30788	5fed2562d8a63be01aa337483b5db64323262661f6999eb08f64d5eb444066ae	5fed2562d8a63be01aa337483b5db64323262661f6999eb08f64d5eb444066ae	none	5fed2562d8a63be01aa337483b5db64323262661f6999eb08f64d5eb444066ae	5fed2562d8a63be01aa337483b5db64323262661f6999eb08f64d5eb444066ae	none	project	round-1-bug/retention.json
round-1-bug/delivered/README.md	examples/foundation/.proof/delivery-2a973c5/round-1-bug/delivered/README.md	9653	9653	0773d22018948946391712250b072bac2afb730a5c91e4a1c570edfa7f835f18	0773d22018948946391712250b072bac2afb730a5c91e4a1c570edfa7f835f18	none	0773d22018948946391712250b072bac2afb730a5c91e4a1c570edfa7f835f18	0773d22018948946391712250b072bac2afb730a5c91e4a1c570edfa7f835f18	none	project	round-1-bug/retention.json
round-1-bug/delivered/apps/mcp-ui/index.html	examples/foundation/.proof/delivery-2a973c5/round-1-bug/delivered/apps/mcp-ui/index.html	295	295	94fe15c034fde9461e7c54c4bbb6e13eceb9bc5ba6305cafa4a7ef146aa4a82e	94fe15c034fde9461e7c54c4bbb6e13eceb9bc5ba6305cafa4a7ef146aa4a82e	none	94fe15c034fde9461e7c54c4bbb6e13eceb9bc5ba6305cafa4a7ef146aa4a82e	94fe15c034fde9461e7c54c4bbb6e13eceb9bc5ba6305cafa4a7ef146aa4a82e	none	project	round-1-bug/retention.json
round-1-bug/delivered/apps/mcp-ui/package.json	examples/foundation/.proof/delivery-2a973c5/round-1-bug/delivered/apps/mcp-ui/package.json	446	446	ad665bb56b8ee65c856b1bdcd6c88c8f33cd36f2df2c40e7e12872a9592f5f06	ad665bb56b8ee65c856b1bdcd6c88c8f33cd36f2df2c40e7e12872a9592f5f06	none	ad665bb56b8ee65c856b1bdcd6c88c8f33cd36f2df2c40e7e12872a9592f5f06	ad665bb56b8ee65c856b1bdcd6c88c8f33cd36f2df2c40e7e12872a9592f5f06	none	project	round-1-bug/retention.json
round-1-bug/delivered/apps/mcp-ui/src/main.tsx	examples/foundation/.proof/delivery-2a973c5/round-1-bug/delivered/apps/mcp-ui/src/main.tsx	5593	5593	97dd3c35aa605b8983daf0acf06ebe30dcd6aa05a5eabc1e04688b37cc64c37d	97dd3c35aa605b8983daf0acf06ebe30dcd6aa05a5eabc1e04688b37cc64c37d	none	97dd3c35aa605b8983daf0acf06ebe30dcd6aa05a5eabc1e04688b37cc64c37d	97dd3c35aa605b8983daf0acf06ebe30dcd6aa05a5eabc1e04688b37cc64c37d	none	project	round-1-bug/retention.json
round-1-bug/delivered/apps/mcp-ui/tsconfig.json	examples/foundation/.proof/delivery-2a973c5/round-1-bug/delivered/apps/mcp-ui/tsconfig.json	167	167	5e0bda48b8b922b60fd2156cd7b2ae77be6501767a0addb9daf2d2b7d6354e25	5e0bda48b8b922b60fd2156cd7b2ae77be6501767a0addb9daf2d2b7d6354e25	none	5e0bda48b8b922b60fd2156cd7b2ae77be6501767a0addb9daf2d2b7d6354e25	5e0bda48b8b922b60fd2156cd7b2ae77be6501767a0addb9daf2d2b7d6354e25	none	project	round-1-bug/retention.json
round-1-bug/delivered/apps/mcp-ui/vite.config.ts	examples/foundation/.proof/delivery-2a973c5/round-1-bug/delivered/apps/mcp-ui/vite.config.ts	264	264	2a55d4c288492c76c16e4093db62b199cd65e5849db0ba2d465127b0d9c694e1	2a55d4c288492c76c16e4093db62b199cd65e5849db0ba2d465127b0d9c694e1	none	2a55d4c288492c76c16e4093db62b199cd65e5849db0ba2d465127b0d9c694e1	2a55d4c288492c76c16e4093db62b199cd65e5849db0ba2d465127b0d9c694e1	none	project	round-1-bug/retention.json
round-1-bug/delivered/apps/web/.env.example	examples/foundation/.proof/delivery-2a973c5/round-1-bug/delivered/apps/web/.env.example	275	275	b0a0ce4f487271efc054bfed28174b7ca284096bb0b551aacc84d2b128720096	b0a0ce4f487271efc054bfed28174b7ca284096bb0b551aacc84d2b128720096	none	b0a0ce4f487271efc054bfed28174b7ca284096bb0b551aacc84d2b128720096	b0a0ce4f487271efc054bfed28174b7ca284096bb0b551aacc84d2b128720096	none	project	round-1-bug/retention.json
round-1-bug/delivered/apps/web/index.html	examples/foundation/.proof/delivery-2a973c5/round-1-bug/delivered/apps/web/index.html	295	295	94fe15c034fde9461e7c54c4bbb6e13eceb9bc5ba6305cafa4a7ef146aa4a82e	94fe15c034fde9461e7c54c4bbb6e13eceb9bc5ba6305cafa4a7ef146aa4a82e	none	94fe15c034fde9461e7c54c4bbb6e13eceb9bc5ba6305cafa4a7ef146aa4a82e	94fe15c034fde9461e7c54c4bbb6e13eceb9bc5ba6305cafa4a7ef146aa4a82e	none	project	round-1-bug/retention.json
round-1-bug/delivered/apps/web/package.json	examples/foundation/.proof/delivery-2a973c5/round-1-bug/delivered/apps/web/package.json	620	620	3ffd23e1a624defe1b6b33f3c2516038e74a623341d3fe74fa68ed540412ae11	3ffd23e1a624defe1b6b33f3c2516038e74a623341d3fe74fa68ed540412ae11	none	3ffd23e1a624defe1b6b33f3c2516038e74a623341d3fe74fa68ed540412ae11	3ffd23e1a624defe1b6b33f3c2516038e74a623341d3fe74fa68ed540412ae11	none	project	round-1-bug/retention.json
round-1-bug/delivered/apps/web/src/main.tsx	examples/foundation/.proof/delivery-2a973c5/round-1-bug/delivered/apps/web/src/main.tsx	2812	2812	d35db9680fea6c3ce2082d6d9e391b1c3dfe22db5968b28ba2da8da0d76cf9be	d35db9680fea6c3ce2082d6d9e391b1c3dfe22db5968b28ba2da8da0d76cf9be	none	d35db9680fea6c3ce2082d6d9e391b1c3dfe22db5968b28ba2da8da0d76cf9be	d35db9680fea6c3ce2082d6d9e391b1c3dfe22db5968b28ba2da8da0d76cf9be	none	project	round-1-bug/retention.json
round-1-bug/delivered/apps/web/src/router.tsx	examples/foundation/.proof/delivery-2a973c5/round-1-bug/delivered/apps/web/src/router.tsx	720	720	d53d6c942972eff2e39f9e9bddaecd54e8210dccf36c86ffd4d2ae239f363798	d53d6c942972eff2e39f9e9bddaecd54e8210dccf36c86ffd4d2ae239f363798	none	d53d6c942972eff2e39f9e9bddaecd54e8210dccf36c86ffd4d2ae239f363798	d53d6c942972eff2e39f9e9bddaecd54e8210dccf36c86ffd4d2ae239f363798	none	project	round-1-bug/retention.json
round-1-bug/delivered/apps/web/src/work-items.tsx	examples/foundation/.proof/delivery-2a973c5/round-1-bug/delivered/apps/web/src/work-items.tsx	6033	6033	7ec61a361e5cc4a9c001eed4a7f3530215829d6f1e6c446110167c64b41c33a8	7ec61a361e5cc4a9c001eed4a7f3530215829d6f1e6c446110167c64b41c33a8	none	7ec61a361e5cc4a9c001eed4a7f3530215829d6f1e6c446110167c64b41c33a8	7ec61a361e5cc4a9c001eed4a7f3530215829d6f1e6c446110167c64b41c33a8	none	project	round-1-bug/retention.json
round-1-bug/delivered/apps/web/tsconfig.json	examples/foundation/.proof/delivery-2a973c5/round-1-bug/delivered/apps/web/tsconfig.json	167	167	5e0bda48b8b922b60fd2156cd7b2ae77be6501767a0addb9daf2d2b7d6354e25	5e0bda48b8b922b60fd2156cd7b2ae77be6501767a0addb9daf2d2b7d6354e25	none	5e0bda48b8b922b60fd2156cd7b2ae77be6501767a0addb9daf2d2b7d6354e25	5e0bda48b8b922b60fd2156cd7b2ae77be6501767a0addb9daf2d2b7d6354e25	none	project	round-1-bug/retention.json
round-1-bug/delivered/apps/web/vite.config.ts	examples/foundation/.proof/delivery-2a973c5/round-1-bug/delivered/apps/web/vite.config.ts	186	186	c536b6cd2d08f8c39877d1fffeba7feed91a23f288582a98547f294ab4c609d1	c536b6cd2d08f8c39877d1fffeba7feed91a23f288582a98547f294ab4c609d1	none	c536b6cd2d08f8c39877d1fffeba7feed91a23f288582a98547f294ab4c609d1	c536b6cd2d08f8c39877d1fffeba7feed91a23f288582a98547f294ab4c609d1	none	project	round-1-bug/retention.json
round-1-bug/delivered/bun.lock	examples/foundation/.proof/delivery-2a973c5/round-1-bug/delivered/bun.lock	171715	171715	1ed2f09c0b4b4dbd5864f39dbde996958ea6cf2f17bfb33cef64586236d78034	1ed2f09c0b4b4dbd5864f39dbde996958ea6cf2f17bfb33cef64586236d78034	none	1ed2f09c0b4b4dbd5864f39dbde996958ea6cf2f17bfb33cef64586236d78034	1ed2f09c0b4b4dbd5864f39dbde996958ea6cf2f17bfb33cef64586236d78034	none	project	round-1-bug/retention.json
round-1-bug/delivered/eslint.config.mjs	examples/foundation/.proof/delivery-2a973c5/round-1-bug/delivered/eslint.config.mjs	56	56	ffe4ebb5a5c522749f8242d2e16ad3bb46a241e862684891301e831f912cba08	ffe4ebb5a5c522749f8242d2e16ad3bb46a241e862684891301e831f912cba08	none	ffe4ebb5a5c522749f8242d2e16ad3bb46a241e862684891301e831f912cba08	ffe4ebb5a5c522749f8242d2e16ad3bb46a241e862684891301e831f912cba08	none	project	round-1-bug/retention.json
round-1-bug/delivered/lint-staged.config.mjs	examples/foundation/.proof/delivery-2a973c5/round-1-bug/delivered/lint-staged.config.mjs	209	209	81c09831a1333b8058aa111e906125e42bb9e5759f17c62318c21d62225bce00	81c09831a1333b8058aa111e906125e42bb9e5759f17c62318c21d62225bce00	none	81c09831a1333b8058aa111e906125e42bb9e5759f17c62318c21d62225bce00	81c09831a1333b8058aa111e906125e42bb9e5759f17c62318c21d62225bce00	none	project	round-1-bug/retention.json
round-1-bug/delivered/package.json	examples/foundation/.proof/delivery-2a973c5/round-1-bug/delivered/package.json	2189	2189	7c7db212cb2107c0c0e6ee3bc81cc0d8cc894aa25afd35b6df5e21046de9ddcf	7c7db212cb2107c0c0e6ee3bc81cc0d8cc894aa25afd35b6df5e21046de9ddcf	none	7c7db212cb2107c0c0e6ee3bc81cc0d8cc894aa25afd35b6df5e21046de9ddcf	7c7db212cb2107c0c0e6ee3bc81cc0d8cc894aa25afd35b6df5e21046de9ddcf	none	project	round-1-bug/retention.json
round-1-bug/delivered/packages/backend/.env.example	examples/foundation/.proof/delivery-2a973c5/round-1-bug/delivered/packages/backend/.env.example	200	200	b8ae67eee31602ab2897a2ff95082c6bd88181efc7a4fb3bbdd4e90fb6f708f8	b8ae67eee31602ab2897a2ff95082c6bd88181efc7a4fb3bbdd4e90fb6f708f8	none	b8ae67eee31602ab2897a2ff95082c6bd88181efc7a4fb3bbdd4e90fb6f708f8	b8ae67eee31602ab2897a2ff95082c6bd88181efc7a4fb3bbdd4e90fb6f708f8	none	project	round-1-bug/retention.json
round-1-bug/delivered/packages/backend/.gitignore	examples/foundation/.proof/delivery-2a973c5/round-1-bug/delivered/packages/backend/.gitignore	12	12	c1be9a7b83075864153509fa626722510fd2507fe18e4548a4a89e11023048ea	c1be9a7b83075864153509fa626722510fd2507fe18e4548a4a89e11023048ea	none	c1be9a7b83075864153509fa626722510fd2507fe18e4548a4a89e11023048ea	c1be9a7b83075864153509fa626722510fd2507fe18e4548a4a89e11023048ea	none	project	round-1-bug/retention.json
round-1-bug/delivered/packages/backend/convex.json	examples/foundation/.proof/delivery-2a973c5/round-1-bug/delivered/packages/backend/convex.json	135	135	fa3e766ef4d424da2f57361dca5369f073981fac42dd0a4e4641d8867faf51f3	fa3e766ef4d424da2f57361dca5369f073981fac42dd0a4e4641d8867faf51f3	none	fa3e766ef4d424da2f57361dca5369f073981fac42dd0a4e4641d8867faf51f3	fa3e766ef4d424da2f57361dca5369f073981fac42dd0a4e4641d8867faf51f3	none	project	round-1-bug/retention.json
round-1-bug/delivered/packages/backend/convex/_generated/api.ts	examples/foundation/.proof/delivery-2a973c5/round-1-bug/delivered/packages/backend/convex/_generated/api.ts	1400	1400	b51f59d5f03959d7978ef51ce4bb1918d5e966fcfd6c3510fe5847b65c11fbd2	b51f59d5f03959d7978ef51ce4bb1918d5e966fcfd6c3510fe5847b65c11fbd2	none	b51f59d5f03959d7978ef51ce4bb1918d5e966fcfd6c3510fe5847b65c11fbd2	b51f59d5f03959d7978ef51ce4bb1918d5e966fcfd6c3510fe5847b65c11fbd2	none	project	round-1-bug/retention.json
round-1-bug/delivered/packages/backend/convex/_generated/dataModel.ts	examples/foundation/.proof/delivery-2a973c5/round-1-bug/delivered/packages/backend/convex/_generated/dataModel.ts	1736	1736	db177073d16a4393c7a96bcdc3a2a904e88c2432d54d138ca7715cc431982c17	db177073d16a4393c7a96bcdc3a2a904e88c2432d54d138ca7715cc431982c17	none	db177073d16a4393c7a96bcdc3a2a904e88c2432d54d138ca7715cc431982c17	db177073d16a4393c7a96bcdc3a2a904e88c2432d54d138ca7715cc431982c17	none	project	round-1-bug/retention.json
round-1-bug/delivered/packages/backend/convex/_generated/server.ts	examples/foundation/.proof/delivery-2a973c5/round-1-bug/delivered/packages/backend/convex/_generated/server.ts	6349	6349	4ef510cd49241e28128a9a462daadaa9743c628f3df5c2a3fa4ad3c9af6b9cc4	4ef510cd49241e28128a9a462daadaa9743c628f3df5c2a3fa4ad3c9af6b9cc4	none	4ef510cd49241e28128a9a462daadaa9743c628f3df5c2a3fa4ad3c9af6b9cc4	4ef510cd49241e28128a9a462daadaa9743c628f3df5c2a3fa4ad3c9af6b9cc4	none	project	round-1-bug/retention.json
round-1-bug/delivered/packages/backend/convex/auth.config.ts	examples/foundation/.proof/delivery-2a973c5/round-1-bug/delivered/packages/backend/convex/auth.config.ts	2331	2331	d6881c29a3b941cf0d2ad3e59d4eb26d4804c5731d5b09d4ff4035aa37edd123	d6881c29a3b941cf0d2ad3e59d4eb26d4804c5731d5b09d4ff4035aa37edd123	none	d6881c29a3b941cf0d2ad3e59d4eb26d4804c5731d5b09d4ff4035aa37edd123	d6881c29a3b941cf0d2ad3e59d4eb26d4804c5731d5b09d4ff4035aa37edd123	none	project	round-1-bug/retention.json
round-1-bug/delivered/packages/backend/convex/http.ts	examples/foundation/.proof/delivery-2a973c5/round-1-bug/delivered/packages/backend/convex/http.ts	5047	5047	29d52f06c182108924650627a0c07532b58deac43092827fd2a6e77663e3a434	29d52f06c182108924650627a0c07532b58deac43092827fd2a6e77663e3a434	none	f7a33e2c070ec9cd4431835917a6fd672fd5b5390f636b06c41d3a6beb1315df	29d52f06c182108924650627a0c07532b58deac43092827fd2a6e77663e3a434	credential-redaction	project	round-1-bug/retention.json
round-1-bug/delivered/packages/backend/convex/lib/identity.ts	examples/foundation/.proof/delivery-2a973c5/round-1-bug/delivered/packages/backend/convex/lib/identity.ts	1287	1287	c07154240f019b4a4dafb1514ed4194c6e8479b9f69251c4d4d3c27252fe53da	c07154240f019b4a4dafb1514ed4194c6e8479b9f69251c4d4d3c27252fe53da	none	c07154240f019b4a4dafb1514ed4194c6e8479b9f69251c4d4d3c27252fe53da	c07154240f019b4a4dafb1514ed4194c6e8479b9f69251c4d4d3c27252fe53da	none	project	round-1-bug/retention.json
round-1-bug/delivered/packages/backend/convex/lib/mcp.ts	examples/foundation/.proof/delivery-2a973c5/round-1-bug/delivered/packages/backend/convex/lib/mcp.ts	4599	4599	c5d6396b01551d057fa2cb63b175e6b5bb9c20cddcd06367a44cc1c301b11aae	c5d6396b01551d057fa2cb63b175e6b5bb9c20cddcd06367a44cc1c301b11aae	none	c5d6396b01551d057fa2cb63b175e6b5bb9c20cddcd06367a44cc1c301b11aae	c5d6396b01551d057fa2cb63b175e6b5bb9c20cddcd06367a44cc1c301b11aae	none	project	round-1-bug/retention.json
round-1-bug/delivered/packages/backend/convex/schema.ts	examples/foundation/.proof/delivery-2a973c5/round-1-bug/delivered/packages/backend/convex/schema.ts	296	296	dbb8465c66ac2b6b16cd4029797c4a9d2d618c6ebefbfb61820d24e780ea3298	dbb8465c66ac2b6b16cd4029797c4a9d2d618c6ebefbfb61820d24e780ea3298	none	dbb8465c66ac2b6b16cd4029797c4a9d2d618c6ebefbfb61820d24e780ea3298	dbb8465c66ac2b6b16cd4029797c4a9d2d618c6ebefbfb61820d24e780ea3298	none	project	round-1-bug/retention.json
round-1-bug/delivered/packages/backend/convex/tsconfig.json	examples/foundation/.proof/delivery-2a973c5/round-1-bug/delivered/packages/backend/convex/tsconfig.json	223	223	94563947ccb3f355ca83a8bb6b85632d6d77a5de9864c973eabeb3dc6a3b68a0	94563947ccb3f355ca83a8bb6b85632d6d77a5de9864c973eabeb3dc6a3b68a0	none	94563947ccb3f355ca83a8bb6b85632d6d77a5de9864c973eabeb3dc6a3b68a0	94563947ccb3f355ca83a8bb6b85632d6d77a5de9864c973eabeb3dc6a3b68a0	none	project	round-1-bug/retention.json
round-1-bug/delivered/packages/backend/convex/workItems.ts	examples/foundation/.proof/delivery-2a973c5/round-1-bug/delivered/packages/backend/convex/workItems.ts	2394	2394	091b683e3f92d4412cd04b8ea2dc2b86729eeb8e21cf32a903f76393087a0963	091b683e3f92d4412cd04b8ea2dc2b86729eeb8e21cf32a903f76393087a0963	none	091b683e3f92d4412cd04b8ea2dc2b86729eeb8e21cf32a903f76393087a0963	091b683e3f92d4412cd04b8ea2dc2b86729eeb8e21cf32a903f76393087a0963	none	project	round-1-bug/retention.json
round-1-bug/delivered/packages/backend/package.json	examples/foundation/.proof/delivery-2a973c5/round-1-bug/delivered/packages/backend/package.json	580	580	31b5657d4efecc5dfa7ba55e3d1b88a366950649e1b40e407808888a7c40b655	31b5657d4efecc5dfa7ba55e3d1b88a366950649e1b40e407808888a7c40b655	none	31b5657d4efecc5dfa7ba55e3d1b88a366950649e1b40e407808888a7c40b655	31b5657d4efecc5dfa7ba55e3d1b88a366950649e1b40e407808888a7c40b655	none	project	round-1-bug/retention.json
round-1-bug/delivered/packages/backend/tsconfig.json	examples/foundation/.proof/delivery-2a973c5/round-1-bug/delivered/packages/backend/tsconfig.json	128	128	4fd3e7337d33f357829d7bb17c24e8c46c5bed068caac3035f7703320a8a5f27	4fd3e7337d33f357829d7bb17c24e8c46c5bed068caac3035f7703320a8a5f27	none	4fd3e7337d33f357829d7bb17c24e8c46c5bed068caac3035f7703320a8a5f27	4fd3e7337d33f357829d7bb17c24e8c46c5bed068caac3035f7703320a8a5f27	none	project	round-1-bug/retention.json
round-1-bug/delivered/packages/config/eslint.mjs	examples/foundation/.proof/delivery-2a973c5/round-1-bug/delivered/packages/config/eslint.mjs	6543	6543	37ab4a3ca105bb08cea6e4c78c94c5994114a1212b73a322975fea90df0a7bbf	37ab4a3ca105bb08cea6e4c78c94c5994114a1212b73a322975fea90df0a7bbf	none	37ab4a3ca105bb08cea6e4c78c94c5994114a1212b73a322975fea90df0a7bbf	37ab4a3ca105bb08cea6e4c78c94c5994114a1212b73a322975fea90df0a7bbf	none	project	round-1-bug/retention.json
round-1-bug/delivered/packages/config/package.json	examples/foundation/.proof/delivery-2a973c5/round-1-bug/delivered/packages/config/package.json	226	226	a4f44539cae3b8097d700d6c2103b1789695a95cb7212d1725c0c7a4a8f10050	a4f44539cae3b8097d700d6c2103b1789695a95cb7212d1725c0c7a4a8f10050	none	a4f44539cae3b8097d700d6c2103b1789695a95cb7212d1725c0c7a4a8f10050	a4f44539cae3b8097d700d6c2103b1789695a95cb7212d1725c0c7a4a8f10050	none	project	round-1-bug/retention.json
round-1-bug/delivered/packages/config/typescript.json	examples/foundation/.proof/delivery-2a973c5/round-1-bug/delivered/packages/config/typescript.json	479	479	c30e08e49e06495f66993ffc8d55d0e48e9f0ac28d1ed8a105b5fb5cdd97ef09	c30e08e49e06495f66993ffc8d55d0e48e9f0ac28d1ed8a105b5fb5cdd97ef09	none	c30e08e49e06495f66993ffc8d55d0e48e9f0ac28d1ed8a105b5fb5cdd97ef09	c30e08e49e06495f66993ffc8d55d0e48e9f0ac28d1ed8a105b5fb5cdd97ef09	none	project	round-1-bug/retention.json
round-1-bug/delivered/packages/domain/package.json	examples/foundation/.proof/delivery-2a973c5/round-1-bug/delivered/packages/domain/package.json	259	259	6b38a411cf16da1daad0a07f6f0e5de738bd523b5d44525e58bc94f8bc13a8ac	6b38a411cf16da1daad0a07f6f0e5de738bd523b5d44525e58bc94f8bc13a8ac	none	6b38a411cf16da1daad0a07f6f0e5de738bd523b5d44525e58bc94f8bc13a8ac	6b38a411cf16da1daad0a07f6f0e5de738bd523b5d44525e58bc94f8bc13a8ac	none	project	round-1-bug/retention.json
round-1-bug/delivered/packages/domain/src/index.ts	examples/foundation/.proof/delivery-2a973c5/round-1-bug/delivered/packages/domain/src/index.ts	650	650	5b1e707a9bdab248b40f1414a646c96d3d2fc9651b363bee3d6c1d657d200479	5b1e707a9bdab248b40f1414a646c96d3d2fc9651b363bee3d6c1d657d200479	none	5b1e707a9bdab248b40f1414a646c96d3d2fc9651b363bee3d6c1d657d200479	5b1e707a9bdab248b40f1414a646c96d3d2fc9651b363bee3d6c1d657d200479	none	project	round-1-bug/retention.json
round-1-bug/delivered/packages/domain/tsconfig.json	examples/foundation/.proof/delivery-2a973c5/round-1-bug/delivered/packages/domain/tsconfig.json	72	72	9f05a0b0992a69d35ccfd30a7341d9c36fc7eaefb1634d54d6a92030ab4906a4	9f05a0b0992a69d35ccfd30a7341d9c36fc7eaefb1634d54d6a92030ab4906a4	none	9f05a0b0992a69d35ccfd30a7341d9c36fc7eaefb1634d54d6a92030ab4906a4	9f05a0b0992a69d35ccfd30a7341d9c36fc7eaefb1634d54d6a92030ab4906a4	none	project	round-1-bug/retention.json
round-1-bug/delivered/packages/ui/.storybook/main.ts	examples/foundation/.proof/delivery-2a973c5/round-1-bug/delivered/packages/ui/.storybook/main.ts	370	370	5e7138e85e2d936a889a4d9fc83a60343a58adc8ac1378253af4f34de94ca452	5e7138e85e2d936a889a4d9fc83a60343a58adc8ac1378253af4f34de94ca452	none	5e7138e85e2d936a889a4d9fc83a60343a58adc8ac1378253af4f34de94ca452	5e7138e85e2d936a889a4d9fc83a60343a58adc8ac1378253af4f34de94ca452	none	project	round-1-bug/retention.json
round-1-bug/delivered/packages/ui/package.json	examples/foundation/.proof/delivery-2a973c5/round-1-bug/delivered/packages/ui/package.json	571	571	7d0dacda9d20b8cb71adaf6c7fb60d01c081db8d7121ca2a97ea275785b9dd01	7d0dacda9d20b8cb71adaf6c7fb60d01c081db8d7121ca2a97ea275785b9dd01	none	7d0dacda9d20b8cb71adaf6c7fb60d01c081db8d7121ca2a97ea275785b9dd01	7d0dacda9d20b8cb71adaf6c7fb60d01c081db8d7121ca2a97ea275785b9dd01	none	project	round-1-bug/retention.json
round-1-bug/delivered/packages/ui/src/WorkItemList.stories.tsx	examples/foundation/.proof/delivery-2a973c5/round-1-bug/delivered/packages/ui/src/WorkItemList.stories.tsx	835	835	1dee67d82ea987c646572e6aad354403e92513764fda882c76c93746a5f816c6	1dee67d82ea987c646572e6aad354403e92513764fda882c76c93746a5f816c6	none	1dee67d82ea987c646572e6aad354403e92513764fda882c76c93746a5f816c6	1dee67d82ea987c646572e6aad354403e92513764fda882c76c93746a5f816c6	none	project	round-1-bug/retention.json
round-1-bug/delivered/packages/ui/src/index.tsx	examples/foundation/.proof/delivery-2a973c5/round-1-bug/delivered/packages/ui/src/index.tsx	2843	2843	482517b2f2e77d1e7f4cdf3437dc171d989db1e6dae2bd2a21555f25e29e392c	482517b2f2e77d1e7f4cdf3437dc171d989db1e6dae2bd2a21555f25e29e392c	none	482517b2f2e77d1e7f4cdf3437dc171d989db1e6dae2bd2a21555f25e29e392c	482517b2f2e77d1e7f4cdf3437dc171d989db1e6dae2bd2a21555f25e29e392c	none	project	round-1-bug/retention.json
round-1-bug/delivered/packages/ui/src/styles.css	examples/foundation/.proof/delivery-2a973c5/round-1-bug/delivered/packages/ui/src/styles.css	3723	3723	ca2eee3281dc72525d1b850e97f56253d45ad269b47fa99c353d29bc60f26e61	ca2eee3281dc72525d1b850e97f56253d45ad269b47fa99c353d29bc60f26e61	none	ca2eee3281dc72525d1b850e97f56253d45ad269b47fa99c353d29bc60f26e61	ca2eee3281dc72525d1b850e97f56253d45ad269b47fa99c353d29bc60f26e61	none	project	round-1-bug/retention.json
round-1-bug/delivered/packages/ui/src/styles.d.ts	examples/foundation/.proof/delivery-2a973c5/round-1-bug/delivered/packages/ui/src/styles.d.ts	24	24	da5bf71d48cf909584a01c80b445f730507068f5b34c920f352e2bfcf0315e4c	da5bf71d48cf909584a01c80b445f730507068f5b34c920f352e2bfcf0315e4c	none	da5bf71d48cf909584a01c80b445f730507068f5b34c920f352e2bfcf0315e4c	da5bf71d48cf909584a01c80b445f730507068f5b34c920f352e2bfcf0315e4c	none	project	round-1-bug/retention.json
round-1-bug/delivered/packages/ui/tsconfig.json	examples/foundation/.proof/delivery-2a973c5/round-1-bug/delivered/packages/ui/tsconfig.json	181	181	d196a02fc942af46994f25a0e87b7cb14782e9412148b0a3e356887e615a8265	d196a02fc942af46994f25a0e87b7cb14782e9412148b0a3e356887e615a8265	none	d196a02fc942af46994f25a0e87b7cb14782e9412148b0a3e356887e615a8265	d196a02fc942af46994f25a0e87b7cb14782e9412148b0a3e356887e615a8265	none	project	round-1-bug/retention.json
round-1-bug/delivered/scripts/check.ts	examples/foundation/.proof/delivery-2a973c5/round-1-bug/delivered/scripts/check.ts	4480	4480	9c3cd5de3158b763735ec46563ed24aeecd6d516505e48f18750882e0c02ac68	9c3cd5de3158b763735ec46563ed24aeecd6d516505e48f18750882e0c02ac68	none	9c3cd5de3158b763735ec46563ed24aeecd6d516505e48f18750882e0c02ac68	9c3cd5de3158b763735ec46563ed24aeecd6d516505e48f18750882e0c02ac68	none	project	round-1-bug/retention.json
round-1-bug/delivered/scripts/embed-ui.ts	examples/foundation/.proof/delivery-2a973c5/round-1-bug/delivered/scripts/embed-ui.ts	572	572	8d56596ecc114a462c188bbecb4fbb8e61443bf2bbac8c1939dfc1a841b17e9b	8d56596ecc114a462c188bbecb4fbb8e61443bf2bbac8c1939dfc1a841b17e9b	none	8d56596ecc114a462c188bbecb4fbb8e61443bf2bbac8c1939dfc1a841b17e9b	8d56596ecc114a462c188bbecb4fbb8e61443bf2bbac8c1939dfc1a841b17e9b	none	project	round-1-bug/retention.json
round-1-bug/delivered/scripts/enforcement.ts	examples/foundation/.proof/delivery-2a973c5/round-1-bug/delivered/scripts/enforcement.ts	5942	5942	87cf27f64208be19c709ca571abaa5264bd692aa2b755a58906dc5580bd96ce5	87cf27f64208be19c709ca571abaa5264bd692aa2b755a58906dc5580bd96ce5	none	87cf27f64208be19c709ca571abaa5264bd692aa2b755a58906dc5580bd96ce5	87cf27f64208be19c709ca571abaa5264bd692aa2b755a58906dc5580bd96ce5	none	project	round-1-bug/retention.json
round-1-bug/delivered/scripts/http-transport.ts	examples/foundation/.proof/delivery-2a973c5/round-1-bug/delivered/scripts/http-transport.ts	1383	1383	85ef0e5caad04b0f014acb7471208eea113f29bcaadce0a2d9a13a27a4851289	85ef0e5caad04b0f014acb7471208eea113f29bcaadce0a2d9a13a27a4851289	none	85ef0e5caad04b0f014acb7471208eea113f29bcaadce0a2d9a13a27a4851289	85ef0e5caad04b0f014acb7471208eea113f29bcaadce0a2d9a13a27a4851289	none	project	round-1-bug/retention.json
round-1-bug/delivered/scripts/install-hooks.ts	examples/foundation/.proof/delivery-2a973c5/round-1-bug/delivered/scripts/install-hooks.ts	5553	5553	f243b8720f3fdd779b8374178d8f4eeb7dcd014eb65136972ab6d46f2b5f994b	f243b8720f3fdd779b8374178d8f4eeb7dcd014eb65136972ab6d46f2b5f994b	none	f243b8720f3fdd779b8374178d8f4eeb7dcd014eb65136972ab6d46f2b5f994b	f243b8720f3fdd779b8374178d8f4eeb7dcd014eb65136972ab6d46f2b5f994b	none	project	round-1-bug/retention.json
round-1-bug/delivered/scripts/mcp-host-browser.ts	examples/foundation/.proof/delivery-2a973c5/round-1-bug/delivered/scripts/mcp-host-browser.ts	7093	7093	686bef7d89f8198b86cee7a1d8b41407fbde7cb5e71e86f35cd0553484a6a03e	686bef7d89f8198b86cee7a1d8b41407fbde7cb5e71e86f35cd0553484a6a03e	none	686bef7d89f8198b86cee7a1d8b41407fbde7cb5e71e86f35cd0553484a6a03e	686bef7d89f8198b86cee7a1d8b41407fbde7cb5e71e86f35cd0553484a6a03e	none	project	round-1-bug/retention.json
round-1-bug/delivered/scripts/mcp-host.ts	examples/foundation/.proof/delivery-2a973c5/round-1-bug/delivered/scripts/mcp-host.ts	2901	2901	b09829d7958d5faa4ecb9e4f2adf62b956b4007e0bcf2cf09ef4780b073f8958	b09829d7958d5faa4ecb9e4f2adf62b956b4007e0bcf2cf09ef4780b073f8958	none	b09829d7958d5faa4ecb9e4f2adf62b956b4007e0bcf2cf09ef4780b073f8958	b09829d7958d5faa4ecb9e4f2adf62b956b4007e0bcf2cf09ef4780b073f8958	none	project	round-1-bug/retention.json
round-1-bug/delivered/scripts/prepare-check.ts	examples/foundation/.proof/delivery-2a973c5/round-1-bug/delivered/scripts/prepare-check.ts	406	406	347f97d470d664397c7a3b0258fb5885858b4fb4e6c43b89e248432a8c1457ff	347f97d470d664397c7a3b0258fb5885858b4fb4e6c43b89e248432a8c1457ff	none	347f97d470d664397c7a3b0258fb5885858b4fb4e6c43b89e248432a8c1457ff	347f97d470d664397c7a3b0258fb5885858b4fb4e6c43b89e248432a8c1457ff	none	project	round-1-bug/retention.json
round-1-bug/delivered/scripts/readiness.ts	examples/foundation/.proof/delivery-2a973c5/round-1-bug/delivered/scripts/readiness.ts	38769	38769	350e850bbf55a450d3621de14c693faa718e4b20880a3b4ccd411f2065991d15	350e850bbf55a450d3621de14c693faa718e4b20880a3b4ccd411f2065991d15	none	350e850bbf55a450d3621de14c693faa718e4b20880a3b4ccd411f2065991d15	350e850bbf55a450d3621de14c693faa718e4b20880a3b4ccd411f2065991d15	none	project	round-1-bug/retention.json
round-1-bug/delivered/scripts/runtime.ts	examples/foundation/.proof/delivery-2a973c5/round-1-bug/delivered/scripts/runtime.ts	13722	13722	cd21060931e9a9955e8340623fbc63371de9c96620e298641ab18edfd7dee228	cd21060931e9a9955e8340623fbc63371de9c96620e298641ab18edfd7dee228	none	cd21060931e9a9955e8340623fbc63371de9c96620e298641ab18edfd7dee228	cd21060931e9a9955e8340623fbc63371de9c96620e298641ab18edfd7dee228	none	project	round-1-bug/retention.json
round-1-bug/delivered/scripts/source-identity.ts	examples/foundation/.proof/delivery-2a973c5/round-1-bug/delivered/scripts/source-identity.ts	1553	1553	74dee120839a291c38c7e0982747441e1617cd2264dfb9683f6df3574656fe8a	74dee120839a291c38c7e0982747441e1617cd2264dfb9683f6df3574656fe8a	none	74dee120839a291c38c7e0982747441e1617cd2264dfb9683f6df3574656fe8a	74dee120839a291c38c7e0982747441e1617cd2264dfb9683f6df3574656fe8a	none	project	round-1-bug/retention.json
round-1-bug/delivered/scripts/trials.ts	examples/foundation/.proof/delivery-2a973c5/round-1-bug/delivered/scripts/trials.ts	52414	52414	723291a72a3cf646dfc911d90fe033c7c01b9eb7d6c6daa0bf6b52a5e1f6fd8e	723291a72a3cf646dfc911d90fe033c7c01b9eb7d6c6daa0bf6b52a5e1f6fd8e	none	723291a72a3cf646dfc911d90fe033c7c01b9eb7d6c6daa0bf6b52a5e1f6fd8e	723291a72a3cf646dfc911d90fe033c7c01b9eb7d6c6daa0bf6b52a5e1f6fd8e	none	project	round-1-bug/retention.json
round-1-bug/delivered/tests/domain.test.ts	examples/foundation/.proof/delivery-2a973c5/round-1-bug/delivered/tests/domain.test.ts	720	720	1f944425bc0b6538246fd90b2b13d3ea87db0d9271befff106c68bc748d58dc7	1f944425bc0b6538246fd90b2b13d3ea87db0d9271befff106c68bc748d58dc7	none	1f944425bc0b6538246fd90b2b13d3ea87db0d9271befff106c68bc748d58dc7	1f944425bc0b6538246fd90b2b13d3ea87db0d9271befff106c68bc748d58dc7	none	project	round-1-bug/retention.json
round-1-bug/delivered/tests/proof-policy.test.ts	examples/foundation/.proof/delivery-2a973c5/round-1-bug/delivered/tests/proof-policy.test.ts	9088	9088	687a123fbf358830938718fcf354ed4bdaa372f5a81d852fb8d0139810bf72a9	687a123fbf358830938718fcf354ed4bdaa372f5a81d852fb8d0139810bf72a9	none	cf003fc7b7a859435fa0a73dbbd5f122d3f00ca6e66a367d5e7863f5690d1175	687a123fbf358830938718fcf354ed4bdaa372f5a81d852fb8d0139810bf72a9	credential-redaction	project	round-1-bug/retention.json
round-1-bug/delivered/tests/provenance.test.ts	examples/foundation/.proof/delivery-2a973c5/round-1-bug/delivered/tests/provenance.test.ts	1385	1385	dd94880e1c05c48a8ae8f5f4f03c573e978b185f59cdd3a76e13f51495028fd2	dd94880e1c05c48a8ae8f5f4f03c573e978b185f59cdd3a76e13f51495028fd2	none	dd94880e1c05c48a8ae8f5f4f03c573e978b185f59cdd3a76e13f51495028fd2	dd94880e1c05c48a8ae8f5f4f03c573e978b185f59cdd3a76e13f51495028fd2	none	project	round-1-bug/retention.json
round-1-bug/delivered/tests/trials.test.ts	examples/foundation/.proof/delivery-2a973c5/round-1-bug/delivered/tests/trials.test.ts	38325	38325	1ad2dcedc818fd63ef4e8cb7e5634d1ebbbb324f70e8bf437ad11cf3f01e306c	1ad2dcedc818fd63ef4e8cb7e5634d1ebbbb324f70e8bf437ad11cf3f01e306c	none	2c2f109233cae27959f757ad38f8c7d2bbba886b3c0d8f836abd700cfb9896a0	1ad2dcedc818fd63ef4e8cb7e5634d1ebbbb324f70e8bf437ad11cf3f01e306c	credential-redaction	project	round-1-bug/retention.json
round-1-bug/delivered/tests/work-items-status.test.ts	examples/foundation/.proof/delivery-2a973c5/round-1-bug/delivered/tests/work-items-status.test.ts	1729	1729	6760868821f83313d87169b54a5783c736e95ef01dd2c9ca3179ef3e0e317024	6760868821f83313d87169b54a5783c736e95ef01dd2c9ca3179ef3e0e317024	none	6760868821f83313d87169b54a5783c736e95ef01dd2c9ca3179ef3e0e317024	6760868821f83313d87169b54a5783c736e95ef01dd2c9ca3179ef3e0e317024	none	project	round-1-bug/retention.json
round-1-bug/delivered/tsconfig.json	examples/foundation/.proof/delivery-2a973c5/round-1-bug/delivered/tsconfig.json	255	255	4240a50aa7aac54aa69314488ca4ec20774566777d0ea914f03df46173f69ebd	4240a50aa7aac54aa69314488ca4ec20774566777d0ea914f03df46173f69ebd	none	4240a50aa7aac54aa69314488ca4ec20774566777d0ea914f03df46173f69ebd	4240a50aa7aac54aa69314488ca4ec20774566777d0ea914f03df46173f69ebd	none	project	round-1-bug/retention.json
round-1-bug/delivered/turbo.json	examples/foundation/.proof/delivery-2a973c5/round-1-bug/delivered/turbo.json	655	655	448cad77683c89e74ad9ed77a55cdd262ab03f86c15a668d3257cd9d354d3e03	448cad77683c89e74ad9ed77a55cdd262ab03f86c15a668d3257cd9d354d3e03	none	448cad77683c89e74ad9ed77a55cdd262ab03f86c15a668d3257cd9d354d3e03	448cad77683c89e74ad9ed77a55cdd262ab03f86c15a668d3257cd9d354d3e03	none	project	round-1-bug/retention.json
round-1-bug/retention.json	examples/foundation/.proof/delivery-2a973c5/round-1-bug/retention.json	35367	35367	0768f7bf249b3bb6baee723f4f101ed7bb0a48502eeaf2ada1317ce3505faaec	0768f7bf249b3bb6baee723f4f101ed7bb0a48502eeaf2ada1317ce3505faaec	none			none	saved-run-record	none
round-1-bug/review/events.jsonl	examples/foundation/.proof/delivery-2a973c5/round-1-bug/review/events.jsonl	478009	476662	708c4dcbaf9f06efcbd0ffc0d254ba0bfea20fcdb7a71de9f7643cdbf37dff9a	e9e3c1ddac64eb7580831ec0bf11ddb5f0d4d8e803541b346aa5dc2e8483b77d	host-user-prefix:138,macos-temporary-root:29	962a66e3b11ed1d2ebec4af9ed8e5ad47c790484543f2a5f3063268667e02147	708c4dcbaf9f06efcbd0ffc0d254ba0bfea20fcdb7a71de9f7643cdbf37dff9a	credential-redaction	CLI-review	report.json
round-1-bug/review/final.json	examples/foundation/.proof/delivery-2a973c5/round-1-bug/review/final.json	4240	4240	54bf15b7d32595c7daca0f2e8d49d0904cb811a2eb21569fbff3c1edba2dbb9d	54bf15b7d32595c7daca0f2e8d49d0904cb811a2eb21569fbff3c1edba2dbb9d	none	54bf15b7d32595c7daca0f2e8d49d0904cb811a2eb21569fbff3c1edba2dbb9d	54bf15b7d32595c7daca0f2e8d49d0904cb811a2eb21569fbff3c1edba2dbb9d	none	CLI-review	report.json
round-1-bug/review/prompt.txt	examples/foundation/.proof/delivery-2a973c5/round-1-bug/review/prompt.txt	12665	12477	be1f45ea341689e70ad016b215f21d50ce7529bdc0f0bd3cbad0d6c06f9ef3d1	c8e0fb87ce0d665c6c5968eb8fd8b788c66bb4b0b39b736fc917c22f1418db13	host-user-prefix:3,macos-temporary-root:5			none	saved-run-record	none
round-1-bug/review/schema.json	examples/foundation/.proof/delivery-2a973c5/round-1-bug/review/schema.json	2255	2255	8bd8c27669638fc084dfe40d134d5a9fd53a260ec0a67a31d1260ed528a1a250	8bd8c27669638fc084dfe40d134d5a9fd53a260ec0a67a31d1260ed528a1a250	none			none	saved-run-record	none
round-1-bug/review/stderr.log	examples/foundation/.proof/delivery-2a973c5/round-1-bug/review/stderr.log	1502	1499	e358972237431c5a106726f2640d7050271ead6f6494e6a5412208cb43183bc7	d9e1fbae6f2af780b1bcc1a50b4a4c13402175e6d05e544d9a24db101c4d02e2	host-user-prefix:3	e358972237431c5a106726f2640d7050271ead6f6494e6a5412208cb43183bc7	e358972237431c5a106726f2640d7050271ead6f6494e6a5412208cb43183bc7	none	CLI-review	report.json
round-1-bug/task.txt	examples/foundation/.proof/delivery-2a973c5/round-1-bug/task.txt	335	335	dc53fc3e9cb949e796fcccecdb6abf432be5c433200e9ac814e60640a8ed0d3e	dc53fc3e9cb949e796fcccecdb6abf432be5c433200e9ac814e60640a8ed0d3e	none			none	saved-run-record	none
round-1-bug/task/events.jsonl	examples/foundation/.proof/delivery-2a973c5/round-1-bug/task/events.jsonl	163245	162544	163a6312c20671c04ae7394642dd45ed8d9c1a4e3e8a9998d0db3d0e51742d2c	f8082231c7d5afdb4545e43aa7054df2ce72f2294e5f21a0df0f4ca5cdc6459e	macos-temporary-root:17	02406b8c089954d6672c1e0cb81b08f90e5a8f027b4e6e279bacf453dbc1a79f	163a6312c20671c04ae7394642dd45ed8d9c1a4e3e8a9998d0db3d0e51742d2c	credential-redaction	CLI-task	report.json
round-1-bug/task/final.json	examples/foundation/.proof/delivery-2a973c5/round-1-bug/task/final.json	910	910	5634f0cec91e71ae40af7052d87a28abc5dd7191e9beafdf57f6b4344a95f303	5634f0cec91e71ae40af7052d87a28abc5dd7191e9beafdf57f6b4344a95f303	none	5634f0cec91e71ae40af7052d87a28abc5dd7191e9beafdf57f6b4344a95f303	5634f0cec91e71ae40af7052d87a28abc5dd7191e9beafdf57f6b4344a95f303	none	CLI-task	report.json
round-1-bug/task/prompt.txt	examples/foundation/.proof/delivery-2a973c5/round-1-bug/task/prompt.txt	823	823	1b95f85a596613b8533d05479f531079cbdeb63fe80d73de59ab43a0fee794f5	1b95f85a596613b8533d05479f531079cbdeb63fe80d73de59ab43a0fee794f5	none			none	saved-run-record	none
round-1-bug/task/schema.json	examples/foundation/.proof/delivery-2a973c5/round-1-bug/task/schema.json	745	745	09d88e02a278f8f9f9c9e73dfadc39517f75c9a27a230302ee897a6dada2275b	09d88e02a278f8f9f9c9e73dfadc39517f75c9a27a230302ee897a6dada2275b	none			none	saved-run-record	none
round-1-bug/task/stderr.log	examples/foundation/.proof/delivery-2a973c5/round-1-bug/task/stderr.log	1048	1046	75bedc59be10a3b4fdb27a7198d4e5093285ec80adfbebf622f8799aafbc09f5	20d77b14c1d8129f1633239b5258f751db238fdb374c958871028e649d1d168a	host-user-prefix:2	75bedc59be10a3b4fdb27a7198d4e5093285ec80adfbebf622f8799aafbc09f5	75bedc59be10a3b4fdb27a7198d4e5093285ec80adfbebf622f8799aafbc09f5	none	CLI-task	report.json
round-1-creation/acceptance.json	examples/foundation/.proof/delivery-2a973c5/round-1-creation/acceptance.json	3852	3777	bbb41a7e40ff02d03f8322d7527b4538501174e554f1170dcf8430b0585f41ee	30943600158f865b0a93f89ba572d47d5631aa77c8a33d4edff0b9fc51c3b1e2	host-user-prefix:1,macos-temporary-root:2			none	saved-run-record	none
round-1-creation/acceptance/command.log	examples/foundation/.proof/delivery-2a973c5/round-1-creation/acceptance/command.log	3152	3152	20562bace54576160b242ff81c0083fc675b564a4473ff448941b95cd8e29d7b	20562bace54576160b242ff81c0083fc675b564a4473ff448941b95cd8e29d7b	none			none	saved-run-record	none
round-1-creation/acceptance/mcp-app-host.png	examples/foundation/.proof/delivery-2a973c5/round-1-creation/acceptance/mcp-app-host.png	38187	38187	612e3d9db420646fbad485a48a08931b0c576de90cb6421e09e10e9e3bfbabb3	612e3d9db420646fbad485a48a08931b0c576de90cb6421e09e10e9e3bfbabb3	none			none	saved-run-record	none
round-1-creation/acceptance/mcp-host-observations.json	examples/foundation/.proof/delivery-2a973c5/round-1-creation/acceptance/mcp-host-observations.json	1412	1412	10479a88b1a56912f70443e2a58488714dba19a7fa81feb28dbcd545151255c3	10479a88b1a56912f70443e2a58488714dba19a7fa81feb28dbcd545151255c3	none			none	saved-run-record	none
round-1-creation/acceptance/report.json	examples/foundation/.proof/delivery-2a973c5/round-1-creation/acceptance/report.json	3152	3152	20562bace54576160b242ff81c0083fc675b564a4473ff448941b95cd8e29d7b	20562bace54576160b242ff81c0083fc675b564a4473ff448941b95cd8e29d7b	none			none	saved-run-record	none
round-1-creation/acceptance/runtime.log	examples/foundation/.proof/delivery-2a973c5/round-1-creation/acceptance/runtime.log	1884	1884	fb50060a28cd79b1a04b431f7884a94a968ac3c0918a0986e7f5743831b049ed	fb50060a28cd79b1a04b431f7884a94a968ac3c0918a0986e7f5743831b049ed	none			none	saved-run-record	none
round-1-creation/acceptance/web-persisted.png	examples/foundation/.proof/delivery-2a973c5/round-1-creation/acceptance/web-persisted.png	30647	30647	af3d50d7e7743d2df65feabfdf9e91d23059d863d43a5b48396bf5aad6d2a866	af3d50d7e7743d2df65feabfdf9e91d23059d863d43a5b48396bf5aad6d2a866	none			none	saved-run-record	none
round-1-creation/change.diff	examples/foundation/.proof/delivery-2a973c5/round-1-creation/change.diff	552800	552485	1eb18e209557793777af7e54b56b351ce3f703adaa3917dfb7621cf1eed2bd06	995437cd0b4b081d909b4b6224839658e264577c8dcd91799cc1a9d29e8ee44e	macos-temporary-root:7	657a03fb243c78065969955cc8e45eb04b22b96581279c37f5fa648c93ebaf13	1eb18e209557793777af7e54b56b351ce3f703adaa3917dfb7621cf1eed2bd06	credential-redaction	Git-diff	report.json
round-1-creation/delivered-files.json	examples/foundation/.proof/delivery-2a973c5/round-1-creation/delivered-files.json	11506	11506	41b6b894dbde8b4f675b6c234750fe45685adffca0a4781d06b3eed0e4dca4ce	41b6b894dbde8b4f675b6c234750fe45685adffca0a4781d06b3eed0e4dca4ce	none			none	saved-run-record	none
round-1-creation/delivered/.astack/feature-map/work-items/README.md	examples/foundation/.proof/delivery-2a973c5/round-1-creation/delivered/.astack/feature-map/work-items/README.md	383	383	f22f22985ef1a9782e4c6a9a074bd90328e7cde7644dfa3719c926410782bed5	f22f22985ef1a9782e4c6a9a074bd90328e7cde7644dfa3719c926410782bed5	none	f22f22985ef1a9782e4c6a9a074bd90328e7cde7644dfa3719c926410782bed5	f22f22985ef1a9782e4c6a9a074bd90328e7cde7644dfa3719c926410782bed5	none	project	round-1-creation/retention.json
round-1-creation/delivered/.astack/feature-map/work-items/work-items.md	examples/foundation/.proof/delivery-2a973c5/round-1-creation/delivered/.astack/feature-map/work-items/work-items.md	1206	1206	67d6aa7c0f3843349997b2578963b437661211be34b69907978d6a2bd152aba5	67d6aa7c0f3843349997b2578963b437661211be34b69907978d6a2bd152aba5	none	67d6aa7c0f3843349997b2578963b437661211be34b69907978d6a2bd152aba5	67d6aa7c0f3843349997b2578963b437661211be34b69907978d6a2bd152aba5	none	project	round-1-creation/retention.json
round-1-creation/delivered/.astack/foundation-setup/behavior-contract.md	examples/foundation/.proof/delivery-2a973c5/round-1-creation/delivered/.astack/foundation-setup/behavior-contract.md	2686	2686	2888796834a3796307433cde11ffac27297da76dcbe9763e277aaa39c7ac8178	2888796834a3796307433cde11ffac27297da76dcbe9763e277aaa39c7ac8178	none	2888796834a3796307433cde11ffac27297da76dcbe9763e277aaa39c7ac8178	2888796834a3796307433cde11ffac27297da76dcbe9763e277aaa39c7ac8178	none	project	round-1-creation/retention.json
round-1-creation/delivered/.astack/foundation-setup/evidence/README.md	examples/foundation/.proof/delivery-2a973c5/round-1-creation/delivered/.astack/foundation-setup/evidence/README.md	7709	7709	f51fd38b1f2a7599f95f7f6fdcadc4e94d97d858836c6fdc595bea3509d37204	f51fd38b1f2a7599f95f7f6fdcadc4e94d97d858836c6fdc595bea3509d37204	none	ecfb8ec1135ea337f397ecb906fd6530174dda929094d87694446ba2cdc2ae6c	f51fd38b1f2a7599f95f7f6fdcadc4e94d97d858836c6fdc595bea3509d37204	credential-redaction	project	round-1-creation/retention.json
round-1-creation/delivered/.astack/foundation-setup/evidence/check-affected.log	examples/foundation/.proof/delivery-2a973c5/round-1-creation/delivered/.astack/foundation-setup/evidence/check-affected.log	5344	5344	ef071889bb58d4b79f12ec9269eaeef966e062e6add63efe6b5ee24ed50c84fc	ef071889bb58d4b79f12ec9269eaeef966e062e6add63efe6b5ee24ed50c84fc	none	ef789de12543a18196ed6f1fa2f18b9cd1c2fad752298ff35a0ee74bf9c51935	ef071889bb58d4b79f12ec9269eaeef966e062e6add63efe6b5ee24ed50c84fc	credential-redaction	project	round-1-creation/retention.json
round-1-creation/delivered/.astack/foundation-setup/evidence/check-ci-node24-format-failure.log	examples/foundation/.proof/delivery-2a973c5/round-1-creation/delivered/.astack/foundation-setup/evidence/check-ci-node24-format-failure.log	1019	929	76361bcebf657f2208c53d00e97c8b25470424f7c100b39884289d4577d33536	27034d60e51fd6e8c4539d7546732762fb5c7ac08fcb974f3b8cbe509fe7c281	macos-temporary-root:2	76361bcebf657f2208c53d00e97c8b25470424f7c100b39884289d4577d33536	76361bcebf657f2208c53d00e97c8b25470424f7c100b39884289d4577d33536	none	project	round-1-creation/retention.json
round-1-creation/delivered/.astack/foundation-setup/evidence/check-ci-node24.log	examples/foundation/.proof/delivery-2a973c5/round-1-creation/delivered/.astack/foundation-setup/evidence/check-ci-node24.log	8338	8293	b4f633779c760958e6b48b17195069b2076223f89553c4e54d4c501e1a78c096	ea0374a50319afc71021bff883b523c60a5d47802399c87f035ee1d5ca60ec9d	macos-temporary-root:1	3a319d2f5a64620ad4af27c34446e91e2b09802933d5de0c89acc4b3f60f0913	b4f633779c760958e6b48b17195069b2076223f89553c4e54d4c501e1a78c096	terminal-control-normalization,credential-redaction	project	round-1-creation/retention.json
round-1-creation/delivered/.astack/foundation-setup/evidence/check-ci.log	examples/foundation/.proof/delivery-2a973c5/round-1-creation/delivered/.astack/foundation-setup/evidence/check-ci.log	8530	8485	a3720be3046cfc4208bd8468c20f8b544e02f5ea27ec4bcbc4edf0acbde4cfef	2d4946aca7bb5a39be88fbd2dc20df01c3693326887697ec29ddb0278f220068	macos-temporary-root:1	1bf45ae692e21e8195c00d2103df25593b7fbe6b84d87d574c0f3219713825f6	a3720be3046cfc4208bd8468c20f8b544e02f5ea27ec4bcbc4edf0acbde4cfef	terminal-control-normalization,credential-redaction	project	round-1-creation/retention.json
round-1-creation/delivered/.astack/foundation-setup/evidence/check-quick.log	examples/foundation/.proof/delivery-2a973c5/round-1-creation/delivered/.astack/foundation-setup/evidence/check-quick.log	245	245	705f1a81ab38c8886038772624484492157bd8b42fcf90618b8657a530b8e8df	705f1a81ab38c8886038772624484492157bd8b42fcf90618b8657a530b8e8df	none	705f1a81ab38c8886038772624484492157bd8b42fcf90618b8657a530b8e8df	705f1a81ab38c8886038772624484492157bd8b42fcf90618b8657a530b8e8df	none	project	round-1-creation/retention.json
round-1-creation/delivered/.astack/foundation-setup/evidence/chromium-install.log	examples/foundation/.proof/delivery-2a973c5/round-1-creation/delivered/.astack/foundation-setup/evidence/chromium-install.log	0	0	e3b0c44298fc1c149afbf4c8996fb92427ae41e4649b934ca495991b7852b855	e3b0c44298fc1c149afbf4c8996fb92427ae41e4649b934ca495991b7852b855	none	e3b0c44298fc1c149afbf4c8996fb92427ae41e4649b934ca495991b7852b855	e3b0c44298fc1c149afbf4c8996fb92427ae41e4649b934ca495991b7852b855	none	project	round-1-creation/retention.json
round-1-creation/delivered/.astack/foundation-setup/evidence/doctor-node24.json	examples/foundation/.proof/delivery-2a973c5/round-1-creation/delivered/.astack/foundation-setup/evidence/doctor-node24.json	877	832	1ed524643e78c61707e1c9cf49cf7beb61fa7818c64e8008f969179a8fd0eba5	0d51a306633e37e2b6fd4c3ad840001baebde4ce7632e61bb4e511df1313f00a	macos-temporary-root:1	1ed524643e78c61707e1c9cf49cf7beb61fa7818c64e8008f969179a8fd0eba5	1ed524643e78c61707e1c9cf49cf7beb61fa7818c64e8008f969179a8fd0eba5	none	project	round-1-creation/retention.json
round-1-creation/delivered/.astack/foundation-setup/evidence/doctor.json	examples/foundation/.proof/delivery-2a973c5/round-1-creation/delivered/.astack/foundation-setup/evidence/doctor.json	878	833	d60cf5516c051f3a38ff0593546d3706340078d1daa7ede993a61f3aff2f37db	d268dfa41a699066dcf88c76c38e14852c584a590b058cc43adb06581c13a892	macos-temporary-root:1	d60cf5516c051f3a38ff0593546d3706340078d1daa7ede993a61f3aff2f37db	d60cf5516c051f3a38ff0593546d3706340078d1daa7ede993a61f3aff2f37db	none	project	round-1-creation/retention.json
round-1-creation/delivered/.astack/foundation-setup/evidence/enforcement-report.json	examples/foundation/.proof/delivery-2a973c5/round-1-creation/delivered/.astack/foundation-setup/evidence/enforcement-report.json	2602	2602	ff8e945a5b2d63396d0800c3e3dd5ce0e8782542854a7e0c17009cbbb51345ce	ff8e945a5b2d63396d0800c3e3dd5ce0e8782542854a7e0c17009cbbb51345ce	none	ff8e945a5b2d63396d0800c3e3dd5ce0e8782542854a7e0c17009cbbb51345ce	ff8e945a5b2d63396d0800c3e3dd5ce0e8782542854a7e0c17009cbbb51345ce	none	project	round-1-creation/retention.json
round-1-creation/delivered/.astack/foundation-setup/evidence/enforcement-report.json.raw	examples/foundation/.proof/delivery-2a973c5/round-1-creation/delivered/.astack/foundation-setup/evidence/enforcement-report.json.raw	2794	2794	8e2a5f07d9d5fc1d8e25eda754b80b729b9e61670d0f1b9abe7138d32cd2d3b7	8e2a5f07d9d5fc1d8e25eda754b80b729b9e61670d0f1b9abe7138d32cd2d3b7	none	8e2a5f07d9d5fc1d8e25eda754b80b729b9e61670d0f1b9abe7138d32cd2d3b7	8e2a5f07d9d5fc1d8e25eda754b80b729b9e61670d0f1b9abe7138d32cd2d3b7	none	project	round-1-creation/retention.json
round-1-creation/delivered/.astack/foundation-setup/evidence/enforcement.log	examples/foundation/.proof/delivery-2a973c5/round-1-creation/delivered/.astack/foundation-setup/evidence/enforcement.log	2578	2578	cad41fc248cea1ad92368ded440d0bee3061d1e6b92f707765770b4b7a2d9717	cad41fc248cea1ad92368ded440d0bee3061d1e6b92f707765770b4b7a2d9717	none	cad41fc248cea1ad92368ded440d0bee3061d1e6b92f707765770b4b7a2d9717	cad41fc248cea1ad92368ded440d0bee3061d1e6b92f707765770b4b7a2d9717	none	project	round-1-creation/retention.json
round-1-creation/delivered/.astack/foundation-setup/evidence/format-final.log	examples/foundation/.proof/delivery-2a973c5/round-1-creation/delivered/.astack/foundation-setup/evidence/format-final.log	87	87	1d66faad74f5e8709353f7288592866bd3a9095da1174a916e7aa632949971e2	1d66faad74f5e8709353f7288592866bd3a9095da1174a916e7aa632949971e2	none	1d66faad74f5e8709353f7288592866bd3a9095da1174a916e7aa632949971e2	1d66faad74f5e8709353f7288592866bd3a9095da1174a916e7aa632949971e2	none	project	round-1-creation/retention.json
round-1-creation/delivered/.astack/foundation-setup/evidence/frozen-install.log	examples/foundation/.proof/delivery-2a973c5/round-1-creation/delivered/.astack/foundation-setup/evidence/frozen-install.log	209	209	694630e9d13ab5c9b9f1587eb9706ccd966d5848e470c80b279516dfdab2905e	694630e9d13ab5c9b9f1587eb9706ccd966d5848e470c80b279516dfdab2905e	none	694630e9d13ab5c9b9f1587eb9706ccd966d5848e470c80b279516dfdab2905e	694630e9d13ab5c9b9f1587eb9706ccd966d5848e470c80b279516dfdab2905e	none	project	round-1-creation/retention.json
round-1-creation/delivered/.astack/foundation-setup/evidence/git-foundation-commit.log	examples/foundation/.proof/delivery-2a973c5/round-1-creation/delivered/.astack/foundation-setup/evidence/git-foundation-commit.log	6292	6292	3b6664357327357412d7f04678f0ea6d15fe5b49bb069923ec20c7abcb812646	3b6664357327357412d7f04678f0ea6d15fe5b49bb069923ec20c7abcb812646	none	3b6664357327357412d7f04678f0ea6d15fe5b49bb069923ec20c7abcb812646	3b6664357327357412d7f04678f0ea6d15fe5b49bb069923ec20c7abcb812646	none	project	round-1-creation/retention.json
round-1-creation/delivered/.astack/foundation-setup/evidence/provenance.json	examples/foundation/.proof/delivery-2a973c5/round-1-creation/delivered/.astack/foundation-setup/evidence/provenance.json	1576	1531	6d4e4a5f0af6cafbf73a316f9268348e3548387c80c3fa441525b9338dcb47d8	24d0d67607148fbc29cfe25813cef42d39c4f58e9e6c7928efcea2a6bce80950	macos-temporary-root:1	85c1788c936dbd6b85f885533d6b63d34e861359b73caf6918b5f30c383881a0	6d4e4a5f0af6cafbf73a316f9268348e3548387c80c3fa441525b9338dcb47d8	credential-redaction	project	round-1-creation/retention.json
round-1-creation/delivered/.astack/foundation-setup/evidence/readiness-1.log	examples/foundation/.proof/delivery-2a973c5/round-1-creation/delivered/.astack/foundation-setup/evidence/readiness-1.log	3152	3152	5c64f98c5607c433a18a5d6c4ae3d30d855836b44dc1ce6a90f06b05b8f1e115	5c64f98c5607c433a18a5d6c4ae3d30d855836b44dc1ce6a90f06b05b8f1e115	none	5c64f98c5607c433a18a5d6c4ae3d30d855836b44dc1ce6a90f06b05b8f1e115	5c64f98c5607c433a18a5d6c4ae3d30d855836b44dc1ce6a90f06b05b8f1e115	none	project	round-1-creation/retention.json
round-1-creation/delivered/.astack/foundation-setup/evidence/readiness-1/mcp-app-host.png	examples/foundation/.proof/delivery-2a973c5/round-1-creation/delivered/.astack/foundation-setup/evidence/readiness-1/mcp-app-host.png	38622	38622	8a5857e48161e44ea47f1cd2aa77c19fc6093f93e88f0a667fe30695ad91cc3c	8a5857e48161e44ea47f1cd2aa77c19fc6093f93e88f0a667fe30695ad91cc3c	none	8a5857e48161e44ea47f1cd2aa77c19fc6093f93e88f0a667fe30695ad91cc3c	8a5857e48161e44ea47f1cd2aa77c19fc6093f93e88f0a667fe30695ad91cc3c	none	project	round-1-creation/retention.json
round-1-creation/delivered/.astack/foundation-setup/evidence/readiness-1/mcp-host-observations.json	examples/foundation/.proof/delivery-2a973c5/round-1-creation/delivered/.astack/foundation-setup/evidence/readiness-1/mcp-host-observations.json	1412	1412	efe8a4235efd6228fd5e1d9b380d6c0559923cd30dda7a288eb53a54a937df4d	efe8a4235efd6228fd5e1d9b380d6c0559923cd30dda7a288eb53a54a937df4d	none	efe8a4235efd6228fd5e1d9b380d6c0559923cd30dda7a288eb53a54a937df4d	efe8a4235efd6228fd5e1d9b380d6c0559923cd30dda7a288eb53a54a937df4d	none	project	round-1-creation/retention.json
round-1-creation/delivered/.astack/foundation-setup/evidence/readiness-1/report.json	examples/foundation/.proof/delivery-2a973c5/round-1-creation/delivered/.astack/foundation-setup/evidence/readiness-1/report.json	3152	3152	5c64f98c5607c433a18a5d6c4ae3d30d855836b44dc1ce6a90f06b05b8f1e115	5c64f98c5607c433a18a5d6c4ae3d30d855836b44dc1ce6a90f06b05b8f1e115	none	5c64f98c5607c433a18a5d6c4ae3d30d855836b44dc1ce6a90f06b05b8f1e115	5c64f98c5607c433a18a5d6c4ae3d30d855836b44dc1ce6a90f06b05b8f1e115	none	project	round-1-creation/retention.json
round-1-creation/delivered/.astack/foundation-setup/evidence/readiness-1/runtime.log	examples/foundation/.proof/delivery-2a973c5/round-1-creation/delivered/.astack/foundation-setup/evidence/readiness-1/runtime.log	1883	1883	12f469aa9b777ddddcfd27afd256eb19338205bd78b455188e9f3cf64b9b7172	12f469aa9b777ddddcfd27afd256eb19338205bd78b455188e9f3cf64b9b7172	none	12f469aa9b777ddddcfd27afd256eb19338205bd78b455188e9f3cf64b9b7172	12f469aa9b777ddddcfd27afd256eb19338205bd78b455188e9f3cf64b9b7172	none	project	round-1-creation/retention.json
round-1-creation/delivered/.astack/foundation-setup/evidence/readiness-1/web-persisted.png	examples/foundation/.proof/delivery-2a973c5/round-1-creation/delivered/.astack/foundation-setup/evidence/readiness-1/web-persisted.png	30847	30847	f5befe0ce79231a5a122c32c9f0572be33fd9a4ad3d81510bb7378ed5bed0512	f5befe0ce79231a5a122c32c9f0572be33fd9a4ad3d81510bb7378ed5bed0512	none	f5befe0ce79231a5a122c32c9f0572be33fd9a4ad3d81510bb7378ed5bed0512	f5befe0ce79231a5a122c32c9f0572be33fd9a4ad3d81510bb7378ed5bed0512	none	project	round-1-creation/retention.json
round-1-creation/delivered/.astack/foundation-setup/evidence/readiness-2.log	examples/foundation/.proof/delivery-2a973c5/round-1-creation/delivered/.astack/foundation-setup/evidence/readiness-2.log	3238	3238	9b5d12d365dd46998c324192f16dcd88b3e5fbf7c93fba74099d0b339d75a2d7	9b5d12d365dd46998c324192f16dcd88b3e5fbf7c93fba74099d0b339d75a2d7	none	9b5d12d365dd46998c324192f16dcd88b3e5fbf7c93fba74099d0b339d75a2d7	9b5d12d365dd46998c324192f16dcd88b3e5fbf7c93fba74099d0b339d75a2d7	none	project	round-1-creation/retention.json
round-1-creation/delivered/.astack/foundation-setup/evidence/readiness-2/mcp-app-host.png	examples/foundation/.proof/delivery-2a973c5/round-1-creation/delivered/.astack/foundation-setup/evidence/readiness-2/mcp-app-host.png	38788	38788	a70dbb88fda3998be2fa6975241af54bb5d3595c365b3e9b105f924741311a8d	a70dbb88fda3998be2fa6975241af54bb5d3595c365b3e9b105f924741311a8d	none	a70dbb88fda3998be2fa6975241af54bb5d3595c365b3e9b105f924741311a8d	a70dbb88fda3998be2fa6975241af54bb5d3595c365b3e9b105f924741311a8d	none	project	round-1-creation/retention.json
round-1-creation/delivered/.astack/foundation-setup/evidence/readiness-2/mcp-host-observations.json	examples/foundation/.proof/delivery-2a973c5/round-1-creation/delivered/.astack/foundation-setup/evidence/readiness-2/mcp-host-observations.json	1412	1412	74be5369c4d9dc5a7d36b818b7d4b23f538a60f89decf3fb08aaeb07ebcddd86	74be5369c4d9dc5a7d36b818b7d4b23f538a60f89decf3fb08aaeb07ebcddd86	none	74be5369c4d9dc5a7d36b818b7d4b23f538a60f89decf3fb08aaeb07ebcddd86	74be5369c4d9dc5a7d36b818b7d4b23f538a60f89decf3fb08aaeb07ebcddd86	none	project	round-1-creation/retention.json
round-1-creation/delivered/.astack/foundation-setup/evidence/readiness-2/report.json	examples/foundation/.proof/delivery-2a973c5/round-1-creation/delivered/.astack/foundation-setup/evidence/readiness-2/report.json	3152	3152	e49e7713f2f0382d6760529332c95f0e394a454bfd9f9da3e8139046b4fbef48	e49e7713f2f0382d6760529332c95f0e394a454bfd9f9da3e8139046b4fbef48	none	e49e7713f2f0382d6760529332c95f0e394a454bfd9f9da3e8139046b4fbef48	e49e7713f2f0382d6760529332c95f0e394a454bfd9f9da3e8139046b4fbef48	none	project	round-1-creation/retention.json
round-1-creation/delivered/.astack/foundation-setup/evidence/readiness-2/runtime.log	examples/foundation/.proof/delivery-2a973c5/round-1-creation/delivered/.astack/foundation-setup/evidence/readiness-2/runtime.log	1882	1882	73c7bd57f3781d008b90bf055babfa386e3e49caab889a11845f6d6fc7bd48c0	73c7bd57f3781d008b90bf055babfa386e3e49caab889a11845f6d6fc7bd48c0	none	73c7bd57f3781d008b90bf055babfa386e3e49caab889a11845f6d6fc7bd48c0	73c7bd57f3781d008b90bf055babfa386e3e49caab889a11845f6d6fc7bd48c0	none	project	round-1-creation/retention.json
round-1-creation/delivered/.astack/foundation-setup/evidence/readiness-2/web-persisted.png	examples/foundation/.proof/delivery-2a973c5/round-1-creation/delivered/.astack/foundation-setup/evidence/readiness-2/web-persisted.png	30796	30796	d6007bcee6904a72205c1389e79dd2aa884dfeba2ee7eb5f6e2e3623b5937708	d6007bcee6904a72205c1389e79dd2aa884dfeba2ee7eb5f6e2e3623b5937708	none	d6007bcee6904a72205c1389e79dd2aa884dfeba2ee7eb5f6e2e3623b5937708	d6007bcee6904a72205c1389e79dd2aa884dfeba2ee7eb5f6e2e3623b5937708	none	project	round-1-creation/retention.json
round-1-creation/delivered/.astack/foundation-setup/evidence/retention.json	examples/foundation/.proof/delivery-2a973c5/round-1-creation/delivered/.astack/foundation-setup/evidence/retention.json	8376	8376	486c0d782ed289154605a06851cc7725d8a2d364494559e924d5d6441d4bb8c4	486c0d782ed289154605a06851cc7725d8a2d364494559e924d5d6441d4bb8c4	none	68ac9cb44fa5ddac8c31165effb46bc3d28376811c13b79286895f73d5c50d2f	486c0d782ed289154605a06851cc7725d8a2d364494559e924d5d6441d4bb8c4	credential-redaction	project	round-1-creation/retention.json
round-1-creation/delivered/.astack/project.md	examples/foundation/.proof/delivery-2a973c5/round-1-creation/delivered/.astack/project.md	4663	4663	afea45890e486dced402e9e7dbb19831c26c88d377cd7a828b0d4cbc0188636f	afea45890e486dced402e9e7dbb19831c26c88d377cd7a828b0d4cbc0188636f	none	afea45890e486dced402e9e7dbb19831c26c88d377cd7a828b0d4cbc0188636f	afea45890e486dced402e9e7dbb19831c26c88d377cd7a828b0d4cbc0188636f	none	project	round-1-creation/retention.json
round-1-creation/delivered/.astack/scaffold.json	examples/foundation/.proof/delivery-2a973c5/round-1-creation/delivered/.astack/scaffold.json	274	274	fd925cb43ab0d699fcda4ef3b851a15983ac6c09501e24f059ee21736b907d52	fd925cb43ab0d699fcda4ef3b851a15983ac6c09501e24f059ee21736b907d52	none	fd925cb43ab0d699fcda4ef3b851a15983ac6c09501e24f059ee21736b907d52	fd925cb43ab0d699fcda4ef3b851a15983ac6c09501e24f059ee21736b907d52	none	project	round-1-creation/retention.json
round-1-creation/delivered/.codex/skills/astack-work-items/SKILL.md	examples/foundation/.proof/delivery-2a973c5/round-1-creation/delivered/.codex/skills/astack-work-items/SKILL.md	1242	1242	d6d82b88246cd96512e1a0c5a022c2f3a7d80a1eb164e905dc0d4232d6133fb2	d6d82b88246cd96512e1a0c5a022c2f3a7d80a1eb164e905dc0d4232d6133fb2	none	d6d82b88246cd96512e1a0c5a022c2f3a7d80a1eb164e905dc0d4232d6133fb2	d6d82b88246cd96512e1a0c5a022c2f3a7d80a1eb164e905dc0d4232d6133fb2	none	project	round-1-creation/retention.json
round-1-creation/delivered/.codex/skills/astack-work-items/control.ts	examples/foundation/.proof/delivery-2a973c5/round-1-creation/delivered/.codex/skills/astack-work-items/control.ts	1271	1271	78daca53062dfb26bc78cfaf8bb8d70b2b2af2fa266484cc3c4e190591f0fcce	78daca53062dfb26bc78cfaf8bb8d70b2b2af2fa266484cc3c4e190591f0fcce	none	78daca53062dfb26bc78cfaf8bb8d70b2b2af2fa266484cc3c4e190591f0fcce	78daca53062dfb26bc78cfaf8bb8d70b2b2af2fa266484cc3c4e190591f0fcce	none	project	round-1-creation/retention.json
round-1-creation/delivered/.gitignore	examples/foundation/.proof/delivery-2a973c5/round-1-creation/delivered/.gitignore	133	133	d7cfccfef537709ee2dd5dc14c0406dc2bd50fee52c785f481010b2689a9db7b	d7cfccfef537709ee2dd5dc14c0406dc2bd50fee52c785f481010b2689a9db7b	none	d7cfccfef537709ee2dd5dc14c0406dc2bd50fee52c785f481010b2689a9db7b	d7cfccfef537709ee2dd5dc14c0406dc2bd50fee52c785f481010b2689a9db7b	none	project	round-1-creation/retention.json
round-1-creation/delivered/.husky/pre-commit	examples/foundation/.proof/delivery-2a973c5/round-1-creation/delivered/.husky/pre-commit	194	194	49db70e604bf06f5bda03778a71d8bb249cd4af481ca976e5b35cb754532b042	49db70e604bf06f5bda03778a71d8bb249cd4af481ca976e5b35cb754532b042	none	49db70e604bf06f5bda03778a71d8bb249cd4af481ca976e5b35cb754532b042	49db70e604bf06f5bda03778a71d8bb249cd4af481ca976e5b35cb754532b042	none	project	round-1-creation/retention.json
round-1-creation/delivered/.nvmrc	examples/foundation/.proof/delivery-2a973c5/round-1-creation/delivered/.nvmrc	8	8	73fb1b615e2043a933be1c0895cde4358036acc28d785692509b822aa53c761f	73fb1b615e2043a933be1c0895cde4358036acc28d785692509b822aa53c761f	none	73fb1b615e2043a933be1c0895cde4358036acc28d785692509b822aa53c761f	73fb1b615e2043a933be1c0895cde4358036acc28d785692509b822aa53c761f	none	project	round-1-creation/retention.json
round-1-creation/delivered/.prettierignore	examples/foundation/.proof/delivery-2a973c5/round-1-creation/delivered/.prettierignore	101	101	077f2966b94e14c1bf40a136c4a9fecfb41e793e32d18d07413873994263d7ad	077f2966b94e14c1bf40a136c4a9fecfb41e793e32d18d07413873994263d7ad	none	077f2966b94e14c1bf40a136c4a9fecfb41e793e32d18d07413873994263d7ad	077f2966b94e14c1bf40a136c4a9fecfb41e793e32d18d07413873994263d7ad	none	project	round-1-creation/retention.json
round-1-creation/delivered/.prettierrc.json	examples/foundation/.proof/delivery-2a973c5/round-1-creation/delivered/.prettierrc.json	48	48	32dcd743a0ffca59a737c87abcfcc3f57a0cede5cedb6a8b1b68d32a3b6d4506	32dcd743a0ffca59a737c87abcfcc3f57a0cede5cedb6a8b1b68d32a3b6d4506	none	32dcd743a0ffca59a737c87abcfcc3f57a0cede5cedb6a8b1b68d32a3b6d4506	32dcd743a0ffca59a737c87abcfcc3f57a0cede5cedb6a8b1b68d32a3b6d4506	none	project	round-1-creation/retention.json
round-1-creation/delivered/.proof/enforcement/report.json	examples/foundation/.proof/delivery-2a973c5/round-1-creation/delivered/.proof/enforcement/report.json	2794	2794	8e2a5f07d9d5fc1d8e25eda754b80b729b9e61670d0f1b9abe7138d32cd2d3b7	8e2a5f07d9d5fc1d8e25eda754b80b729b9e61670d0f1b9abe7138d32cd2d3b7	none	8e2a5f07d9d5fc1d8e25eda754b80b729b9e61670d0f1b9abe7138d32cd2d3b7	8e2a5f07d9d5fc1d8e25eda754b80b729b9e61670d0f1b9abe7138d32cd2d3b7	none	project	round-1-creation/retention.json
round-1-creation/delivered/AGENTS.md	examples/foundation/.proof/delivery-2a973c5/round-1-creation/delivered/AGENTS.md	1282	1282	5e35b09bb61705abf341dcc7a301bc8632cfe2d2b4f21c98d3d082e1b5467478	5e35b09bb61705abf341dcc7a301bc8632cfe2d2b4f21c98d3d082e1b5467478	none	5e35b09bb61705abf341dcc7a301bc8632cfe2d2b4f21c98d3d082e1b5467478	5e35b09bb61705abf341dcc7a301bc8632cfe2d2b4f21c98d3d082e1b5467478	none	project	round-1-creation/retention.json
round-1-creation/delivered/README.md	examples/foundation/.proof/delivery-2a973c5/round-1-creation/delivered/README.md	9653	9653	0773d22018948946391712250b072bac2afb730a5c91e4a1c570edfa7f835f18	0773d22018948946391712250b072bac2afb730a5c91e4a1c570edfa7f835f18	none	0773d22018948946391712250b072bac2afb730a5c91e4a1c570edfa7f835f18	0773d22018948946391712250b072bac2afb730a5c91e4a1c570edfa7f835f18	none	project	round-1-creation/retention.json
round-1-creation/delivered/apps/mcp-ui/index.html	examples/foundation/.proof/delivery-2a973c5/round-1-creation/delivered/apps/mcp-ui/index.html	295	295	94fe15c034fde9461e7c54c4bbb6e13eceb9bc5ba6305cafa4a7ef146aa4a82e	94fe15c034fde9461e7c54c4bbb6e13eceb9bc5ba6305cafa4a7ef146aa4a82e	none	94fe15c034fde9461e7c54c4bbb6e13eceb9bc5ba6305cafa4a7ef146aa4a82e	94fe15c034fde9461e7c54c4bbb6e13eceb9bc5ba6305cafa4a7ef146aa4a82e	none	project	round-1-creation/retention.json
round-1-creation/delivered/apps/mcp-ui/package.json	examples/foundation/.proof/delivery-2a973c5/round-1-creation/delivered/apps/mcp-ui/package.json	446	446	ad665bb56b8ee65c856b1bdcd6c88c8f33cd36f2df2c40e7e12872a9592f5f06	ad665bb56b8ee65c856b1bdcd6c88c8f33cd36f2df2c40e7e12872a9592f5f06	none	ad665bb56b8ee65c856b1bdcd6c88c8f33cd36f2df2c40e7e12872a9592f5f06	ad665bb56b8ee65c856b1bdcd6c88c8f33cd36f2df2c40e7e12872a9592f5f06	none	project	round-1-creation/retention.json
round-1-creation/delivered/apps/mcp-ui/src/main.tsx	examples/foundation/.proof/delivery-2a973c5/round-1-creation/delivered/apps/mcp-ui/src/main.tsx	5593	5593	97dd3c35aa605b8983daf0acf06ebe30dcd6aa05a5eabc1e04688b37cc64c37d	97dd3c35aa605b8983daf0acf06ebe30dcd6aa05a5eabc1e04688b37cc64c37d	none	97dd3c35aa605b8983daf0acf06ebe30dcd6aa05a5eabc1e04688b37cc64c37d	97dd3c35aa605b8983daf0acf06ebe30dcd6aa05a5eabc1e04688b37cc64c37d	none	project	round-1-creation/retention.json
round-1-creation/delivered/apps/mcp-ui/tsconfig.json	examples/foundation/.proof/delivery-2a973c5/round-1-creation/delivered/apps/mcp-ui/tsconfig.json	167	167	5e0bda48b8b922b60fd2156cd7b2ae77be6501767a0addb9daf2d2b7d6354e25	5e0bda48b8b922b60fd2156cd7b2ae77be6501767a0addb9daf2d2b7d6354e25	none	5e0bda48b8b922b60fd2156cd7b2ae77be6501767a0addb9daf2d2b7d6354e25	5e0bda48b8b922b60fd2156cd7b2ae77be6501767a0addb9daf2d2b7d6354e25	none	project	round-1-creation/retention.json
round-1-creation/delivered/apps/mcp-ui/vite.config.ts	examples/foundation/.proof/delivery-2a973c5/round-1-creation/delivered/apps/mcp-ui/vite.config.ts	264	264	2a55d4c288492c76c16e4093db62b199cd65e5849db0ba2d465127b0d9c694e1	2a55d4c288492c76c16e4093db62b199cd65e5849db0ba2d465127b0d9c694e1	none	2a55d4c288492c76c16e4093db62b199cd65e5849db0ba2d465127b0d9c694e1	2a55d4c288492c76c16e4093db62b199cd65e5849db0ba2d465127b0d9c694e1	none	project	round-1-creation/retention.json
round-1-creation/delivered/apps/web/.env.example	examples/foundation/.proof/delivery-2a973c5/round-1-creation/delivered/apps/web/.env.example	275	275	b0a0ce4f487271efc054bfed28174b7ca284096bb0b551aacc84d2b128720096	b0a0ce4f487271efc054bfed28174b7ca284096bb0b551aacc84d2b128720096	none	b0a0ce4f487271efc054bfed28174b7ca284096bb0b551aacc84d2b128720096	b0a0ce4f487271efc054bfed28174b7ca284096bb0b551aacc84d2b128720096	none	project	round-1-creation/retention.json
round-1-creation/delivered/apps/web/index.html	examples/foundation/.proof/delivery-2a973c5/round-1-creation/delivered/apps/web/index.html	295	295	94fe15c034fde9461e7c54c4bbb6e13eceb9bc5ba6305cafa4a7ef146aa4a82e	94fe15c034fde9461e7c54c4bbb6e13eceb9bc5ba6305cafa4a7ef146aa4a82e	none	94fe15c034fde9461e7c54c4bbb6e13eceb9bc5ba6305cafa4a7ef146aa4a82e	94fe15c034fde9461e7c54c4bbb6e13eceb9bc5ba6305cafa4a7ef146aa4a82e	none	project	round-1-creation/retention.json
round-1-creation/delivered/apps/web/package.json	examples/foundation/.proof/delivery-2a973c5/round-1-creation/delivered/apps/web/package.json	620	620	3ffd23e1a624defe1b6b33f3c2516038e74a623341d3fe74fa68ed540412ae11	3ffd23e1a624defe1b6b33f3c2516038e74a623341d3fe74fa68ed540412ae11	none	3ffd23e1a624defe1b6b33f3c2516038e74a623341d3fe74fa68ed540412ae11	3ffd23e1a624defe1b6b33f3c2516038e74a623341d3fe74fa68ed540412ae11	none	project	round-1-creation/retention.json
round-1-creation/delivered/apps/web/src/main.tsx	examples/foundation/.proof/delivery-2a973c5/round-1-creation/delivered/apps/web/src/main.tsx	2812	2812	d35db9680fea6c3ce2082d6d9e391b1c3dfe22db5968b28ba2da8da0d76cf9be	d35db9680fea6c3ce2082d6d9e391b1c3dfe22db5968b28ba2da8da0d76cf9be	none	d35db9680fea6c3ce2082d6d9e391b1c3dfe22db5968b28ba2da8da0d76cf9be	d35db9680fea6c3ce2082d6d9e391b1c3dfe22db5968b28ba2da8da0d76cf9be	none	project	round-1-creation/retention.json
round-1-creation/delivered/apps/web/src/router.tsx	examples/foundation/.proof/delivery-2a973c5/round-1-creation/delivered/apps/web/src/router.tsx	720	720	d53d6c942972eff2e39f9e9bddaecd54e8210dccf36c86ffd4d2ae239f363798	d53d6c942972eff2e39f9e9bddaecd54e8210dccf36c86ffd4d2ae239f363798	none	d53d6c942972eff2e39f9e9bddaecd54e8210dccf36c86ffd4d2ae239f363798	d53d6c942972eff2e39f9e9bddaecd54e8210dccf36c86ffd4d2ae239f363798	none	project	round-1-creation/retention.json
round-1-creation/delivered/apps/web/src/work-items.tsx	examples/foundation/.proof/delivery-2a973c5/round-1-creation/delivered/apps/web/src/work-items.tsx	6033	6033	7ec61a361e5cc4a9c001eed4a7f3530215829d6f1e6c446110167c64b41c33a8	7ec61a361e5cc4a9c001eed4a7f3530215829d6f1e6c446110167c64b41c33a8	none	7ec61a361e5cc4a9c001eed4a7f3530215829d6f1e6c446110167c64b41c33a8	7ec61a361e5cc4a9c001eed4a7f3530215829d6f1e6c446110167c64b41c33a8	none	project	round-1-creation/retention.json
round-1-creation/delivered/apps/web/tsconfig.json	examples/foundation/.proof/delivery-2a973c5/round-1-creation/delivered/apps/web/tsconfig.json	167	167	5e0bda48b8b922b60fd2156cd7b2ae77be6501767a0addb9daf2d2b7d6354e25	5e0bda48b8b922b60fd2156cd7b2ae77be6501767a0addb9daf2d2b7d6354e25	none	5e0bda48b8b922b60fd2156cd7b2ae77be6501767a0addb9daf2d2b7d6354e25	5e0bda48b8b922b60fd2156cd7b2ae77be6501767a0addb9daf2d2b7d6354e25	none	project	round-1-creation/retention.json
round-1-creation/delivered/apps/web/vite.config.ts	examples/foundation/.proof/delivery-2a973c5/round-1-creation/delivered/apps/web/vite.config.ts	186	186	c536b6cd2d08f8c39877d1fffeba7feed91a23f288582a98547f294ab4c609d1	c536b6cd2d08f8c39877d1fffeba7feed91a23f288582a98547f294ab4c609d1	none	c536b6cd2d08f8c39877d1fffeba7feed91a23f288582a98547f294ab4c609d1	c536b6cd2d08f8c39877d1fffeba7feed91a23f288582a98547f294ab4c609d1	none	project	round-1-creation/retention.json
round-1-creation/delivered/bun.lock	examples/foundation/.proof/delivery-2a973c5/round-1-creation/delivered/bun.lock	171715	171715	1ed2f09c0b4b4dbd5864f39dbde996958ea6cf2f17bfb33cef64586236d78034	1ed2f09c0b4b4dbd5864f39dbde996958ea6cf2f17bfb33cef64586236d78034	none	1ed2f09c0b4b4dbd5864f39dbde996958ea6cf2f17bfb33cef64586236d78034	1ed2f09c0b4b4dbd5864f39dbde996958ea6cf2f17bfb33cef64586236d78034	none	project	round-1-creation/retention.json
round-1-creation/delivered/eslint.config.mjs	examples/foundation/.proof/delivery-2a973c5/round-1-creation/delivered/eslint.config.mjs	56	56	ffe4ebb5a5c522749f8242d2e16ad3bb46a241e862684891301e831f912cba08	ffe4ebb5a5c522749f8242d2e16ad3bb46a241e862684891301e831f912cba08	none	ffe4ebb5a5c522749f8242d2e16ad3bb46a241e862684891301e831f912cba08	ffe4ebb5a5c522749f8242d2e16ad3bb46a241e862684891301e831f912cba08	none	project	round-1-creation/retention.json
round-1-creation/delivered/lint-staged.config.mjs	examples/foundation/.proof/delivery-2a973c5/round-1-creation/delivered/lint-staged.config.mjs	209	209	81c09831a1333b8058aa111e906125e42bb9e5759f17c62318c21d62225bce00	81c09831a1333b8058aa111e906125e42bb9e5759f17c62318c21d62225bce00	none	81c09831a1333b8058aa111e906125e42bb9e5759f17c62318c21d62225bce00	81c09831a1333b8058aa111e906125e42bb9e5759f17c62318c21d62225bce00	none	project	round-1-creation/retention.json
round-1-creation/delivered/package.json	examples/foundation/.proof/delivery-2a973c5/round-1-creation/delivered/package.json	2189	2189	7c7db212cb2107c0c0e6ee3bc81cc0d8cc894aa25afd35b6df5e21046de9ddcf	7c7db212cb2107c0c0e6ee3bc81cc0d8cc894aa25afd35b6df5e21046de9ddcf	none	7c7db212cb2107c0c0e6ee3bc81cc0d8cc894aa25afd35b6df5e21046de9ddcf	7c7db212cb2107c0c0e6ee3bc81cc0d8cc894aa25afd35b6df5e21046de9ddcf	none	project	round-1-creation/retention.json
round-1-creation/delivered/packages/backend/.env.example	examples/foundation/.proof/delivery-2a973c5/round-1-creation/delivered/packages/backend/.env.example	200	200	b8ae67eee31602ab2897a2ff95082c6bd88181efc7a4fb3bbdd4e90fb6f708f8	b8ae67eee31602ab2897a2ff95082c6bd88181efc7a4fb3bbdd4e90fb6f708f8	none	b8ae67eee31602ab2897a2ff95082c6bd88181efc7a4fb3bbdd4e90fb6f708f8	b8ae67eee31602ab2897a2ff95082c6bd88181efc7a4fb3bbdd4e90fb6f708f8	none	project	round-1-creation/retention.json
round-1-creation/delivered/packages/backend/.gitignore	examples/foundation/.proof/delivery-2a973c5/round-1-creation/delivered/packages/backend/.gitignore	12	12	c1be9a7b83075864153509fa626722510fd2507fe18e4548a4a89e11023048ea	c1be9a7b83075864153509fa626722510fd2507fe18e4548a4a89e11023048ea	none	c1be9a7b83075864153509fa626722510fd2507fe18e4548a4a89e11023048ea	c1be9a7b83075864153509fa626722510fd2507fe18e4548a4a89e11023048ea	none	project	round-1-creation/retention.json
round-1-creation/delivered/packages/backend/convex.json	examples/foundation/.proof/delivery-2a973c5/round-1-creation/delivered/packages/backend/convex.json	135	135	fa3e766ef4d424da2f57361dca5369f073981fac42dd0a4e4641d8867faf51f3	fa3e766ef4d424da2f57361dca5369f073981fac42dd0a4e4641d8867faf51f3	none	fa3e766ef4d424da2f57361dca5369f073981fac42dd0a4e4641d8867faf51f3	fa3e766ef4d424da2f57361dca5369f073981fac42dd0a4e4641d8867faf51f3	none	project	round-1-creation/retention.json
round-1-creation/delivered/packages/backend/convex/_generated/api.ts	examples/foundation/.proof/delivery-2a973c5/round-1-creation/delivered/packages/backend/convex/_generated/api.ts	1400	1400	b51f59d5f03959d7978ef51ce4bb1918d5e966fcfd6c3510fe5847b65c11fbd2	b51f59d5f03959d7978ef51ce4bb1918d5e966fcfd6c3510fe5847b65c11fbd2	none	b51f59d5f03959d7978ef51ce4bb1918d5e966fcfd6c3510fe5847b65c11fbd2	b51f59d5f03959d7978ef51ce4bb1918d5e966fcfd6c3510fe5847b65c11fbd2	none	project	round-1-creation/retention.json
round-1-creation/delivered/packages/backend/convex/_generated/dataModel.ts	examples/foundation/.proof/delivery-2a973c5/round-1-creation/delivered/packages/backend/convex/_generated/dataModel.ts	1736	1736	db177073d16a4393c7a96bcdc3a2a904e88c2432d54d138ca7715cc431982c17	db177073d16a4393c7a96bcdc3a2a904e88c2432d54d138ca7715cc431982c17	none	db177073d16a4393c7a96bcdc3a2a904e88c2432d54d138ca7715cc431982c17	db177073d16a4393c7a96bcdc3a2a904e88c2432d54d138ca7715cc431982c17	none	project	round-1-creation/retention.json
round-1-creation/delivered/packages/backend/convex/_generated/server.ts	examples/foundation/.proof/delivery-2a973c5/round-1-creation/delivered/packages/backend/convex/_generated/server.ts	6349	6349	4ef510cd49241e28128a9a462daadaa9743c628f3df5c2a3fa4ad3c9af6b9cc4	4ef510cd49241e28128a9a462daadaa9743c628f3df5c2a3fa4ad3c9af6b9cc4	none	4ef510cd49241e28128a9a462daadaa9743c628f3df5c2a3fa4ad3c9af6b9cc4	4ef510cd49241e28128a9a462daadaa9743c628f3df5c2a3fa4ad3c9af6b9cc4	none	project	round-1-creation/retention.json
round-1-creation/delivered/packages/backend/convex/auth.config.ts	examples/foundation/.proof/delivery-2a973c5/round-1-creation/delivered/packages/backend/convex/auth.config.ts	2331	2331	d6881c29a3b941cf0d2ad3e59d4eb26d4804c5731d5b09d4ff4035aa37edd123	d6881c29a3b941cf0d2ad3e59d4eb26d4804c5731d5b09d4ff4035aa37edd123	none	d6881c29a3b941cf0d2ad3e59d4eb26d4804c5731d5b09d4ff4035aa37edd123	d6881c29a3b941cf0d2ad3e59d4eb26d4804c5731d5b09d4ff4035aa37edd123	none	project	round-1-creation/retention.json
round-1-creation/delivered/packages/backend/convex/http.ts	examples/foundation/.proof/delivery-2a973c5/round-1-creation/delivered/packages/backend/convex/http.ts	5047	5047	29d52f06c182108924650627a0c07532b58deac43092827fd2a6e77663e3a434	29d52f06c182108924650627a0c07532b58deac43092827fd2a6e77663e3a434	none	f7a33e2c070ec9cd4431835917a6fd672fd5b5390f636b06c41d3a6beb1315df	29d52f06c182108924650627a0c07532b58deac43092827fd2a6e77663e3a434	credential-redaction	project	round-1-creation/retention.json
round-1-creation/delivered/packages/backend/convex/lib/identity.ts	examples/foundation/.proof/delivery-2a973c5/round-1-creation/delivered/packages/backend/convex/lib/identity.ts	1287	1287	c07154240f019b4a4dafb1514ed4194c6e8479b9f69251c4d4d3c27252fe53da	c07154240f019b4a4dafb1514ed4194c6e8479b9f69251c4d4d3c27252fe53da	none	c07154240f019b4a4dafb1514ed4194c6e8479b9f69251c4d4d3c27252fe53da	c07154240f019b4a4dafb1514ed4194c6e8479b9f69251c4d4d3c27252fe53da	none	project	round-1-creation/retention.json
round-1-creation/delivered/packages/backend/convex/lib/mcp.ts	examples/foundation/.proof/delivery-2a973c5/round-1-creation/delivered/packages/backend/convex/lib/mcp.ts	4599	4599	c5d6396b01551d057fa2cb63b175e6b5bb9c20cddcd06367a44cc1c301b11aae	c5d6396b01551d057fa2cb63b175e6b5bb9c20cddcd06367a44cc1c301b11aae	none	c5d6396b01551d057fa2cb63b175e6b5bb9c20cddcd06367a44cc1c301b11aae	c5d6396b01551d057fa2cb63b175e6b5bb9c20cddcd06367a44cc1c301b11aae	none	project	round-1-creation/retention.json
round-1-creation/delivered/packages/backend/convex/schema.ts	examples/foundation/.proof/delivery-2a973c5/round-1-creation/delivered/packages/backend/convex/schema.ts	296	296	dbb8465c66ac2b6b16cd4029797c4a9d2d618c6ebefbfb61820d24e780ea3298	dbb8465c66ac2b6b16cd4029797c4a9d2d618c6ebefbfb61820d24e780ea3298	none	dbb8465c66ac2b6b16cd4029797c4a9d2d618c6ebefbfb61820d24e780ea3298	dbb8465c66ac2b6b16cd4029797c4a9d2d618c6ebefbfb61820d24e780ea3298	none	project	round-1-creation/retention.json
round-1-creation/delivered/packages/backend/convex/tsconfig.json	examples/foundation/.proof/delivery-2a973c5/round-1-creation/delivered/packages/backend/convex/tsconfig.json	223	223	94563947ccb3f355ca83a8bb6b85632d6d77a5de9864c973eabeb3dc6a3b68a0	94563947ccb3f355ca83a8bb6b85632d6d77a5de9864c973eabeb3dc6a3b68a0	none	94563947ccb3f355ca83a8bb6b85632d6d77a5de9864c973eabeb3dc6a3b68a0	94563947ccb3f355ca83a8bb6b85632d6d77a5de9864c973eabeb3dc6a3b68a0	none	project	round-1-creation/retention.json
round-1-creation/delivered/packages/backend/convex/workItems.ts	examples/foundation/.proof/delivery-2a973c5/round-1-creation/delivered/packages/backend/convex/workItems.ts	2394	2394	091b683e3f92d4412cd04b8ea2dc2b86729eeb8e21cf32a903f76393087a0963	091b683e3f92d4412cd04b8ea2dc2b86729eeb8e21cf32a903f76393087a0963	none	091b683e3f92d4412cd04b8ea2dc2b86729eeb8e21cf32a903f76393087a0963	091b683e3f92d4412cd04b8ea2dc2b86729eeb8e21cf32a903f76393087a0963	none	project	round-1-creation/retention.json
round-1-creation/delivered/packages/backend/package.json	examples/foundation/.proof/delivery-2a973c5/round-1-creation/delivered/packages/backend/package.json	580	580	31b5657d4efecc5dfa7ba55e3d1b88a366950649e1b40e407808888a7c40b655	31b5657d4efecc5dfa7ba55e3d1b88a366950649e1b40e407808888a7c40b655	none	31b5657d4efecc5dfa7ba55e3d1b88a366950649e1b40e407808888a7c40b655	31b5657d4efecc5dfa7ba55e3d1b88a366950649e1b40e407808888a7c40b655	none	project	round-1-creation/retention.json
round-1-creation/delivered/packages/backend/tsconfig.json	examples/foundation/.proof/delivery-2a973c5/round-1-creation/delivered/packages/backend/tsconfig.json	128	128	4fd3e7337d33f357829d7bb17c24e8c46c5bed068caac3035f7703320a8a5f27	4fd3e7337d33f357829d7bb17c24e8c46c5bed068caac3035f7703320a8a5f27	none	4fd3e7337d33f357829d7bb17c24e8c46c5bed068caac3035f7703320a8a5f27	4fd3e7337d33f357829d7bb17c24e8c46c5bed068caac3035f7703320a8a5f27	none	project	round-1-creation/retention.json
round-1-creation/delivered/packages/config/eslint.mjs	examples/foundation/.proof/delivery-2a973c5/round-1-creation/delivered/packages/config/eslint.mjs	6543	6543	37ab4a3ca105bb08cea6e4c78c94c5994114a1212b73a322975fea90df0a7bbf	37ab4a3ca105bb08cea6e4c78c94c5994114a1212b73a322975fea90df0a7bbf	none	37ab4a3ca105bb08cea6e4c78c94c5994114a1212b73a322975fea90df0a7bbf	37ab4a3ca105bb08cea6e4c78c94c5994114a1212b73a322975fea90df0a7bbf	none	project	round-1-creation/retention.json
round-1-creation/delivered/packages/config/package.json	examples/foundation/.proof/delivery-2a973c5/round-1-creation/delivered/packages/config/package.json	226	226	a4f44539cae3b8097d700d6c2103b1789695a95cb7212d1725c0c7a4a8f10050	a4f44539cae3b8097d700d6c2103b1789695a95cb7212d1725c0c7a4a8f10050	none	a4f44539cae3b8097d700d6c2103b1789695a95cb7212d1725c0c7a4a8f10050	a4f44539cae3b8097d700d6c2103b1789695a95cb7212d1725c0c7a4a8f10050	none	project	round-1-creation/retention.json
round-1-creation/delivered/packages/config/typescript.json	examples/foundation/.proof/delivery-2a973c5/round-1-creation/delivered/packages/config/typescript.json	479	479	c30e08e49e06495f66993ffc8d55d0e48e9f0ac28d1ed8a105b5fb5cdd97ef09	c30e08e49e06495f66993ffc8d55d0e48e9f0ac28d1ed8a105b5fb5cdd97ef09	none	c30e08e49e06495f66993ffc8d55d0e48e9f0ac28d1ed8a105b5fb5cdd97ef09	c30e08e49e06495f66993ffc8d55d0e48e9f0ac28d1ed8a105b5fb5cdd97ef09	none	project	round-1-creation/retention.json
round-1-creation/delivered/packages/domain/package.json	examples/foundation/.proof/delivery-2a973c5/round-1-creation/delivered/packages/domain/package.json	259	259	6b38a411cf16da1daad0a07f6f0e5de738bd523b5d44525e58bc94f8bc13a8ac	6b38a411cf16da1daad0a07f6f0e5de738bd523b5d44525e58bc94f8bc13a8ac	none	6b38a411cf16da1daad0a07f6f0e5de738bd523b5d44525e58bc94f8bc13a8ac	6b38a411cf16da1daad0a07f6f0e5de738bd523b5d44525e58bc94f8bc13a8ac	none	project	round-1-creation/retention.json
round-1-creation/delivered/packages/domain/src/index.ts	examples/foundation/.proof/delivery-2a973c5/round-1-creation/delivered/packages/domain/src/index.ts	650	650	5b1e707a9bdab248b40f1414a646c96d3d2fc9651b363bee3d6c1d657d200479	5b1e707a9bdab248b40f1414a646c96d3d2fc9651b363bee3d6c1d657d200479	none	5b1e707a9bdab248b40f1414a646c96d3d2fc9651b363bee3d6c1d657d200479	5b1e707a9bdab248b40f1414a646c96d3d2fc9651b363bee3d6c1d657d200479	none	project	round-1-creation/retention.json
round-1-creation/delivered/packages/domain/tsconfig.json	examples/foundation/.proof/delivery-2a973c5/round-1-creation/delivered/packages/domain/tsconfig.json	72	72	9f05a0b0992a69d35ccfd30a7341d9c36fc7eaefb1634d54d6a92030ab4906a4	9f05a0b0992a69d35ccfd30a7341d9c36fc7eaefb1634d54d6a92030ab4906a4	none	9f05a0b0992a69d35ccfd30a7341d9c36fc7eaefb1634d54d6a92030ab4906a4	9f05a0b0992a69d35ccfd30a7341d9c36fc7eaefb1634d54d6a92030ab4906a4	none	project	round-1-creation/retention.json
round-1-creation/delivered/packages/ui/.storybook/main.ts	examples/foundation/.proof/delivery-2a973c5/round-1-creation/delivered/packages/ui/.storybook/main.ts	370	370	5e7138e85e2d936a889a4d9fc83a60343a58adc8ac1378253af4f34de94ca452	5e7138e85e2d936a889a4d9fc83a60343a58adc8ac1378253af4f34de94ca452	none	5e7138e85e2d936a889a4d9fc83a60343a58adc8ac1378253af4f34de94ca452	5e7138e85e2d936a889a4d9fc83a60343a58adc8ac1378253af4f34de94ca452	none	project	round-1-creation/retention.json
round-1-creation/delivered/packages/ui/package.json	examples/foundation/.proof/delivery-2a973c5/round-1-creation/delivered/packages/ui/package.json	571	571	7d0dacda9d20b8cb71adaf6c7fb60d01c081db8d7121ca2a97ea275785b9dd01	7d0dacda9d20b8cb71adaf6c7fb60d01c081db8d7121ca2a97ea275785b9dd01	none	7d0dacda9d20b8cb71adaf6c7fb60d01c081db8d7121ca2a97ea275785b9dd01	7d0dacda9d20b8cb71adaf6c7fb60d01c081db8d7121ca2a97ea275785b9dd01	none	project	round-1-creation/retention.json
round-1-creation/delivered/packages/ui/src/WorkItemList.stories.tsx	examples/foundation/.proof/delivery-2a973c5/round-1-creation/delivered/packages/ui/src/WorkItemList.stories.tsx	835	835	1dee67d82ea987c646572e6aad354403e92513764fda882c76c93746a5f816c6	1dee67d82ea987c646572e6aad354403e92513764fda882c76c93746a5f816c6	none	1dee67d82ea987c646572e6aad354403e92513764fda882c76c93746a5f816c6	1dee67d82ea987c646572e6aad354403e92513764fda882c76c93746a5f816c6	none	project	round-1-creation/retention.json
round-1-creation/delivered/packages/ui/src/index.tsx	examples/foundation/.proof/delivery-2a973c5/round-1-creation/delivered/packages/ui/src/index.tsx	2843	2843	482517b2f2e77d1e7f4cdf3437dc171d989db1e6dae2bd2a21555f25e29e392c	482517b2f2e77d1e7f4cdf3437dc171d989db1e6dae2bd2a21555f25e29e392c	none	482517b2f2e77d1e7f4cdf3437dc171d989db1e6dae2bd2a21555f25e29e392c	482517b2f2e77d1e7f4cdf3437dc171d989db1e6dae2bd2a21555f25e29e392c	none	project	round-1-creation/retention.json
round-1-creation/delivered/packages/ui/src/styles.css	examples/foundation/.proof/delivery-2a973c5/round-1-creation/delivered/packages/ui/src/styles.css	3723	3723	ca2eee3281dc72525d1b850e97f56253d45ad269b47fa99c353d29bc60f26e61	ca2eee3281dc72525d1b850e97f56253d45ad269b47fa99c353d29bc60f26e61	none	ca2eee3281dc72525d1b850e97f56253d45ad269b47fa99c353d29bc60f26e61	ca2eee3281dc72525d1b850e97f56253d45ad269b47fa99c353d29bc60f26e61	none	project	round-1-creation/retention.json
round-1-creation/delivered/packages/ui/src/styles.d.ts	examples/foundation/.proof/delivery-2a973c5/round-1-creation/delivered/packages/ui/src/styles.d.ts	24	24	da5bf71d48cf909584a01c80b445f730507068f5b34c920f352e2bfcf0315e4c	da5bf71d48cf909584a01c80b445f730507068f5b34c920f352e2bfcf0315e4c	none	da5bf71d48cf909584a01c80b445f730507068f5b34c920f352e2bfcf0315e4c	da5bf71d48cf909584a01c80b445f730507068f5b34c920f352e2bfcf0315e4c	none	project	round-1-creation/retention.json
round-1-creation/delivered/packages/ui/tsconfig.json	examples/foundation/.proof/delivery-2a973c5/round-1-creation/delivered/packages/ui/tsconfig.json	181	181	d196a02fc942af46994f25a0e87b7cb14782e9412148b0a3e356887e615a8265	d196a02fc942af46994f25a0e87b7cb14782e9412148b0a3e356887e615a8265	none	d196a02fc942af46994f25a0e87b7cb14782e9412148b0a3e356887e615a8265	d196a02fc942af46994f25a0e87b7cb14782e9412148b0a3e356887e615a8265	none	project	round-1-creation/retention.json
round-1-creation/delivered/scripts/check.ts	examples/foundation/.proof/delivery-2a973c5/round-1-creation/delivered/scripts/check.ts	4480	4480	9c3cd5de3158b763735ec46563ed24aeecd6d516505e48f18750882e0c02ac68	9c3cd5de3158b763735ec46563ed24aeecd6d516505e48f18750882e0c02ac68	none	9c3cd5de3158b763735ec46563ed24aeecd6d516505e48f18750882e0c02ac68	9c3cd5de3158b763735ec46563ed24aeecd6d516505e48f18750882e0c02ac68	none	project	round-1-creation/retention.json
round-1-creation/delivered/scripts/embed-ui.ts	examples/foundation/.proof/delivery-2a973c5/round-1-creation/delivered/scripts/embed-ui.ts	572	572	8d56596ecc114a462c188bbecb4fbb8e61443bf2bbac8c1939dfc1a841b17e9b	8d56596ecc114a462c188bbecb4fbb8e61443bf2bbac8c1939dfc1a841b17e9b	none	8d56596ecc114a462c188bbecb4fbb8e61443bf2bbac8c1939dfc1a841b17e9b	8d56596ecc114a462c188bbecb4fbb8e61443bf2bbac8c1939dfc1a841b17e9b	none	project	round-1-creation/retention.json
round-1-creation/delivered/scripts/enforcement.ts	examples/foundation/.proof/delivery-2a973c5/round-1-creation/delivered/scripts/enforcement.ts	5942	5942	87cf27f64208be19c709ca571abaa5264bd692aa2b755a58906dc5580bd96ce5	87cf27f64208be19c709ca571abaa5264bd692aa2b755a58906dc5580bd96ce5	none	87cf27f64208be19c709ca571abaa5264bd692aa2b755a58906dc5580bd96ce5	87cf27f64208be19c709ca571abaa5264bd692aa2b755a58906dc5580bd96ce5	none	project	round-1-creation/retention.json
round-1-creation/delivered/scripts/http-transport.ts	examples/foundation/.proof/delivery-2a973c5/round-1-creation/delivered/scripts/http-transport.ts	1383	1383	85ef0e5caad04b0f014acb7471208eea113f29bcaadce0a2d9a13a27a4851289	85ef0e5caad04b0f014acb7471208eea113f29bcaadce0a2d9a13a27a4851289	none	85ef0e5caad04b0f014acb7471208eea113f29bcaadce0a2d9a13a27a4851289	85ef0e5caad04b0f014acb7471208eea113f29bcaadce0a2d9a13a27a4851289	none	project	round-1-creation/retention.json
round-1-creation/delivered/scripts/install-hooks.ts	examples/foundation/.proof/delivery-2a973c5/round-1-creation/delivered/scripts/install-hooks.ts	5553	5553	f243b8720f3fdd779b8374178d8f4eeb7dcd014eb65136972ab6d46f2b5f994b	f243b8720f3fdd779b8374178d8f4eeb7dcd014eb65136972ab6d46f2b5f994b	none	f243b8720f3fdd779b8374178d8f4eeb7dcd014eb65136972ab6d46f2b5f994b	f243b8720f3fdd779b8374178d8f4eeb7dcd014eb65136972ab6d46f2b5f994b	none	project	round-1-creation/retention.json
round-1-creation/delivered/scripts/mcp-host-browser.ts	examples/foundation/.proof/delivery-2a973c5/round-1-creation/delivered/scripts/mcp-host-browser.ts	7093	7093	686bef7d89f8198b86cee7a1d8b41407fbde7cb5e71e86f35cd0553484a6a03e	686bef7d89f8198b86cee7a1d8b41407fbde7cb5e71e86f35cd0553484a6a03e	none	686bef7d89f8198b86cee7a1d8b41407fbde7cb5e71e86f35cd0553484a6a03e	686bef7d89f8198b86cee7a1d8b41407fbde7cb5e71e86f35cd0553484a6a03e	none	project	round-1-creation/retention.json
round-1-creation/delivered/scripts/mcp-host.ts	examples/foundation/.proof/delivery-2a973c5/round-1-creation/delivered/scripts/mcp-host.ts	2901	2901	b09829d7958d5faa4ecb9e4f2adf62b956b4007e0bcf2cf09ef4780b073f8958	b09829d7958d5faa4ecb9e4f2adf62b956b4007e0bcf2cf09ef4780b073f8958	none	b09829d7958d5faa4ecb9e4f2adf62b956b4007e0bcf2cf09ef4780b073f8958	b09829d7958d5faa4ecb9e4f2adf62b956b4007e0bcf2cf09ef4780b073f8958	none	project	round-1-creation/retention.json
round-1-creation/delivered/scripts/prepare-check.ts	examples/foundation/.proof/delivery-2a973c5/round-1-creation/delivered/scripts/prepare-check.ts	406	406	347f97d470d664397c7a3b0258fb5885858b4fb4e6c43b89e248432a8c1457ff	347f97d470d664397c7a3b0258fb5885858b4fb4e6c43b89e248432a8c1457ff	none	347f97d470d664397c7a3b0258fb5885858b4fb4e6c43b89e248432a8c1457ff	347f97d470d664397c7a3b0258fb5885858b4fb4e6c43b89e248432a8c1457ff	none	project	round-1-creation/retention.json
round-1-creation/delivered/scripts/readiness.ts	examples/foundation/.proof/delivery-2a973c5/round-1-creation/delivered/scripts/readiness.ts	36358	36358	0de74fbffba3ae963bedb2cef9af0c673c34c5eabc3e6a7e9670d8cb38549ee5	0de74fbffba3ae963bedb2cef9af0c673c34c5eabc3e6a7e9670d8cb38549ee5	none	0de74fbffba3ae963bedb2cef9af0c673c34c5eabc3e6a7e9670d8cb38549ee5	0de74fbffba3ae963bedb2cef9af0c673c34c5eabc3e6a7e9670d8cb38549ee5	none	project	round-1-creation/retention.json
round-1-creation/delivered/scripts/runtime.ts	examples/foundation/.proof/delivery-2a973c5/round-1-creation/delivered/scripts/runtime.ts	13722	13722	cd21060931e9a9955e8340623fbc63371de9c96620e298641ab18edfd7dee228	cd21060931e9a9955e8340623fbc63371de9c96620e298641ab18edfd7dee228	none	cd21060931e9a9955e8340623fbc63371de9c96620e298641ab18edfd7dee228	cd21060931e9a9955e8340623fbc63371de9c96620e298641ab18edfd7dee228	none	project	round-1-creation/retention.json
round-1-creation/delivered/scripts/source-identity.ts	examples/foundation/.proof/delivery-2a973c5/round-1-creation/delivered/scripts/source-identity.ts	1553	1553	74dee120839a291c38c7e0982747441e1617cd2264dfb9683f6df3574656fe8a	74dee120839a291c38c7e0982747441e1617cd2264dfb9683f6df3574656fe8a	none	74dee120839a291c38c7e0982747441e1617cd2264dfb9683f6df3574656fe8a	74dee120839a291c38c7e0982747441e1617cd2264dfb9683f6df3574656fe8a	none	project	round-1-creation/retention.json
round-1-creation/delivered/scripts/trials.ts	examples/foundation/.proof/delivery-2a973c5/round-1-creation/delivered/scripts/trials.ts	52414	52414	723291a72a3cf646dfc911d90fe033c7c01b9eb7d6c6daa0bf6b52a5e1f6fd8e	723291a72a3cf646dfc911d90fe033c7c01b9eb7d6c6daa0bf6b52a5e1f6fd8e	none	723291a72a3cf646dfc911d90fe033c7c01b9eb7d6c6daa0bf6b52a5e1f6fd8e	723291a72a3cf646dfc911d90fe033c7c01b9eb7d6c6daa0bf6b52a5e1f6fd8e	none	project	round-1-creation/retention.json
round-1-creation/delivered/tests/domain.test.ts	examples/foundation/.proof/delivery-2a973c5/round-1-creation/delivered/tests/domain.test.ts	720	720	1f944425bc0b6538246fd90b2b13d3ea87db0d9271befff106c68bc748d58dc7	1f944425bc0b6538246fd90b2b13d3ea87db0d9271befff106c68bc748d58dc7	none	1f944425bc0b6538246fd90b2b13d3ea87db0d9271befff106c68bc748d58dc7	1f944425bc0b6538246fd90b2b13d3ea87db0d9271befff106c68bc748d58dc7	none	project	round-1-creation/retention.json
round-1-creation/delivered/tests/proof-policy.test.ts	examples/foundation/.proof/delivery-2a973c5/round-1-creation/delivered/tests/proof-policy.test.ts	9088	9088	687a123fbf358830938718fcf354ed4bdaa372f5a81d852fb8d0139810bf72a9	687a123fbf358830938718fcf354ed4bdaa372f5a81d852fb8d0139810bf72a9	none	cf003fc7b7a859435fa0a73dbbd5f122d3f00ca6e66a367d5e7863f5690d1175	687a123fbf358830938718fcf354ed4bdaa372f5a81d852fb8d0139810bf72a9	credential-redaction	project	round-1-creation/retention.json
round-1-creation/delivered/tests/provenance.test.ts	examples/foundation/.proof/delivery-2a973c5/round-1-creation/delivered/tests/provenance.test.ts	1385	1385	dd94880e1c05c48a8ae8f5f4f03c573e978b185f59cdd3a76e13f51495028fd2	dd94880e1c05c48a8ae8f5f4f03c573e978b185f59cdd3a76e13f51495028fd2	none	dd94880e1c05c48a8ae8f5f4f03c573e978b185f59cdd3a76e13f51495028fd2	dd94880e1c05c48a8ae8f5f4f03c573e978b185f59cdd3a76e13f51495028fd2	none	project	round-1-creation/retention.json
round-1-creation/delivered/tests/trials.test.ts	examples/foundation/.proof/delivery-2a973c5/round-1-creation/delivered/tests/trials.test.ts	38325	38325	1ad2dcedc818fd63ef4e8cb7e5634d1ebbbb324f70e8bf437ad11cf3f01e306c	1ad2dcedc818fd63ef4e8cb7e5634d1ebbbb324f70e8bf437ad11cf3f01e306c	none	2c2f109233cae27959f757ad38f8c7d2bbba886b3c0d8f836abd700cfb9896a0	1ad2dcedc818fd63ef4e8cb7e5634d1ebbbb324f70e8bf437ad11cf3f01e306c	credential-redaction	project	round-1-creation/retention.json
round-1-creation/delivered/tsconfig.json	examples/foundation/.proof/delivery-2a973c5/round-1-creation/delivered/tsconfig.json	255	255	4240a50aa7aac54aa69314488ca4ec20774566777d0ea914f03df46173f69ebd	4240a50aa7aac54aa69314488ca4ec20774566777d0ea914f03df46173f69ebd	none	4240a50aa7aac54aa69314488ca4ec20774566777d0ea914f03df46173f69ebd	4240a50aa7aac54aa69314488ca4ec20774566777d0ea914f03df46173f69ebd	none	project	round-1-creation/retention.json
round-1-creation/delivered/turbo.json	examples/foundation/.proof/delivery-2a973c5/round-1-creation/delivered/turbo.json	655	655	448cad77683c89e74ad9ed77a55cdd262ab03f86c15a668d3257cd9d354d3e03	448cad77683c89e74ad9ed77a55cdd262ab03f86c15a668d3257cd9d354d3e03	none	448cad77683c89e74ad9ed77a55cdd262ab03f86c15a668d3257cd9d354d3e03	448cad77683c89e74ad9ed77a55cdd262ab03f86c15a668d3257cd9d354d3e03	none	project	round-1-creation/retention.json
round-1-creation/retention.json	examples/foundation/.proof/delivery-2a973c5/round-1-creation/retention.json	40866	40866	790e52f4f0efab1a163e9e317b013870d95943534d275647f0668373ffd6e427	790e52f4f0efab1a163e9e317b013870d95943534d275647f0668373ffd6e427	none			none	saved-run-record	none
round-1-creation/review/events.jsonl	examples/foundation/.proof/delivery-2a973c5/round-1-creation/review/events.jsonl	345354	344265	0411bd3de9a763657c357eefc326bfcd10d90536551403f132a1d3ae84f7e48a	91263e774b648151f1b0d01b53d41a837d1ac704b1b8d9ddb4ab37b2a66be83f	host-user-prefix:226,macos-temporary-root:21,truncated-host-user-prefix:1	9ce9001d7bb623bead5d54f3954b84167d51fe8a3f661a45931ca13bcbaae81a	0411bd3de9a763657c357eefc326bfcd10d90536551403f132a1d3ae84f7e48a	credential-redaction	CLI-review	report.json
round-1-creation/review/final.json	examples/foundation/.proof/delivery-2a973c5/round-1-creation/review/final.json	5355	5355	f4dc4f4f5406031af31ba19292388f17a6bc8f548a5a0bd136eb185066045f88	f4dc4f4f5406031af31ba19292388f17a6bc8f548a5a0bd136eb185066045f88	none	f4dc4f4f5406031af31ba19292388f17a6bc8f548a5a0bd136eb185066045f88	f4dc4f4f5406031af31ba19292388f17a6bc8f548a5a0bd136eb185066045f88	none	CLI-review	report.json
round-1-creation/review/prompt.txt	examples/foundation/.proof/delivery-2a973c5/round-1-creation/review/prompt.txt	8733	8620	2fbd1b7b274668cec1759aa5b3cf7a3e5d011b733138104bae02d952c1c2fdbc	a8a290011e2d53dd8f30e4abe21cf2f1d485c352616f327f1cc80ad947bbccca	host-user-prefix:2,macos-temporary-root:3			none	saved-run-record	none
round-1-creation/review/schema.json	examples/foundation/.proof/delivery-2a973c5/round-1-creation/review/schema.json	2255	2255	8bd8c27669638fc084dfe40d134d5a9fd53a260ec0a67a31d1260ed528a1a250	8bd8c27669638fc084dfe40d134d5a9fd53a260ec0a67a31d1260ed528a1a250	none			none	saved-run-record	none
round-1-creation/review/stderr.log	examples/foundation/.proof/delivery-2a973c5/round-1-creation/review/stderr.log	1502	1499	148e677b43315d6c9a1869923537e4c66a968f104b0aa84631a85c7c44c71381	8688d92283aab6b96223e9909a3d649d5ed7c2df6cc43361fab0ea6023c707b9	host-user-prefix:3	148e677b43315d6c9a1869923537e4c66a968f104b0aa84631a85c7c44c71381	148e677b43315d6c9a1869923537e4c66a968f104b0aa84631a85c7c44c71381	none	CLI-review	report.json
round-1-creation/task.txt	examples/foundation/.proof/delivery-2a973c5/round-1-creation/task.txt	460	423	c5dce4101789f9ccbd54870ee9c792517ee4534fded4b56d180913bbdc3173aa	934411ac65750e557e2079c66ca5dd529d07318d3837f7392bd683eb746ee515	macos-temporary-root:1			none	saved-run-record	none
round-1-creation/task/events.jsonl	examples/foundation/.proof/delivery-2a973c5/round-1-creation/task/events.jsonl	309566	307776	5080b1fd55a004625aa46e28ef3fe809f5837f14430894a979771527f631ecc6	1eb611aa8db2556923414ba0a1a720f00554d531d9447702ac6890dbfd5f31c9	host-user-prefix:82,macos-temporary-root:44	ee44412fdf3208d6d4ebc2d4357b4db8bf6a7043879e791be99a18c52f7c290e	5080b1fd55a004625aa46e28ef3fe809f5837f14430894a979771527f631ecc6	credential-redaction	CLI-task	report.json
round-1-creation/task/final.json	examples/foundation/.proof/delivery-2a973c5/round-1-creation/task/final.json	1086	1086	4ea292e015a473e40a64d02d6fa40fa3b3c940058fff8aaf09bd877359e201bc	4ea292e015a473e40a64d02d6fa40fa3b3c940058fff8aaf09bd877359e201bc	none	4ea292e015a473e40a64d02d6fa40fa3b3c940058fff8aaf09bd877359e201bc	4ea292e015a473e40a64d02d6fa40fa3b3c940058fff8aaf09bd877359e201bc	none	CLI-task	report.json
round-1-creation/task/prompt.txt	examples/foundation/.proof/delivery-2a973c5/round-1-creation/task/prompt.txt	948	911	bb0be821aeff4d4a370bc0665f85eba94fc27f276d7deae2cbfb44dda7b219d5	4c27dda3710a1fbe9d2adbda0d86e392df0c873718dad9cd1e5bc6c17af2eebf	macos-temporary-root:1			none	saved-run-record	none
round-1-creation/task/schema.json	examples/foundation/.proof/delivery-2a973c5/round-1-creation/task/schema.json	745	745	09d88e02a278f8f9f9c9e73dfadc39517f75c9a27a230302ee897a6dada2275b	09d88e02a278f8f9f9c9e73dfadc39517f75c9a27a230302ee897a6dada2275b	none			none	saved-run-record	none
round-1-creation/task/stderr.log	examples/foundation/.proof/delivery-2a973c5/round-1-creation/task/stderr.log	1330	1327	8806b7417c062174f05fbe52c7431b2058d0a17b89ce4d21522248902cdea724	d9774354a4b741a67342cd5b6c7f23908c26c3a13feeb2e6f503bc22f3bab7c5	host-user-prefix:3	8806b7417c062174f05fbe52c7431b2058d0a17b89ce4d21522248902cdea724	8806b7417c062174f05fbe52c7431b2058d0a17b89ce4d21522248902cdea724	none	CLI-task	report.json
round-1-creation/workspace-evidence/delivered-files.json	examples/foundation/.proof/delivery-2a973c5/round-1-creation/workspace-evidence/delivered-files.json	2	2	44136fa355b3678a1146ad16f7e8649e94fb4fc21fe77e8310c060f61caaff8a	44136fa355b3678a1146ad16f7e8649e94fb4fc21fe77e8310c060f61caaff8a	none			none	saved-run-record	none
round-1-creation/workspace-evidence/retention.json	examples/foundation/.proof/delivery-2a973c5/round-1-creation/workspace-evidence/retention.json	1098	1098	1c8938534e595ac6edcca478929829c053b84ec1e80e5f3b9af645278c7ede3e	1c8938534e595ac6edcca478929829c053b84ec1e80e5f3b9af645278c7ede3e	none			none	saved-run-record	none
round-1-feature/acceptance.json	examples/foundation/.proof/delivery-2a973c5/round-1-feature/acceptance.json	4773	4698	8827aa1082d7c42878b92c3ed0dbe806a04047881b743263f6df04cdb98bc3ca	de96deb3365736ae07f9f2be58fb2014f9384edcb67a774d0d7f35cb9a95b8fd	host-user-prefix:1,macos-temporary-root:2			none	saved-run-record	none
round-1-feature/acceptance/command.log	examples/foundation/.proof/delivery-2a973c5/round-1-feature/acceptance/command.log	4027	4027	e5a226be6952ee88b34c1062acc777591f5f79bec0e0b42e2b23c25d2a6e6a9e	e5a226be6952ee88b34c1062acc777591f5f79bec0e0b42e2b23c25d2a6e6a9e	none			none	saved-run-record	none
round-1-feature/acceptance/mcp-app-host.png	examples/foundation/.proof/delivery-2a973c5/round-1-feature/acceptance/mcp-app-host.png	38509	38509	2eba7da0dcba66b69c77720d878eb768644fe102e60cd069fec4411e715b8db0	2eba7da0dcba66b69c77720d878eb768644fe102e60cd069fec4411e715b8db0	none			none	saved-run-record	none
round-1-feature/acceptance/mcp-host-observations.json	examples/foundation/.proof/delivery-2a973c5/round-1-feature/acceptance/mcp-host-observations.json	1412	1412	d619063505259d4e9e4be90f6c0f53de46b5c7f2d18108fd9d2ad654b9134e92	d619063505259d4e9e4be90f6c0f53de46b5c7f2d18108fd9d2ad654b9134e92	none			none	saved-run-record	none
round-1-feature/acceptance/report.json	examples/foundation/.proof/delivery-2a973c5/round-1-feature/acceptance/report.json	4027	4027	e5a226be6952ee88b34c1062acc777591f5f79bec0e0b42e2b23c25d2a6e6a9e	e5a226be6952ee88b34c1062acc777591f5f79bec0e0b42e2b23c25d2a6e6a9e	none			none	saved-run-record	none
round-1-feature/acceptance/runtime.log	examples/foundation/.proof/delivery-2a973c5/round-1-feature/acceptance/runtime.log	1884	1884	edafccaff70d06e7bde9d527e0672e2d905ed93bbc23be3624bb2b02f09e0be3	edafccaff70d06e7bde9d527e0672e2d905ed93bbc23be3624bb2b02f09e0be3	none			none	saved-run-record	none
round-1-feature/acceptance/title-edit.png	examples/foundation/.proof/delivery-2a973c5/round-1-feature/acceptance/title-edit.png	37700	37700	847ade817727c93538543daa488f62844a0548b2099230cbdce2dc9bd4c5a830	847ade817727c93538543daa488f62844a0548b2099230cbdce2dc9bd4c5a830	none			none	saved-run-record	none
round-1-feature/acceptance/web-persisted.png	examples/foundation/.proof/delivery-2a973c5/round-1-feature/acceptance/web-persisted.png	31961	31961	e1af4b1b90188344a55612f49a71b1ed1a64ee2165d689404eb909cc121036c1	e1af4b1b90188344a55612f49a71b1ed1a64ee2165d689404eb909cc121036c1	none			none	saved-run-record	none
round-1-feature/change.diff	examples/foundation/.proof/delivery-2a973c5/round-1-feature/change.diff	13062	13062	22aa504d6d3c17c3adb167a85c10c0288187e36c76632b40ba9fb0060cc7411b	22aa504d6d3c17c3adb167a85c10c0288187e36c76632b40ba9fb0060cc7411b	none	22aa504d6d3c17c3adb167a85c10c0288187e36c76632b40ba9fb0060cc7411b	22aa504d6d3c17c3adb167a85c10c0288187e36c76632b40ba9fb0060cc7411b	none	Git-diff	report.json
round-1-feature/delivered-files.json	examples/foundation/.proof/delivery-2a973c5/round-1-feature/delivered-files.json	9228	9228	b0364e054c410e46c659e297918e77c073fd9141998771978fb801a55df949bd	b0364e054c410e46c659e297918e77c073fd9141998771978fb801a55df949bd	none			none	saved-run-record	none
round-1-feature/delivered/.astack/feature-map/work-items/README.md	examples/foundation/.proof/delivery-2a973c5/round-1-feature/delivered/.astack/feature-map/work-items/README.md	383	383	f22f22985ef1a9782e4c6a9a074bd90328e7cde7644dfa3719c926410782bed5	f22f22985ef1a9782e4c6a9a074bd90328e7cde7644dfa3719c926410782bed5	none	f22f22985ef1a9782e4c6a9a074bd90328e7cde7644dfa3719c926410782bed5	f22f22985ef1a9782e4c6a9a074bd90328e7cde7644dfa3719c926410782bed5	none	project	round-1-feature/retention.json
round-1-feature/delivered/.astack/feature-map/work-items/work-items.md	examples/foundation/.proof/delivery-2a973c5/round-1-feature/delivered/.astack/feature-map/work-items/work-items.md	2162	2162	42da8890ff8eb99e8964106bbfcef94afb13f6d72cdbc1f39e9ef61175028f55	42da8890ff8eb99e8964106bbfcef94afb13f6d72cdbc1f39e9ef61175028f55	none	42da8890ff8eb99e8964106bbfcef94afb13f6d72cdbc1f39e9ef61175028f55	42da8890ff8eb99e8964106bbfcef94afb13f6d72cdbc1f39e9ef61175028f55	none	project	round-1-feature/retention.json
round-1-feature/delivered/.astack/project.md	examples/foundation/.proof/delivery-2a973c5/round-1-feature/delivered/.astack/project.md	1419	1419	1bbff417fbc7e79f306da3c1a90e0158fc50bde7656d7dca1d9deadf6e50ce2b	1bbff417fbc7e79f306da3c1a90e0158fc50bde7656d7dca1d9deadf6e50ce2b	none	1bbff417fbc7e79f306da3c1a90e0158fc50bde7656d7dca1d9deadf6e50ce2b	1bbff417fbc7e79f306da3c1a90e0158fc50bde7656d7dca1d9deadf6e50ce2b	none	project	round-1-feature/retention.json
round-1-feature/delivered/.astack/scaffold.json	examples/foundation/.proof/delivery-2a973c5/round-1-feature/delivered/.astack/scaffold.json	274	274	fd925cb43ab0d699fcda4ef3b851a15983ac6c09501e24f059ee21736b907d52	fd925cb43ab0d699fcda4ef3b851a15983ac6c09501e24f059ee21736b907d52	none	fd925cb43ab0d699fcda4ef3b851a15983ac6c09501e24f059ee21736b907d52	fd925cb43ab0d699fcda4ef3b851a15983ac6c09501e24f059ee21736b907d52	none	project	round-1-feature/retention.json
round-1-feature/delivered/.codex/skills/astack-work-items/SKILL.md	examples/foundation/.proof/delivery-2a973c5/round-1-feature/delivered/.codex/skills/astack-work-items/SKILL.md	1242	1242	d6d82b88246cd96512e1a0c5a022c2f3a7d80a1eb164e905dc0d4232d6133fb2	d6d82b88246cd96512e1a0c5a022c2f3a7d80a1eb164e905dc0d4232d6133fb2	none	d6d82b88246cd96512e1a0c5a022c2f3a7d80a1eb164e905dc0d4232d6133fb2	d6d82b88246cd96512e1a0c5a022c2f3a7d80a1eb164e905dc0d4232d6133fb2	none	project	round-1-feature/retention.json
round-1-feature/delivered/.codex/skills/astack-work-items/control.ts	examples/foundation/.proof/delivery-2a973c5/round-1-feature/delivered/.codex/skills/astack-work-items/control.ts	1271	1271	78daca53062dfb26bc78cfaf8bb8d70b2b2af2fa266484cc3c4e190591f0fcce	78daca53062dfb26bc78cfaf8bb8d70b2b2af2fa266484cc3c4e190591f0fcce	none	78daca53062dfb26bc78cfaf8bb8d70b2b2af2fa266484cc3c4e190591f0fcce	78daca53062dfb26bc78cfaf8bb8d70b2b2af2fa266484cc3c4e190591f0fcce	none	project	round-1-feature/retention.json
round-1-feature/delivered/.gitignore	examples/foundation/.proof/delivery-2a973c5/round-1-feature/delivered/.gitignore	133	133	d7cfccfef537709ee2dd5dc14c0406dc2bd50fee52c785f481010b2689a9db7b	d7cfccfef537709ee2dd5dc14c0406dc2bd50fee52c785f481010b2689a9db7b	none	d7cfccfef537709ee2dd5dc14c0406dc2bd50fee52c785f481010b2689a9db7b	d7cfccfef537709ee2dd5dc14c0406dc2bd50fee52c785f481010b2689a9db7b	none	project	round-1-feature/retention.json
round-1-feature/delivered/.husky/pre-commit	examples/foundation/.proof/delivery-2a973c5/round-1-feature/delivered/.husky/pre-commit	194	194	49db70e604bf06f5bda03778a71d8bb249cd4af481ca976e5b35cb754532b042	49db70e604bf06f5bda03778a71d8bb249cd4af481ca976e5b35cb754532b042	none	49db70e604bf06f5bda03778a71d8bb249cd4af481ca976e5b35cb754532b042	49db70e604bf06f5bda03778a71d8bb249cd4af481ca976e5b35cb754532b042	none	project	round-1-feature/retention.json
round-1-feature/delivered/.prettierignore	examples/foundation/.proof/delivery-2a973c5/round-1-feature/delivered/.prettierignore	101	101	077f2966b94e14c1bf40a136c4a9fecfb41e793e32d18d07413873994263d7ad	077f2966b94e14c1bf40a136c4a9fecfb41e793e32d18d07413873994263d7ad	none	077f2966b94e14c1bf40a136c4a9fecfb41e793e32d18d07413873994263d7ad	077f2966b94e14c1bf40a136c4a9fecfb41e793e32d18d07413873994263d7ad	none	project	round-1-feature/retention.json
round-1-feature/delivered/.prettierrc.json	examples/foundation/.proof/delivery-2a973c5/round-1-feature/delivered/.prettierrc.json	48	48	32dcd743a0ffca59a737c87abcfcc3f57a0cede5cedb6a8b1b68d32a3b6d4506	32dcd743a0ffca59a737c87abcfcc3f57a0cede5cedb6a8b1b68d32a3b6d4506	none	32dcd743a0ffca59a737c87abcfcc3f57a0cede5cedb6a8b1b68d32a3b6d4506	32dcd743a0ffca59a737c87abcfcc3f57a0cede5cedb6a8b1b68d32a3b6d4506	none	project	round-1-feature/retention.json
round-1-feature/delivered/.proof/baseline/mcp-app-host.png	examples/foundation/.proof/delivery-2a973c5/round-1-feature/delivered/.proof/baseline/mcp-app-host.png	38495	38495	aef7de19537992945f91e2f15732684b6ce3dbb47f242f235a53ac63d6e1af63	aef7de19537992945f91e2f15732684b6ce3dbb47f242f235a53ac63d6e1af63	none	aef7de19537992945f91e2f15732684b6ce3dbb47f242f235a53ac63d6e1af63	aef7de19537992945f91e2f15732684b6ce3dbb47f242f235a53ac63d6e1af63	none	project	round-1-feature/retention.json
round-1-feature/delivered/.proof/baseline/mcp-host-observations.json	examples/foundation/.proof/delivery-2a973c5/round-1-feature/delivered/.proof/baseline/mcp-host-observations.json	1412	1412	45d1d1e0c1ca3d5ac2449659a0271208b63b6cf96644ec12a3833656e0ede677	45d1d1e0c1ca3d5ac2449659a0271208b63b6cf96644ec12a3833656e0ede677	none	45d1d1e0c1ca3d5ac2449659a0271208b63b6cf96644ec12a3833656e0ede677	45d1d1e0c1ca3d5ac2449659a0271208b63b6cf96644ec12a3833656e0ede677	none	project	round-1-feature/retention.json
round-1-feature/delivered/.proof/baseline/report.json	examples/foundation/.proof/delivery-2a973c5/round-1-feature/delivered/.proof/baseline/report.json	3152	3152	03e1ca9bfe4820fb82f31a5109a4197fe7273d6ff4ffd7dc0b503e31712f1a90	03e1ca9bfe4820fb82f31a5109a4197fe7273d6ff4ffd7dc0b503e31712f1a90	none	03e1ca9bfe4820fb82f31a5109a4197fe7273d6ff4ffd7dc0b503e31712f1a90	03e1ca9bfe4820fb82f31a5109a4197fe7273d6ff4ffd7dc0b503e31712f1a90	none	project	round-1-feature/retention.json
round-1-feature/delivered/.proof/baseline/runtime.log	examples/foundation/.proof/delivery-2a973c5/round-1-feature/delivered/.proof/baseline/runtime.log	1883	1883	f31a8ea8ac8f8f0269a640dffdaab860e04290f68741478e743b4e113cf39eab	f31a8ea8ac8f8f0269a640dffdaab860e04290f68741478e743b4e113cf39eab	none	f31a8ea8ac8f8f0269a640dffdaab860e04290f68741478e743b4e113cf39eab	f31a8ea8ac8f8f0269a640dffdaab860e04290f68741478e743b4e113cf39eab	none	project	round-1-feature/retention.json
round-1-feature/delivered/.proof/baseline/web-persisted.png	examples/foundation/.proof/delivery-2a973c5/round-1-feature/delivered/.proof/baseline/web-persisted.png	31698	31698	7caa6147b306d8506fa6b7a7938639f10342cad26fa4d6534acd3077867cc6fd	7caa6147b306d8506fa6b7a7938639f10342cad26fa4d6534acd3077867cc6fd	none	7caa6147b306d8506fa6b7a7938639f10342cad26fa4d6534acd3077867cc6fd	7caa6147b306d8506fa6b7a7938639f10342cad26fa4d6534acd3077867cc6fd	none	project	round-1-feature/retention.json
round-1-feature/delivered/.proof/title-edit-final/mcp-app-host.png	examples/foundation/.proof/delivery-2a973c5/round-1-feature/delivered/.proof/title-edit-final/mcp-app-host.png	38601	38601	d0e8414b4a2a92b06eb9af968d9262238934ff2a0881b1f2c41e76802ee822e4	d0e8414b4a2a92b06eb9af968d9262238934ff2a0881b1f2c41e76802ee822e4	none	d0e8414b4a2a92b06eb9af968d9262238934ff2a0881b1f2c41e76802ee822e4	d0e8414b4a2a92b06eb9af968d9262238934ff2a0881b1f2c41e76802ee822e4	none	project	round-1-feature/retention.json
round-1-feature/delivered/.proof/title-edit-final/mcp-host-observations.json	examples/foundation/.proof/delivery-2a973c5/round-1-feature/delivered/.proof/title-edit-final/mcp-host-observations.json	1412	1412	b4d3b6625a81ccca59b53f484bd82df1107e1c39d225223a85665eaf3d0c2841	b4d3b6625a81ccca59b53f484bd82df1107e1c39d225223a85665eaf3d0c2841	none	b4d3b6625a81ccca59b53f484bd82df1107e1c39d225223a85665eaf3d0c2841	b4d3b6625a81ccca59b53f484bd82df1107e1c39d225223a85665eaf3d0c2841	none	project	round-1-feature/retention.json
round-1-feature/delivered/.proof/title-edit-final/report.json	examples/foundation/.proof/delivery-2a973c5/round-1-feature/delivered/.proof/title-edit-final/report.json	4027	4027	7dbf3dd0607e08ee910712adef4dfc94c834dac542489c1f7e19979245db7fc9	7dbf3dd0607e08ee910712adef4dfc94c834dac542489c1f7e19979245db7fc9	none	7dbf3dd0607e08ee910712adef4dfc94c834dac542489c1f7e19979245db7fc9	7dbf3dd0607e08ee910712adef4dfc94c834dac542489c1f7e19979245db7fc9	none	project	round-1-feature/retention.json
round-1-feature/delivered/.proof/title-edit-final/runtime.log	examples/foundation/.proof/delivery-2a973c5/round-1-feature/delivered/.proof/title-edit-final/runtime.log	1884	1884	45aee1de1f7afb3ce95481b817115744854a27b61c095a68e9d4156982ca3195	45aee1de1f7afb3ce95481b817115744854a27b61c095a68e9d4156982ca3195	none	45aee1de1f7afb3ce95481b817115744854a27b61c095a68e9d4156982ca3195	45aee1de1f7afb3ce95481b817115744854a27b61c095a68e9d4156982ca3195	none	project	round-1-feature/retention.json
round-1-feature/delivered/.proof/title-edit-final/title-edit.png	examples/foundation/.proof/delivery-2a973c5/round-1-feature/delivered/.proof/title-edit-final/title-edit.png	37700	37700	847ade817727c93538543daa488f62844a0548b2099230cbdce2dc9bd4c5a830	847ade817727c93538543daa488f62844a0548b2099230cbdce2dc9bd4c5a830	none	847ade817727c93538543daa488f62844a0548b2099230cbdce2dc9bd4c5a830	847ade817727c93538543daa488f62844a0548b2099230cbdce2dc9bd4c5a830	none	project	round-1-feature/retention.json
round-1-feature/delivered/.proof/title-edit-final/web-persisted.png	examples/foundation/.proof/delivery-2a973c5/round-1-feature/delivered/.proof/title-edit-final/web-persisted.png	31705	31705	ca6e64622d7601c215917d78eaf9792d4062c6bd7397a253194fd0b2a2e3e3c3	ca6e64622d7601c215917d78eaf9792d4062c6bd7397a253194fd0b2a2e3e3c3	none	ca6e64622d7601c215917d78eaf9792d4062c6bd7397a253194fd0b2a2e3e3c3	ca6e64622d7601c215917d78eaf9792d4062c6bd7397a253194fd0b2a2e3e3c3	none	project	round-1-feature/retention.json
round-1-feature/delivered/.proof/title-edit/mcp-app-host.png	examples/foundation/.proof/delivery-2a973c5/round-1-feature/delivered/.proof/title-edit/mcp-app-host.png	38544	38544	abd81502f710154a018960b5513d8dfd2ae73337d0ff7abebe8fc120d4047552	abd81502f710154a018960b5513d8dfd2ae73337d0ff7abebe8fc120d4047552	none	abd81502f710154a018960b5513d8dfd2ae73337d0ff7abebe8fc120d4047552	abd81502f710154a018960b5513d8dfd2ae73337d0ff7abebe8fc120d4047552	none	project	round-1-feature/retention.json
round-1-feature/delivered/.proof/title-edit/mcp-host-observations.json	examples/foundation/.proof/delivery-2a973c5/round-1-feature/delivered/.proof/title-edit/mcp-host-observations.json	1412	1412	2c2b266781f9ff972fc1ddf90106951a0ee4ea512ac98d2a0165110c296e8580	2c2b266781f9ff972fc1ddf90106951a0ee4ea512ac98d2a0165110c296e8580	none	2c2b266781f9ff972fc1ddf90106951a0ee4ea512ac98d2a0165110c296e8580	2c2b266781f9ff972fc1ddf90106951a0ee4ea512ac98d2a0165110c296e8580	none	project	round-1-feature/retention.json
round-1-feature/delivered/.proof/title-edit/report.json	examples/foundation/.proof/delivery-2a973c5/round-1-feature/delivered/.proof/title-edit/report.json	4027	4027	2fa2b830aa010a9a9c3ffae8a46872af8f20abbcc7dd049fd41f29e1c7a63439	2fa2b830aa010a9a9c3ffae8a46872af8f20abbcc7dd049fd41f29e1c7a63439	none	2fa2b830aa010a9a9c3ffae8a46872af8f20abbcc7dd049fd41f29e1c7a63439	2fa2b830aa010a9a9c3ffae8a46872af8f20abbcc7dd049fd41f29e1c7a63439	none	project	round-1-feature/retention.json
round-1-feature/delivered/.proof/title-edit/runtime.log	examples/foundation/.proof/delivery-2a973c5/round-1-feature/delivered/.proof/title-edit/runtime.log	1884	1884	93a27829e8d79bbc759ce3047c5e11f86566917878c6baf24508d461f8a20109	93a27829e8d79bbc759ce3047c5e11f86566917878c6baf24508d461f8a20109	none	93a27829e8d79bbc759ce3047c5e11f86566917878c6baf24508d461f8a20109	93a27829e8d79bbc759ce3047c5e11f86566917878c6baf24508d461f8a20109	none	project	round-1-feature/retention.json
round-1-feature/delivered/.proof/title-edit/title-edit.png	examples/foundation/.proof/delivery-2a973c5/round-1-feature/delivered/.proof/title-edit/title-edit.png	32633	32633	acc8164292600a44ce569b0b37e64e8faf7b671e1a7e189b1409544caba51e02	acc8164292600a44ce569b0b37e64e8faf7b671e1a7e189b1409544caba51e02	none	acc8164292600a44ce569b0b37e64e8faf7b671e1a7e189b1409544caba51e02	acc8164292600a44ce569b0b37e64e8faf7b671e1a7e189b1409544caba51e02	none	project	round-1-feature/retention.json
round-1-feature/delivered/.proof/title-edit/web-persisted.png	examples/foundation/.proof/delivery-2a973c5/round-1-feature/delivered/.proof/title-edit/web-persisted.png	31310	31310	b214ecbc58fd876409c5f6e98503db3936d32c26120e0cdc7438e96077b7180a	b214ecbc58fd876409c5f6e98503db3936d32c26120e0cdc7438e96077b7180a	none	b214ecbc58fd876409c5f6e98503db3936d32c26120e0cdc7438e96077b7180a	b214ecbc58fd876409c5f6e98503db3936d32c26120e0cdc7438e96077b7180a	none	project	round-1-feature/retention.json
round-1-feature/delivered/README.md	examples/foundation/.proof/delivery-2a973c5/round-1-feature/delivered/README.md	9653	9653	0773d22018948946391712250b072bac2afb730a5c91e4a1c570edfa7f835f18	0773d22018948946391712250b072bac2afb730a5c91e4a1c570edfa7f835f18	none	0773d22018948946391712250b072bac2afb730a5c91e4a1c570edfa7f835f18	0773d22018948946391712250b072bac2afb730a5c91e4a1c570edfa7f835f18	none	project	round-1-feature/retention.json
round-1-feature/delivered/apps/mcp-ui/index.html	examples/foundation/.proof/delivery-2a973c5/round-1-feature/delivered/apps/mcp-ui/index.html	295	295	94fe15c034fde9461e7c54c4bbb6e13eceb9bc5ba6305cafa4a7ef146aa4a82e	94fe15c034fde9461e7c54c4bbb6e13eceb9bc5ba6305cafa4a7ef146aa4a82e	none	94fe15c034fde9461e7c54c4bbb6e13eceb9bc5ba6305cafa4a7ef146aa4a82e	94fe15c034fde9461e7c54c4bbb6e13eceb9bc5ba6305cafa4a7ef146aa4a82e	none	project	round-1-feature/retention.json
round-1-feature/delivered/apps/mcp-ui/package.json	examples/foundation/.proof/delivery-2a973c5/round-1-feature/delivered/apps/mcp-ui/package.json	446	446	ad665bb56b8ee65c856b1bdcd6c88c8f33cd36f2df2c40e7e12872a9592f5f06	ad665bb56b8ee65c856b1bdcd6c88c8f33cd36f2df2c40e7e12872a9592f5f06	none	ad665bb56b8ee65c856b1bdcd6c88c8f33cd36f2df2c40e7e12872a9592f5f06	ad665bb56b8ee65c856b1bdcd6c88c8f33cd36f2df2c40e7e12872a9592f5f06	none	project	round-1-feature/retention.json
round-1-feature/delivered/apps/mcp-ui/src/main.tsx	examples/foundation/.proof/delivery-2a973c5/round-1-feature/delivered/apps/mcp-ui/src/main.tsx	5593	5593	97dd3c35aa605b8983daf0acf06ebe30dcd6aa05a5eabc1e04688b37cc64c37d	97dd3c35aa605b8983daf0acf06ebe30dcd6aa05a5eabc1e04688b37cc64c37d	none	97dd3c35aa605b8983daf0acf06ebe30dcd6aa05a5eabc1e04688b37cc64c37d	97dd3c35aa605b8983daf0acf06ebe30dcd6aa05a5eabc1e04688b37cc64c37d	none	project	round-1-feature/retention.json
round-1-feature/delivered/apps/mcp-ui/tsconfig.json	examples/foundation/.proof/delivery-2a973c5/round-1-feature/delivered/apps/mcp-ui/tsconfig.json	167	167	5e0bda48b8b922b60fd2156cd7b2ae77be6501767a0addb9daf2d2b7d6354e25	5e0bda48b8b922b60fd2156cd7b2ae77be6501767a0addb9daf2d2b7d6354e25	none	5e0bda48b8b922b60fd2156cd7b2ae77be6501767a0addb9daf2d2b7d6354e25	5e0bda48b8b922b60fd2156cd7b2ae77be6501767a0addb9daf2d2b7d6354e25	none	project	round-1-feature/retention.json
round-1-feature/delivered/apps/mcp-ui/vite.config.ts	examples/foundation/.proof/delivery-2a973c5/round-1-feature/delivered/apps/mcp-ui/vite.config.ts	264	264	2a55d4c288492c76c16e4093db62b199cd65e5849db0ba2d465127b0d9c694e1	2a55d4c288492c76c16e4093db62b199cd65e5849db0ba2d465127b0d9c694e1	none	2a55d4c288492c76c16e4093db62b199cd65e5849db0ba2d465127b0d9c694e1	2a55d4c288492c76c16e4093db62b199cd65e5849db0ba2d465127b0d9c694e1	none	project	round-1-feature/retention.json
round-1-feature/delivered/apps/web/.env.example	examples/foundation/.proof/delivery-2a973c5/round-1-feature/delivered/apps/web/.env.example	275	275	b0a0ce4f487271efc054bfed28174b7ca284096bb0b551aacc84d2b128720096	b0a0ce4f487271efc054bfed28174b7ca284096bb0b551aacc84d2b128720096	none	b0a0ce4f487271efc054bfed28174b7ca284096bb0b551aacc84d2b128720096	b0a0ce4f487271efc054bfed28174b7ca284096bb0b551aacc84d2b128720096	none	project	round-1-feature/retention.json
round-1-feature/delivered/apps/web/index.html	examples/foundation/.proof/delivery-2a973c5/round-1-feature/delivered/apps/web/index.html	295	295	94fe15c034fde9461e7c54c4bbb6e13eceb9bc5ba6305cafa4a7ef146aa4a82e	94fe15c034fde9461e7c54c4bbb6e13eceb9bc5ba6305cafa4a7ef146aa4a82e	none	94fe15c034fde9461e7c54c4bbb6e13eceb9bc5ba6305cafa4a7ef146aa4a82e	94fe15c034fde9461e7c54c4bbb6e13eceb9bc5ba6305cafa4a7ef146aa4a82e	none	project	round-1-feature/retention.json
round-1-feature/delivered/apps/web/package.json	examples/foundation/.proof/delivery-2a973c5/round-1-feature/delivered/apps/web/package.json	620	620	3ffd23e1a624defe1b6b33f3c2516038e74a623341d3fe74fa68ed540412ae11	3ffd23e1a624defe1b6b33f3c2516038e74a623341d3fe74fa68ed540412ae11	none	3ffd23e1a624defe1b6b33f3c2516038e74a623341d3fe74fa68ed540412ae11	3ffd23e1a624defe1b6b33f3c2516038e74a623341d3fe74fa68ed540412ae11	none	project	round-1-feature/retention.json
round-1-feature/delivered/apps/web/src/main.tsx	examples/foundation/.proof/delivery-2a973c5/round-1-feature/delivered/apps/web/src/main.tsx	2812	2812	d35db9680fea6c3ce2082d6d9e391b1c3dfe22db5968b28ba2da8da0d76cf9be	d35db9680fea6c3ce2082d6d9e391b1c3dfe22db5968b28ba2da8da0d76cf9be	none	d35db9680fea6c3ce2082d6d9e391b1c3dfe22db5968b28ba2da8da0d76cf9be	d35db9680fea6c3ce2082d6d9e391b1c3dfe22db5968b28ba2da8da0d76cf9be	none	project	round-1-feature/retention.json
round-1-feature/delivered/apps/web/src/router.tsx	examples/foundation/.proof/delivery-2a973c5/round-1-feature/delivered/apps/web/src/router.tsx	720	720	d53d6c942972eff2e39f9e9bddaecd54e8210dccf36c86ffd4d2ae239f363798	d53d6c942972eff2e39f9e9bddaecd54e8210dccf36c86ffd4d2ae239f363798	none	d53d6c942972eff2e39f9e9bddaecd54e8210dccf36c86ffd4d2ae239f363798	d53d6c942972eff2e39f9e9bddaecd54e8210dccf36c86ffd4d2ae239f363798	none	project	round-1-feature/retention.json
round-1-feature/delivered/apps/web/src/work-items.tsx	examples/foundation/.proof/delivery-2a973c5/round-1-feature/delivered/apps/web/src/work-items.tsx	9979	9979	c6316b10490023c98cb70b9ceb0360b5e56079cfdf6a5174ae905567e0435a47	c6316b10490023c98cb70b9ceb0360b5e56079cfdf6a5174ae905567e0435a47	none	c6316b10490023c98cb70b9ceb0360b5e56079cfdf6a5174ae905567e0435a47	c6316b10490023c98cb70b9ceb0360b5e56079cfdf6a5174ae905567e0435a47	none	project	round-1-feature/retention.json
round-1-feature/delivered/apps/web/tsconfig.json	examples/foundation/.proof/delivery-2a973c5/round-1-feature/delivered/apps/web/tsconfig.json	167	167	5e0bda48b8b922b60fd2156cd7b2ae77be6501767a0addb9daf2d2b7d6354e25	5e0bda48b8b922b60fd2156cd7b2ae77be6501767a0addb9daf2d2b7d6354e25	none	5e0bda48b8b922b60fd2156cd7b2ae77be6501767a0addb9daf2d2b7d6354e25	5e0bda48b8b922b60fd2156cd7b2ae77be6501767a0addb9daf2d2b7d6354e25	none	project	round-1-feature/retention.json
round-1-feature/delivered/apps/web/vite.config.ts	examples/foundation/.proof/delivery-2a973c5/round-1-feature/delivered/apps/web/vite.config.ts	186	186	c536b6cd2d08f8c39877d1fffeba7feed91a23f288582a98547f294ab4c609d1	c536b6cd2d08f8c39877d1fffeba7feed91a23f288582a98547f294ab4c609d1	none	c536b6cd2d08f8c39877d1fffeba7feed91a23f288582a98547f294ab4c609d1	c536b6cd2d08f8c39877d1fffeba7feed91a23f288582a98547f294ab4c609d1	none	project	round-1-feature/retention.json
round-1-feature/delivered/bun.lock	examples/foundation/.proof/delivery-2a973c5/round-1-feature/delivered/bun.lock	171715	171715	1ed2f09c0b4b4dbd5864f39dbde996958ea6cf2f17bfb33cef64586236d78034	1ed2f09c0b4b4dbd5864f39dbde996958ea6cf2f17bfb33cef64586236d78034	none	1ed2f09c0b4b4dbd5864f39dbde996958ea6cf2f17bfb33cef64586236d78034	1ed2f09c0b4b4dbd5864f39dbde996958ea6cf2f17bfb33cef64586236d78034	none	project	round-1-feature/retention.json
round-1-feature/delivered/eslint.config.mjs	examples/foundation/.proof/delivery-2a973c5/round-1-feature/delivered/eslint.config.mjs	56	56	ffe4ebb5a5c522749f8242d2e16ad3bb46a241e862684891301e831f912cba08	ffe4ebb5a5c522749f8242d2e16ad3bb46a241e862684891301e831f912cba08	none	ffe4ebb5a5c522749f8242d2e16ad3bb46a241e862684891301e831f912cba08	ffe4ebb5a5c522749f8242d2e16ad3bb46a241e862684891301e831f912cba08	none	project	round-1-feature/retention.json
round-1-feature/delivered/lint-staged.config.mjs	examples/foundation/.proof/delivery-2a973c5/round-1-feature/delivered/lint-staged.config.mjs	209	209	81c09831a1333b8058aa111e906125e42bb9e5759f17c62318c21d62225bce00	81c09831a1333b8058aa111e906125e42bb9e5759f17c62318c21d62225bce00	none	81c09831a1333b8058aa111e906125e42bb9e5759f17c62318c21d62225bce00	81c09831a1333b8058aa111e906125e42bb9e5759f17c62318c21d62225bce00	none	project	round-1-feature/retention.json
round-1-feature/delivered/package.json	examples/foundation/.proof/delivery-2a973c5/round-1-feature/delivered/package.json	2189	2189	7c7db212cb2107c0c0e6ee3bc81cc0d8cc894aa25afd35b6df5e21046de9ddcf	7c7db212cb2107c0c0e6ee3bc81cc0d8cc894aa25afd35b6df5e21046de9ddcf	none	7c7db212cb2107c0c0e6ee3bc81cc0d8cc894aa25afd35b6df5e21046de9ddcf	7c7db212cb2107c0c0e6ee3bc81cc0d8cc894aa25afd35b6df5e21046de9ddcf	none	project	round-1-feature/retention.json
round-1-feature/delivered/packages/backend/.env.example	examples/foundation/.proof/delivery-2a973c5/round-1-feature/delivered/packages/backend/.env.example	200	200	b8ae67eee31602ab2897a2ff95082c6bd88181efc7a4fb3bbdd4e90fb6f708f8	b8ae67eee31602ab2897a2ff95082c6bd88181efc7a4fb3bbdd4e90fb6f708f8	none	b8ae67eee31602ab2897a2ff95082c6bd88181efc7a4fb3bbdd4e90fb6f708f8	b8ae67eee31602ab2897a2ff95082c6bd88181efc7a4fb3bbdd4e90fb6f708f8	none	project	round-1-feature/retention.json
round-1-feature/delivered/packages/backend/.gitignore	examples/foundation/.proof/delivery-2a973c5/round-1-feature/delivered/packages/backend/.gitignore	12	12	c1be9a7b83075864153509fa626722510fd2507fe18e4548a4a89e11023048ea	c1be9a7b83075864153509fa626722510fd2507fe18e4548a4a89e11023048ea	none	c1be9a7b83075864153509fa626722510fd2507fe18e4548a4a89e11023048ea	c1be9a7b83075864153509fa626722510fd2507fe18e4548a4a89e11023048ea	none	project	round-1-feature/retention.json
round-1-feature/delivered/packages/backend/convex.json	examples/foundation/.proof/delivery-2a973c5/round-1-feature/delivered/packages/backend/convex.json	135	135	fa3e766ef4d424da2f57361dca5369f073981fac42dd0a4e4641d8867faf51f3	fa3e766ef4d424da2f57361dca5369f073981fac42dd0a4e4641d8867faf51f3	none	fa3e766ef4d424da2f57361dca5369f073981fac42dd0a4e4641d8867faf51f3	fa3e766ef4d424da2f57361dca5369f073981fac42dd0a4e4641d8867faf51f3	none	project	round-1-feature/retention.json
round-1-feature/delivered/packages/backend/convex/_generated/api.ts	examples/foundation/.proof/delivery-2a973c5/round-1-feature/delivered/packages/backend/convex/_generated/api.ts	1400	1400	b51f59d5f03959d7978ef51ce4bb1918d5e966fcfd6c3510fe5847b65c11fbd2	b51f59d5f03959d7978ef51ce4bb1918d5e966fcfd6c3510fe5847b65c11fbd2	none	b51f59d5f03959d7978ef51ce4bb1918d5e966fcfd6c3510fe5847b65c11fbd2	b51f59d5f03959d7978ef51ce4bb1918d5e966fcfd6c3510fe5847b65c11fbd2	none	project	round-1-feature/retention.json
round-1-feature/delivered/packages/backend/convex/_generated/dataModel.ts	examples/foundation/.proof/delivery-2a973c5/round-1-feature/delivered/packages/backend/convex/_generated/dataModel.ts	1736	1736	db177073d16a4393c7a96bcdc3a2a904e88c2432d54d138ca7715cc431982c17	db177073d16a4393c7a96bcdc3a2a904e88c2432d54d138ca7715cc431982c17	none	db177073d16a4393c7a96bcdc3a2a904e88c2432d54d138ca7715cc431982c17	db177073d16a4393c7a96bcdc3a2a904e88c2432d54d138ca7715cc431982c17	none	project	round-1-feature/retention.json
round-1-feature/delivered/packages/backend/convex/_generated/server.ts	examples/foundation/.proof/delivery-2a973c5/round-1-feature/delivered/packages/backend/convex/_generated/server.ts	6349	6349	4ef510cd49241e28128a9a462daadaa9743c628f3df5c2a3fa4ad3c9af6b9cc4	4ef510cd49241e28128a9a462daadaa9743c628f3df5c2a3fa4ad3c9af6b9cc4	none	4ef510cd49241e28128a9a462daadaa9743c628f3df5c2a3fa4ad3c9af6b9cc4	4ef510cd49241e28128a9a462daadaa9743c628f3df5c2a3fa4ad3c9af6b9cc4	none	project	round-1-feature/retention.json
round-1-feature/delivered/packages/backend/convex/auth.config.ts	examples/foundation/.proof/delivery-2a973c5/round-1-feature/delivered/packages/backend/convex/auth.config.ts	2331	2331	d6881c29a3b941cf0d2ad3e59d4eb26d4804c5731d5b09d4ff4035aa37edd123	d6881c29a3b941cf0d2ad3e59d4eb26d4804c5731d5b09d4ff4035aa37edd123	none	d6881c29a3b941cf0d2ad3e59d4eb26d4804c5731d5b09d4ff4035aa37edd123	d6881c29a3b941cf0d2ad3e59d4eb26d4804c5731d5b09d4ff4035aa37edd123	none	project	round-1-feature/retention.json
round-1-feature/delivered/packages/backend/convex/http.ts	examples/foundation/.proof/delivery-2a973c5/round-1-feature/delivered/packages/backend/convex/http.ts	5047	5047	29d52f06c182108924650627a0c07532b58deac43092827fd2a6e77663e3a434	29d52f06c182108924650627a0c07532b58deac43092827fd2a6e77663e3a434	none	f7a33e2c070ec9cd4431835917a6fd672fd5b5390f636b06c41d3a6beb1315df	29d52f06c182108924650627a0c07532b58deac43092827fd2a6e77663e3a434	credential-redaction	project	round-1-feature/retention.json
round-1-feature/delivered/packages/backend/convex/lib/identity.ts	examples/foundation/.proof/delivery-2a973c5/round-1-feature/delivered/packages/backend/convex/lib/identity.ts	1287	1287	c07154240f019b4a4dafb1514ed4194c6e8479b9f69251c4d4d3c27252fe53da	c07154240f019b4a4dafb1514ed4194c6e8479b9f69251c4d4d3c27252fe53da	none	c07154240f019b4a4dafb1514ed4194c6e8479b9f69251c4d4d3c27252fe53da	c07154240f019b4a4dafb1514ed4194c6e8479b9f69251c4d4d3c27252fe53da	none	project	round-1-feature/retention.json
round-1-feature/delivered/packages/backend/convex/lib/mcp.ts	examples/foundation/.proof/delivery-2a973c5/round-1-feature/delivered/packages/backend/convex/lib/mcp.ts	5441	5441	73fde1b8ec8a9a32e7d3795364c0ecbd10770105e6fac28e9c9b72e8f2b69b5d	73fde1b8ec8a9a32e7d3795364c0ecbd10770105e6fac28e9c9b72e8f2b69b5d	none	73fde1b8ec8a9a32e7d3795364c0ecbd10770105e6fac28e9c9b72e8f2b69b5d	73fde1b8ec8a9a32e7d3795364c0ecbd10770105e6fac28e9c9b72e8f2b69b5d	none	project	round-1-feature/retention.json
round-1-feature/delivered/packages/backend/convex/schema.ts	examples/foundation/.proof/delivery-2a973c5/round-1-feature/delivered/packages/backend/convex/schema.ts	296	296	dbb8465c66ac2b6b16cd4029797c4a9d2d618c6ebefbfb61820d24e780ea3298	dbb8465c66ac2b6b16cd4029797c4a9d2d618c6ebefbfb61820d24e780ea3298	none	dbb8465c66ac2b6b16cd4029797c4a9d2d618c6ebefbfb61820d24e780ea3298	dbb8465c66ac2b6b16cd4029797c4a9d2d618c6ebefbfb61820d24e780ea3298	none	project	round-1-feature/retention.json
round-1-feature/delivered/packages/backend/convex/tsconfig.json	examples/foundation/.proof/delivery-2a973c5/round-1-feature/delivered/packages/backend/convex/tsconfig.json	223	223	94563947ccb3f355ca83a8bb6b85632d6d77a5de9864c973eabeb3dc6a3b68a0	94563947ccb3f355ca83a8bb6b85632d6d77a5de9864c973eabeb3dc6a3b68a0	none	94563947ccb3f355ca83a8bb6b85632d6d77a5de9864c973eabeb3dc6a3b68a0	94563947ccb3f355ca83a8bb6b85632d6d77a5de9864c973eabeb3dc6a3b68a0	none	project	round-1-feature/retention.json
round-1-feature/delivered/packages/backend/convex/workItems.ts	examples/foundation/.proof/delivery-2a973c5/round-1-feature/delivered/packages/backend/convex/workItems.ts	3096	3096	7ddad640dd9c89790df4ceb14d3685ef5665d9b4941c4fdf91e3870cbdfd0ea4	7ddad640dd9c89790df4ceb14d3685ef5665d9b4941c4fdf91e3870cbdfd0ea4	none	7ddad640dd9c89790df4ceb14d3685ef5665d9b4941c4fdf91e3870cbdfd0ea4	7ddad640dd9c89790df4ceb14d3685ef5665d9b4941c4fdf91e3870cbdfd0ea4	none	project	round-1-feature/retention.json
round-1-feature/delivered/packages/backend/package.json	examples/foundation/.proof/delivery-2a973c5/round-1-feature/delivered/packages/backend/package.json	580	580	31b5657d4efecc5dfa7ba55e3d1b88a366950649e1b40e407808888a7c40b655	31b5657d4efecc5dfa7ba55e3d1b88a366950649e1b40e407808888a7c40b655	none	31b5657d4efecc5dfa7ba55e3d1b88a366950649e1b40e407808888a7c40b655	31b5657d4efecc5dfa7ba55e3d1b88a366950649e1b40e407808888a7c40b655	none	project	round-1-feature/retention.json
round-1-feature/delivered/packages/backend/tsconfig.json	examples/foundation/.proof/delivery-2a973c5/round-1-feature/delivered/packages/backend/tsconfig.json	128	128	4fd3e7337d33f357829d7bb17c24e8c46c5bed068caac3035f7703320a8a5f27	4fd3e7337d33f357829d7bb17c24e8c46c5bed068caac3035f7703320a8a5f27	none	4fd3e7337d33f357829d7bb17c24e8c46c5bed068caac3035f7703320a8a5f27	4fd3e7337d33f357829d7bb17c24e8c46c5bed068caac3035f7703320a8a5f27	none	project	round-1-feature/retention.json
round-1-feature/delivered/packages/config/eslint.mjs	examples/foundation/.proof/delivery-2a973c5/round-1-feature/delivered/packages/config/eslint.mjs	6543	6543	37ab4a3ca105bb08cea6e4c78c94c5994114a1212b73a322975fea90df0a7bbf	37ab4a3ca105bb08cea6e4c78c94c5994114a1212b73a322975fea90df0a7bbf	none	37ab4a3ca105bb08cea6e4c78c94c5994114a1212b73a322975fea90df0a7bbf	37ab4a3ca105bb08cea6e4c78c94c5994114a1212b73a322975fea90df0a7bbf	none	project	round-1-feature/retention.json
round-1-feature/delivered/packages/config/package.json	examples/foundation/.proof/delivery-2a973c5/round-1-feature/delivered/packages/config/package.json	226	226	a4f44539cae3b8097d700d6c2103b1789695a95cb7212d1725c0c7a4a8f10050	a4f44539cae3b8097d700d6c2103b1789695a95cb7212d1725c0c7a4a8f10050	none	a4f44539cae3b8097d700d6c2103b1789695a95cb7212d1725c0c7a4a8f10050	a4f44539cae3b8097d700d6c2103b1789695a95cb7212d1725c0c7a4a8f10050	none	project	round-1-feature/retention.json
round-1-feature/delivered/packages/config/typescript.json	examples/foundation/.proof/delivery-2a973c5/round-1-feature/delivered/packages/config/typescript.json	479	479	c30e08e49e06495f66993ffc8d55d0e48e9f0ac28d1ed8a105b5fb5cdd97ef09	c30e08e49e06495f66993ffc8d55d0e48e9f0ac28d1ed8a105b5fb5cdd97ef09	none	c30e08e49e06495f66993ffc8d55d0e48e9f0ac28d1ed8a105b5fb5cdd97ef09	c30e08e49e06495f66993ffc8d55d0e48e9f0ac28d1ed8a105b5fb5cdd97ef09	none	project	round-1-feature/retention.json
round-1-feature/delivered/packages/domain/package.json	examples/foundation/.proof/delivery-2a973c5/round-1-feature/delivered/packages/domain/package.json	259	259	6b38a411cf16da1daad0a07f6f0e5de738bd523b5d44525e58bc94f8bc13a8ac	6b38a411cf16da1daad0a07f6f0e5de738bd523b5d44525e58bc94f8bc13a8ac	none	6b38a411cf16da1daad0a07f6f0e5de738bd523b5d44525e58bc94f8bc13a8ac	6b38a411cf16da1daad0a07f6f0e5de738bd523b5d44525e58bc94f8bc13a8ac	none	project	round-1-feature/retention.json
round-1-feature/delivered/packages/domain/src/index.ts	examples/foundation/.proof/delivery-2a973c5/round-1-feature/delivered/packages/domain/src/index.ts	650	650	5b1e707a9bdab248b40f1414a646c96d3d2fc9651b363bee3d6c1d657d200479	5b1e707a9bdab248b40f1414a646c96d3d2fc9651b363bee3d6c1d657d200479	none	5b1e707a9bdab248b40f1414a646c96d3d2fc9651b363bee3d6c1d657d200479	5b1e707a9bdab248b40f1414a646c96d3d2fc9651b363bee3d6c1d657d200479	none	project	round-1-feature/retention.json
round-1-feature/delivered/packages/domain/tsconfig.json	examples/foundation/.proof/delivery-2a973c5/round-1-feature/delivered/packages/domain/tsconfig.json	72	72	9f05a0b0992a69d35ccfd30a7341d9c36fc7eaefb1634d54d6a92030ab4906a4	9f05a0b0992a69d35ccfd30a7341d9c36fc7eaefb1634d54d6a92030ab4906a4	none	9f05a0b0992a69d35ccfd30a7341d9c36fc7eaefb1634d54d6a92030ab4906a4	9f05a0b0992a69d35ccfd30a7341d9c36fc7eaefb1634d54d6a92030ab4906a4	none	project	round-1-feature/retention.json
round-1-feature/delivered/packages/ui/.storybook/main.ts	examples/foundation/.proof/delivery-2a973c5/round-1-feature/delivered/packages/ui/.storybook/main.ts	370	370	5e7138e85e2d936a889a4d9fc83a60343a58adc8ac1378253af4f34de94ca452	5e7138e85e2d936a889a4d9fc83a60343a58adc8ac1378253af4f34de94ca452	none	5e7138e85e2d936a889a4d9fc83a60343a58adc8ac1378253af4f34de94ca452	5e7138e85e2d936a889a4d9fc83a60343a58adc8ac1378253af4f34de94ca452	none	project	round-1-feature/retention.json
round-1-feature/delivered/packages/ui/package.json	examples/foundation/.proof/delivery-2a973c5/round-1-feature/delivered/packages/ui/package.json	571	571	7d0dacda9d20b8cb71adaf6c7fb60d01c081db8d7121ca2a97ea275785b9dd01	7d0dacda9d20b8cb71adaf6c7fb60d01c081db8d7121ca2a97ea275785b9dd01	none	7d0dacda9d20b8cb71adaf6c7fb60d01c081db8d7121ca2a97ea275785b9dd01	7d0dacda9d20b8cb71adaf6c7fb60d01c081db8d7121ca2a97ea275785b9dd01	none	project	round-1-feature/retention.json
round-1-feature/delivered/packages/ui/src/WorkItemList.stories.tsx	examples/foundation/.proof/delivery-2a973c5/round-1-feature/delivered/packages/ui/src/WorkItemList.stories.tsx	923	923	79f4c291080cfb362a11444d709fa6a455240f17e8d33e02d29f244a91b99702	79f4c291080cfb362a11444d709fa6a455240f17e8d33e02d29f244a91b99702	none	79f4c291080cfb362a11444d709fa6a455240f17e8d33e02d29f244a91b99702	79f4c291080cfb362a11444d709fa6a455240f17e8d33e02d29f244a91b99702	none	project	round-1-feature/retention.json
round-1-feature/delivered/packages/ui/src/index.tsx	examples/foundation/.proof/delivery-2a973c5/round-1-feature/delivered/packages/ui/src/index.tsx	3238	3238	6feb77789976ac173485a80d14e4267efca2b7d6e6e80261eaea04d238fa5118	6feb77789976ac173485a80d14e4267efca2b7d6e6e80261eaea04d238fa5118	none	6feb77789976ac173485a80d14e4267efca2b7d6e6e80261eaea04d238fa5118	6feb77789976ac173485a80d14e4267efca2b7d6e6e80261eaea04d238fa5118	none	project	round-1-feature/retention.json
round-1-feature/delivered/packages/ui/src/styles.css	examples/foundation/.proof/delivery-2a973c5/round-1-feature/delivered/packages/ui/src/styles.css	4212	4212	ea6ca765ca84212b958ede5bf5bbb00812474057f2305955942a2ddbe0def070	ea6ca765ca84212b958ede5bf5bbb00812474057f2305955942a2ddbe0def070	none	ea6ca765ca84212b958ede5bf5bbb00812474057f2305955942a2ddbe0def070	ea6ca765ca84212b958ede5bf5bbb00812474057f2305955942a2ddbe0def070	none	project	round-1-feature/retention.json
round-1-feature/delivered/packages/ui/src/styles.d.ts	examples/foundation/.proof/delivery-2a973c5/round-1-feature/delivered/packages/ui/src/styles.d.ts	24	24	da5bf71d48cf909584a01c80b445f730507068f5b34c920f352e2bfcf0315e4c	da5bf71d48cf909584a01c80b445f730507068f5b34c920f352e2bfcf0315e4c	none	da5bf71d48cf909584a01c80b445f730507068f5b34c920f352e2bfcf0315e4c	da5bf71d48cf909584a01c80b445f730507068f5b34c920f352e2bfcf0315e4c	none	project	round-1-feature/retention.json
round-1-feature/delivered/packages/ui/tsconfig.json	examples/foundation/.proof/delivery-2a973c5/round-1-feature/delivered/packages/ui/tsconfig.json	181	181	d196a02fc942af46994f25a0e87b7cb14782e9412148b0a3e356887e615a8265	d196a02fc942af46994f25a0e87b7cb14782e9412148b0a3e356887e615a8265	none	d196a02fc942af46994f25a0e87b7cb14782e9412148b0a3e356887e615a8265	d196a02fc942af46994f25a0e87b7cb14782e9412148b0a3e356887e615a8265	none	project	round-1-feature/retention.json
round-1-feature/delivered/scripts/check.ts	examples/foundation/.proof/delivery-2a973c5/round-1-feature/delivered/scripts/check.ts	4480	4480	9c3cd5de3158b763735ec46563ed24aeecd6d516505e48f18750882e0c02ac68	9c3cd5de3158b763735ec46563ed24aeecd6d516505e48f18750882e0c02ac68	none	9c3cd5de3158b763735ec46563ed24aeecd6d516505e48f18750882e0c02ac68	9c3cd5de3158b763735ec46563ed24aeecd6d516505e48f18750882e0c02ac68	none	project	round-1-feature/retention.json
round-1-feature/delivered/scripts/embed-ui.ts	examples/foundation/.proof/delivery-2a973c5/round-1-feature/delivered/scripts/embed-ui.ts	572	572	8d56596ecc114a462c188bbecb4fbb8e61443bf2bbac8c1939dfc1a841b17e9b	8d56596ecc114a462c188bbecb4fbb8e61443bf2bbac8c1939dfc1a841b17e9b	none	8d56596ecc114a462c188bbecb4fbb8e61443bf2bbac8c1939dfc1a841b17e9b	8d56596ecc114a462c188bbecb4fbb8e61443bf2bbac8c1939dfc1a841b17e9b	none	project	round-1-feature/retention.json
round-1-feature/delivered/scripts/enforcement.ts	examples/foundation/.proof/delivery-2a973c5/round-1-feature/delivered/scripts/enforcement.ts	5942	5942	87cf27f64208be19c709ca571abaa5264bd692aa2b755a58906dc5580bd96ce5	87cf27f64208be19c709ca571abaa5264bd692aa2b755a58906dc5580bd96ce5	none	87cf27f64208be19c709ca571abaa5264bd692aa2b755a58906dc5580bd96ce5	87cf27f64208be19c709ca571abaa5264bd692aa2b755a58906dc5580bd96ce5	none	project	round-1-feature/retention.json
round-1-feature/delivered/scripts/http-transport.ts	examples/foundation/.proof/delivery-2a973c5/round-1-feature/delivered/scripts/http-transport.ts	1383	1383	85ef0e5caad04b0f014acb7471208eea113f29bcaadce0a2d9a13a27a4851289	85ef0e5caad04b0f014acb7471208eea113f29bcaadce0a2d9a13a27a4851289	none	85ef0e5caad04b0f014acb7471208eea113f29bcaadce0a2d9a13a27a4851289	85ef0e5caad04b0f014acb7471208eea113f29bcaadce0a2d9a13a27a4851289	none	project	round-1-feature/retention.json
round-1-feature/delivered/scripts/install-hooks.ts	examples/foundation/.proof/delivery-2a973c5/round-1-feature/delivered/scripts/install-hooks.ts	5553	5553	f243b8720f3fdd779b8374178d8f4eeb7dcd014eb65136972ab6d46f2b5f994b	f243b8720f3fdd779b8374178d8f4eeb7dcd014eb65136972ab6d46f2b5f994b	none	f243b8720f3fdd779b8374178d8f4eeb7dcd014eb65136972ab6d46f2b5f994b	f243b8720f3fdd779b8374178d8f4eeb7dcd014eb65136972ab6d46f2b5f994b	none	project	round-1-feature/retention.json
round-1-feature/delivered/scripts/mcp-host-browser.ts	examples/foundation/.proof/delivery-2a973c5/round-1-feature/delivered/scripts/mcp-host-browser.ts	7093	7093	686bef7d89f8198b86cee7a1d8b41407fbde7cb5e71e86f35cd0553484a6a03e	686bef7d89f8198b86cee7a1d8b41407fbde7cb5e71e86f35cd0553484a6a03e	none	686bef7d89f8198b86cee7a1d8b41407fbde7cb5e71e86f35cd0553484a6a03e	686bef7d89f8198b86cee7a1d8b41407fbde7cb5e71e86f35cd0553484a6a03e	none	project	round-1-feature/retention.json
round-1-feature/delivered/scripts/mcp-host.ts	examples/foundation/.proof/delivery-2a973c5/round-1-feature/delivered/scripts/mcp-host.ts	2901	2901	b09829d7958d5faa4ecb9e4f2adf62b956b4007e0bcf2cf09ef4780b073f8958	b09829d7958d5faa4ecb9e4f2adf62b956b4007e0bcf2cf09ef4780b073f8958	none	b09829d7958d5faa4ecb9e4f2adf62b956b4007e0bcf2cf09ef4780b073f8958	b09829d7958d5faa4ecb9e4f2adf62b956b4007e0bcf2cf09ef4780b073f8958	none	project	round-1-feature/retention.json
round-1-feature/delivered/scripts/prepare-check.ts	examples/foundation/.proof/delivery-2a973c5/round-1-feature/delivered/scripts/prepare-check.ts	406	406	347f97d470d664397c7a3b0258fb5885858b4fb4e6c43b89e248432a8c1457ff	347f97d470d664397c7a3b0258fb5885858b4fb4e6c43b89e248432a8c1457ff	none	347f97d470d664397c7a3b0258fb5885858b4fb4e6c43b89e248432a8c1457ff	347f97d470d664397c7a3b0258fb5885858b4fb4e6c43b89e248432a8c1457ff	none	project	round-1-feature/retention.json
round-1-feature/delivered/scripts/readiness.ts	examples/foundation/.proof/delivery-2a973c5/round-1-feature/delivered/scripts/readiness.ts	36358	36358	0de74fbffba3ae963bedb2cef9af0c673c34c5eabc3e6a7e9670d8cb38549ee5	0de74fbffba3ae963bedb2cef9af0c673c34c5eabc3e6a7e9670d8cb38549ee5	none	0de74fbffba3ae963bedb2cef9af0c673c34c5eabc3e6a7e9670d8cb38549ee5	0de74fbffba3ae963bedb2cef9af0c673c34c5eabc3e6a7e9670d8cb38549ee5	none	project	round-1-feature/retention.json
round-1-feature/delivered/scripts/runtime.ts	examples/foundation/.proof/delivery-2a973c5/round-1-feature/delivered/scripts/runtime.ts	13722	13722	cd21060931e9a9955e8340623fbc63371de9c96620e298641ab18edfd7dee228	cd21060931e9a9955e8340623fbc63371de9c96620e298641ab18edfd7dee228	none	cd21060931e9a9955e8340623fbc63371de9c96620e298641ab18edfd7dee228	cd21060931e9a9955e8340623fbc63371de9c96620e298641ab18edfd7dee228	none	project	round-1-feature/retention.json
round-1-feature/delivered/scripts/source-identity.ts	examples/foundation/.proof/delivery-2a973c5/round-1-feature/delivered/scripts/source-identity.ts	1553	1553	74dee120839a291c38c7e0982747441e1617cd2264dfb9683f6df3574656fe8a	74dee120839a291c38c7e0982747441e1617cd2264dfb9683f6df3574656fe8a	none	74dee120839a291c38c7e0982747441e1617cd2264dfb9683f6df3574656fe8a	74dee120839a291c38c7e0982747441e1617cd2264dfb9683f6df3574656fe8a	none	project	round-1-feature/retention.json
round-1-feature/delivered/scripts/trials.ts	examples/foundation/.proof/delivery-2a973c5/round-1-feature/delivered/scripts/trials.ts	52414	52414	723291a72a3cf646dfc911d90fe033c7c01b9eb7d6c6daa0bf6b52a5e1f6fd8e	723291a72a3cf646dfc911d90fe033c7c01b9eb7d6c6daa0bf6b52a5e1f6fd8e	none	723291a72a3cf646dfc911d90fe033c7c01b9eb7d6c6daa0bf6b52a5e1f6fd8e	723291a72a3cf646dfc911d90fe033c7c01b9eb7d6c6daa0bf6b52a5e1f6fd8e	none	project	round-1-feature/retention.json
round-1-feature/delivered/tests/domain.test.ts	examples/foundation/.proof/delivery-2a973c5/round-1-feature/delivered/tests/domain.test.ts	720	720	1f944425bc0b6538246fd90b2b13d3ea87db0d9271befff106c68bc748d58dc7	1f944425bc0b6538246fd90b2b13d3ea87db0d9271befff106c68bc748d58dc7	none	1f944425bc0b6538246fd90b2b13d3ea87db0d9271befff106c68bc748d58dc7	1f944425bc0b6538246fd90b2b13d3ea87db0d9271befff106c68bc748d58dc7	none	project	round-1-feature/retention.json
round-1-feature/delivered/tests/proof-policy.test.ts	examples/foundation/.proof/delivery-2a973c5/round-1-feature/delivered/tests/proof-policy.test.ts	9088	9088	687a123fbf358830938718fcf354ed4bdaa372f5a81d852fb8d0139810bf72a9	687a123fbf358830938718fcf354ed4bdaa372f5a81d852fb8d0139810bf72a9	none	cf003fc7b7a859435fa0a73dbbd5f122d3f00ca6e66a367d5e7863f5690d1175	687a123fbf358830938718fcf354ed4bdaa372f5a81d852fb8d0139810bf72a9	credential-redaction	project	round-1-feature/retention.json
round-1-feature/delivered/tests/provenance.test.ts	examples/foundation/.proof/delivery-2a973c5/round-1-feature/delivered/tests/provenance.test.ts	1385	1385	dd94880e1c05c48a8ae8f5f4f03c573e978b185f59cdd3a76e13f51495028fd2	dd94880e1c05c48a8ae8f5f4f03c573e978b185f59cdd3a76e13f51495028fd2	none	dd94880e1c05c48a8ae8f5f4f03c573e978b185f59cdd3a76e13f51495028fd2	dd94880e1c05c48a8ae8f5f4f03c573e978b185f59cdd3a76e13f51495028fd2	none	project	round-1-feature/retention.json
round-1-feature/delivered/tests/trials.test.ts	examples/foundation/.proof/delivery-2a973c5/round-1-feature/delivered/tests/trials.test.ts	38325	38325	1ad2dcedc818fd63ef4e8cb7e5634d1ebbbb324f70e8bf437ad11cf3f01e306c	1ad2dcedc818fd63ef4e8cb7e5634d1ebbbb324f70e8bf437ad11cf3f01e306c	none	2c2f109233cae27959f757ad38f8c7d2bbba886b3c0d8f836abd700cfb9896a0	1ad2dcedc818fd63ef4e8cb7e5634d1ebbbb324f70e8bf437ad11cf3f01e306c	credential-redaction	project	round-1-feature/retention.json
round-1-feature/delivered/tsconfig.json	examples/foundation/.proof/delivery-2a973c5/round-1-feature/delivered/tsconfig.json	255	255	4240a50aa7aac54aa69314488ca4ec20774566777d0ea914f03df46173f69ebd	4240a50aa7aac54aa69314488ca4ec20774566777d0ea914f03df46173f69ebd	none	4240a50aa7aac54aa69314488ca4ec20774566777d0ea914f03df46173f69ebd	4240a50aa7aac54aa69314488ca4ec20774566777d0ea914f03df46173f69ebd	none	project	round-1-feature/retention.json
round-1-feature/delivered/turbo.json	examples/foundation/.proof/delivery-2a973c5/round-1-feature/delivered/turbo.json	655	655	448cad77683c89e74ad9ed77a55cdd262ab03f86c15a668d3257cd9d354d3e03	448cad77683c89e74ad9ed77a55cdd262ab03f86c15a668d3257cd9d354d3e03	none	448cad77683c89e74ad9ed77a55cdd262ab03f86c15a668d3257cd9d354d3e03	448cad77683c89e74ad9ed77a55cdd262ab03f86c15a668d3257cd9d354d3e03	none	project	round-1-feature/retention.json
round-1-feature/retention.json	examples/foundation/.proof/delivery-2a973c5/round-1-feature/retention.json	32363	32363	1b57fcac0aa4d2ceb1fe264fbdd3d30e356b5f920171b588974d64b76c070f75	1b57fcac0aa4d2ceb1fe264fbdd3d30e356b5f920171b588974d64b76c070f75	none			none	saved-run-record	none
round-1-feature/review/events.jsonl	examples/foundation/.proof/delivery-2a973c5/round-1-feature/review/events.jsonl	263324	262843	b5b89f2cdad035566435f12c79bb5dae3a41d400ed068fdfa18969d457bfce43	3d2084ef62e2e6daed8e13e68a11dfd16b5525b6f2417086ad7c6365a9cb4899	host-user-prefix:137,macos-temporary-root:8	2020b18ac489fd1509e470bb36da695c70d02a9a54f06d0b108179b89469b141	b5b89f2cdad035566435f12c79bb5dae3a41d400ed068fdfa18969d457bfce43	credential-redaction	CLI-review	report.json
round-1-feature/review/final.json	examples/foundation/.proof/delivery-2a973c5/round-1-feature/review/final.json	4417	4416	d09a9a11dfe15525ba81c75d7f0655e36aada8c8d31cf232bcee7697a9a9da2e	134f57023336af6626944a4e11a38a95cdb9a6e30f7814cd19880f504db8161b	host-user-prefix:1	d09a9a11dfe15525ba81c75d7f0655e36aada8c8d31cf232bcee7697a9a9da2e	d09a9a11dfe15525ba81c75d7f0655e36aada8c8d31cf232bcee7697a9a9da2e	none	CLI-review	report.json
round-1-feature/review/prompt.txt	examples/foundation/.proof/delivery-2a973c5/round-1-feature/review/prompt.txt	9834	9713	4f4a115485e03a4a1b4c69a103a46365438536ad13d9b20468f247ebc08b10da	88e300afa6c00cb3a7f0967e15330c564c8c3fc1933ae7c774c684071554ea40	host-user-prefix:2,macos-temporary-root:3			none	saved-run-record	none
round-1-feature/review/schema.json	examples/foundation/.proof/delivery-2a973c5/round-1-feature/review/schema.json	2255	2255	8bd8c27669638fc084dfe40d134d5a9fd53a260ec0a67a31d1260ed528a1a250	8bd8c27669638fc084dfe40d134d5a9fd53a260ec0a67a31d1260ed528a1a250	none			none	saved-run-record	none
round-1-feature/review/stderr.log	examples/foundation/.proof/delivery-2a973c5/round-1-feature/review/stderr.log	1836	1833	fb6f58265df2755a64f220e138e8519c127f7304798a240e332bfa55912a1bf8	1e3043b3a4cf855da2bbfd44e1c31be0c31532206ff153e2d8eb03937b5ebd2b	host-user-prefix:3	fb6f58265df2755a64f220e138e8519c127f7304798a240e332bfa55912a1bf8	fb6f58265df2755a64f220e138e8519c127f7304798a240e332bfa55912a1bf8	none	CLI-review	report.json
round-1-feature/task.txt	examples/foundation/.proof/delivery-2a973c5/round-1-feature/task.txt	573	573	ac578083ddbcd1ac2d271389c7a35a517bab498c2dd9d9aa55019aec186c07cc	ac578083ddbcd1ac2d271389c7a35a517bab498c2dd9d9aa55019aec186c07cc	none			none	saved-run-record	none
round-1-feature/task/events.jsonl	examples/foundation/.proof/delivery-2a973c5/round-1-feature/task/events.jsonl	180393	179358	4b6c0adc9af2ad8ad826647ffee258181e509a974d8ad4d0f9da38ff7419a9c6	dc7cc673827f37a3fe31644347b5da9cf9755ce1bbe63fd94bc57c494a494472	macos-temporary-root:23	5a4c3569299f94a39df9ec4c8e68eeb086c4676b6edc55ecc90716a9a5bd0810	4b6c0adc9af2ad8ad826647ffee258181e509a974d8ad4d0f9da38ff7419a9c6	credential-redaction	CLI-task	report.json
round-1-feature/task/final.json	examples/foundation/.proof/delivery-2a973c5/round-1-feature/task/final.json	1154	1109	5a02ef072b8478dd215d2c475aee732d4f3b24990dfcc9daac1400f72a17689f	7acd80c55467108dd445e3e66bcd28e9b0e229ea7a61946b04deb6d133fc6766	macos-temporary-root:1	5a02ef072b8478dd215d2c475aee732d4f3b24990dfcc9daac1400f72a17689f	5a02ef072b8478dd215d2c475aee732d4f3b24990dfcc9daac1400f72a17689f	none	CLI-task	report.json
round-1-feature/task/prompt.txt	examples/foundation/.proof/delivery-2a973c5/round-1-feature/task/prompt.txt	1061	1061	3a3059c1ce7b9c01f1649a4fc858ce04cd95c78903749d86c9a6f6fac230a8e1	3a3059c1ce7b9c01f1649a4fc858ce04cd95c78903749d86c9a6f6fac230a8e1	none			none	saved-run-record	none
round-1-feature/task/schema.json	examples/foundation/.proof/delivery-2a973c5/round-1-feature/task/schema.json	745	745	09d88e02a278f8f9f9c9e73dfadc39517f75c9a27a230302ee897a6dada2275b	09d88e02a278f8f9f9c9e73dfadc39517f75c9a27a230302ee897a6dada2275b	none			none	saved-run-record	none
round-1-feature/task/stderr.log	examples/foundation/.proof/delivery-2a973c5/round-1-feature/task/stderr.log	1048	1046	d2178f84a196c251913ccf946601a8c239deadf1f7c03e21f36d6ef8c398545c	dc817f57e2a8c3d008a70f5ec7d31b31c342c91cee19a956f1157c23c2c6566f	host-user-prefix:2	d2178f84a196c251913ccf946601a8c239deadf1f7c03e21f36d6ef8c398545c	d2178f84a196c251913ccf946601a8c239deadf1f7c03e21f36d6ef8c398545c	none	CLI-task	report.json
round-2-bug/acceptance.json	examples/foundation/.proof/delivery-2a973c5/round-2-bug/acceptance.json	3838	3763	3960b051a89382b576755288d739615106ab352d8c4d2dd32f3a2e1def210c93	14dac88737e6bc2b3353dd1573cd2e160606c1cf61e6ffd49d1b884330a14740	host-user-prefix:1,macos-temporary-root:2			none	saved-run-record	none
round-2-bug/acceptance/command.log	examples/foundation/.proof/delivery-2a973c5/round-2-bug/acceptance/command.log	3152	3152	beac9adbdbef3063c9094ab86a683b637ea63abcca4b5587962900d46b0b42f9	beac9adbdbef3063c9094ab86a683b637ea63abcca4b5587962900d46b0b42f9	none			none	saved-run-record	none
round-2-bug/acceptance/mcp-app-host.png	examples/foundation/.proof/delivery-2a973c5/round-2-bug/acceptance/mcp-app-host.png	39005	39005	5b4eef3bb68e12f3a7b11b7bfa9fe83fdfec2ce3f6b69ab4048e0917f0f7f518	5b4eef3bb68e12f3a7b11b7bfa9fe83fdfec2ce3f6b69ab4048e0917f0f7f518	none			none	saved-run-record	none
round-2-bug/acceptance/mcp-host-observations.json	examples/foundation/.proof/delivery-2a973c5/round-2-bug/acceptance/mcp-host-observations.json	1412	1412	2ac6243a5b0ffdce9103d59bea0c9b747d8697d63dd14eaab281e46293fa88b7	2ac6243a5b0ffdce9103d59bea0c9b747d8697d63dd14eaab281e46293fa88b7	none			none	saved-run-record	none
round-2-bug/acceptance/report.json	examples/foundation/.proof/delivery-2a973c5/round-2-bug/acceptance/report.json	3152	3152	beac9adbdbef3063c9094ab86a683b637ea63abcca4b5587962900d46b0b42f9	beac9adbdbef3063c9094ab86a683b637ea63abcca4b5587962900d46b0b42f9	none			none	saved-run-record	none
round-2-bug/acceptance/runtime.log	examples/foundation/.proof/delivery-2a973c5/round-2-bug/acceptance/runtime.log	1884	1884	4ac7f34e5ecc6f8aec159ff628029152c84f988da38831eeaf83050921d33e91	4ac7f34e5ecc6f8aec159ff628029152c84f988da38831eeaf83050921d33e91	none			none	saved-run-record	none
round-2-bug/acceptance/web-persisted.png	examples/foundation/.proof/delivery-2a973c5/round-2-bug/acceptance/web-persisted.png	30807	30807	9c7d3e55a3feebb0f910178f5923fe2250f4e17779b786640746be57f3c7317c	9c7d3e55a3feebb0f910178f5923fe2250f4e17779b786640746be57f3c7317c	none			none	saved-run-record	none
round-2-bug/before/command.log	examples/foundation/.proof/delivery-2a973c5/round-2-bug/before/command.log	1790	1753	d085548291cf0905ee0c9ae9f48126d1f2706b9564e7f486a31fd9cb7dcf28a4	a12ee0a18cd282ab878d9b8636ddf0251054ce40295fc9204edfcefa4f918930	macos-temporary-root:1			none	saved-run-record	none
round-2-bug/before/report.json	examples/foundation/.proof/delivery-2a973c5/round-2-bug/before/report.json	1648	1648	49a9078d0d6bb33e8895a18838c923616ffc84cfae9438c08bba73146897a656	49a9078d0d6bb33e8895a18838c923616ffc84cfae9438c08bba73146897a656	none			none	saved-run-record	none
round-2-bug/before/runtime.log	examples/foundation/.proof/delivery-2a973c5/round-2-bug/before/runtime.log	1976	1976	f326159182ab795ab787ce7f2742520e8e72cea2ee4cd294ffaa1ba42315f27d	f326159182ab795ab787ce7f2742520e8e72cea2ee4cd294ffaa1ba42315f27d	none			none	saved-run-record	none
round-2-bug/change.diff	examples/foundation/.proof/delivery-2a973c5/round-2-bug/change.diff	15282	15282	502d1018c587181c23d9c12e5346c610e438dd895481b4bfc5ec4c0cddfc39da	502d1018c587181c23d9c12e5346c610e438dd895481b4bfc5ec4c0cddfc39da	none	502d1018c587181c23d9c12e5346c610e438dd895481b4bfc5ec4c0cddfc39da	502d1018c587181c23d9c12e5346c610e438dd895481b4bfc5ec4c0cddfc39da	none	Git-diff	report.json
round-2-bug/delivered-files.json	examples/foundation/.proof/delivery-2a973c5/round-2-bug/delivered-files.json	10679	10679	f3c0827775e2853c745679f7d0b33ced059c14f3eaffb4f1f58404a6d13dcd9c	f3c0827775e2853c745679f7d0b33ced059c14f3eaffb4f1f58404a6d13dcd9c	none			none	saved-run-record	none
round-2-bug/delivered/.astack/feature-map/work-items/README.md	examples/foundation/.proof/delivery-2a973c5/round-2-bug/delivered/.astack/feature-map/work-items/README.md	383	383	f22f22985ef1a9782e4c6a9a074bd90328e7cde7644dfa3719c926410782bed5	f22f22985ef1a9782e4c6a9a074bd90328e7cde7644dfa3719c926410782bed5	none	f22f22985ef1a9782e4c6a9a074bd90328e7cde7644dfa3719c926410782bed5	f22f22985ef1a9782e4c6a9a074bd90328e7cde7644dfa3719c926410782bed5	none	project	round-2-bug/retention.json
round-2-bug/delivered/.astack/feature-map/work-items/work-items.md	examples/foundation/.proof/delivery-2a973c5/round-2-bug/delivered/.astack/feature-map/work-items/work-items.md	1519	1519	39ce188190c92a7161b379d7e7109fe5310bda2a4ae368180ef3eb332879d640	39ce188190c92a7161b379d7e7109fe5310bda2a4ae368180ef3eb332879d640	none	39ce188190c92a7161b379d7e7109fe5310bda2a4ae368180ef3eb332879d640	39ce188190c92a7161b379d7e7109fe5310bda2a4ae368180ef3eb332879d640	none	project	round-2-bug/retention.json
round-2-bug/delivered/.astack/project.md	examples/foundation/.proof/delivery-2a973c5/round-2-bug/delivered/.astack/project.md	1419	1419	1bbff417fbc7e79f306da3c1a90e0158fc50bde7656d7dca1d9deadf6e50ce2b	1bbff417fbc7e79f306da3c1a90e0158fc50bde7656d7dca1d9deadf6e50ce2b	none	1bbff417fbc7e79f306da3c1a90e0158fc50bde7656d7dca1d9deadf6e50ce2b	1bbff417fbc7e79f306da3c1a90e0158fc50bde7656d7dca1d9deadf6e50ce2b	none	project	round-2-bug/retention.json
round-2-bug/delivered/.astack/scaffold.json	examples/foundation/.proof/delivery-2a973c5/round-2-bug/delivered/.astack/scaffold.json	274	274	fd925cb43ab0d699fcda4ef3b851a15983ac6c09501e24f059ee21736b907d52	fd925cb43ab0d699fcda4ef3b851a15983ac6c09501e24f059ee21736b907d52	none	fd925cb43ab0d699fcda4ef3b851a15983ac6c09501e24f059ee21736b907d52	fd925cb43ab0d699fcda4ef3b851a15983ac6c09501e24f059ee21736b907d52	none	project	round-2-bug/retention.json
round-2-bug/delivered/.codex/skills/astack-work-items/SKILL.md	examples/foundation/.proof/delivery-2a973c5/round-2-bug/delivered/.codex/skills/astack-work-items/SKILL.md	1242	1242	d6d82b88246cd96512e1a0c5a022c2f3a7d80a1eb164e905dc0d4232d6133fb2	d6d82b88246cd96512e1a0c5a022c2f3a7d80a1eb164e905dc0d4232d6133fb2	none	d6d82b88246cd96512e1a0c5a022c2f3a7d80a1eb164e905dc0d4232d6133fb2	d6d82b88246cd96512e1a0c5a022c2f3a7d80a1eb164e905dc0d4232d6133fb2	none	project	round-2-bug/retention.json
round-2-bug/delivered/.codex/skills/astack-work-items/control.ts	examples/foundation/.proof/delivery-2a973c5/round-2-bug/delivered/.codex/skills/astack-work-items/control.ts	1271	1271	78daca53062dfb26bc78cfaf8bb8d70b2b2af2fa266484cc3c4e190591f0fcce	78daca53062dfb26bc78cfaf8bb8d70b2b2af2fa266484cc3c4e190591f0fcce	none	78daca53062dfb26bc78cfaf8bb8d70b2b2af2fa266484cc3c4e190591f0fcce	78daca53062dfb26bc78cfaf8bb8d70b2b2af2fa266484cc3c4e190591f0fcce	none	project	round-2-bug/retention.json
round-2-bug/delivered/.gitignore	examples/foundation/.proof/delivery-2a973c5/round-2-bug/delivered/.gitignore	133	133	d7cfccfef537709ee2dd5dc14c0406dc2bd50fee52c785f481010b2689a9db7b	d7cfccfef537709ee2dd5dc14c0406dc2bd50fee52c785f481010b2689a9db7b	none	d7cfccfef537709ee2dd5dc14c0406dc2bd50fee52c785f481010b2689a9db7b	d7cfccfef537709ee2dd5dc14c0406dc2bd50fee52c785f481010b2689a9db7b	none	project	round-2-bug/retention.json
round-2-bug/delivered/.husky/pre-commit	examples/foundation/.proof/delivery-2a973c5/round-2-bug/delivered/.husky/pre-commit	194	194	49db70e604bf06f5bda03778a71d8bb249cd4af481ca976e5b35cb754532b042	49db70e604bf06f5bda03778a71d8bb249cd4af481ca976e5b35cb754532b042	none	49db70e604bf06f5bda03778a71d8bb249cd4af481ca976e5b35cb754532b042	49db70e604bf06f5bda03778a71d8bb249cd4af481ca976e5b35cb754532b042	none	project	round-2-bug/retention.json
round-2-bug/delivered/.prettierignore	examples/foundation/.proof/delivery-2a973c5/round-2-bug/delivered/.prettierignore	101	101	077f2966b94e14c1bf40a136c4a9fecfb41e793e32d18d07413873994263d7ad	077f2966b94e14c1bf40a136c4a9fecfb41e793e32d18d07413873994263d7ad	none	077f2966b94e14c1bf40a136c4a9fecfb41e793e32d18d07413873994263d7ad	077f2966b94e14c1bf40a136c4a9fecfb41e793e32d18d07413873994263d7ad	none	project	round-2-bug/retention.json
round-2-bug/delivered/.prettierrc.json	examples/foundation/.proof/delivery-2a973c5/round-2-bug/delivered/.prettierrc.json	48	48	32dcd743a0ffca59a737c87abcfcc3f57a0cede5cedb6a8b1b68d32a3b6d4506	32dcd743a0ffca59a737c87abcfcc3f57a0cede5cedb6a8b1b68d32a3b6d4506	none	32dcd743a0ffca59a737c87abcfcc3f57a0cede5cedb6a8b1b68d32a3b6d4506	32dcd743a0ffca59a737c87abcfcc3f57a0cede5cedb6a8b1b68d32a3b6d4506	none	project	round-2-bug/retention.json
round-2-bug/delivered/.proof/reopen-before/report.json	examples/foundation/.proof/delivery-2a973c5/round-2-bug/delivered/.proof/reopen-before/report.json	615	615	191acbb8bdcd6b4e5baf8a3eef9e380237fb8a9f5c6db76961c2491df9cf4cdb	191acbb8bdcd6b4e5baf8a3eef9e380237fb8a9f5c6db76961c2491df9cf4cdb	none	191acbb8bdcd6b4e5baf8a3eef9e380237fb8a9f5c6db76961c2491df9cf4cdb	191acbb8bdcd6b4e5baf8a3eef9e380237fb8a9f5c6db76961c2491df9cf4cdb	none	project	round-2-bug/retention.json
round-2-bug/delivered/.proof/reopen-before/web-reopen.png	examples/foundation/.proof/delivery-2a973c5/round-2-bug/delivered/.proof/reopen-before/web-reopen.png	30426	30426	db152dd74b065afb88fc203d187c5f8b424718b093f8513c580fd759069e4d33	db152dd74b065afb88fc203d187c5f8b424718b093f8513c580fd759069e4d33	none	db152dd74b065afb88fc203d187c5f8b424718b093f8513c580fd759069e4d33	db152dd74b065afb88fc203d187c5f8b424718b093f8513c580fd759069e4d33	none	project	round-2-bug/retention.json
round-2-bug/delivered/.proof/reproduce-reopen.ts	examples/foundation/.proof/delivery-2a973c5/round-2-bug/delivered/.proof/reproduce-reopen.ts	3942	3942	185cad45e9f125174ad2e4a23730dd65ac82cd29da5ac612a19fc824ecb4fff1	185cad45e9f125174ad2e4a23730dd65ac82cd29da5ac612a19fc824ecb4fff1	none	185cad45e9f125174ad2e4a23730dd65ac82cd29da5ac612a19fc824ecb4fff1	185cad45e9f125174ad2e4a23730dd65ac82cd29da5ac612a19fc824ecb4fff1	none	project	round-2-bug/retention.json
round-2-bug/delivered/.proof/status-after/R3-mcp-done-final.png	examples/foundation/.proof/delivery-2a973c5/round-2-bug/delivered/.proof/status-after/R3-mcp-done-final.png	30625	30625	31497445413743d96c871f1ccfabcf66116c76383d731c6afedf933f589c371e	31497445413743d96c871f1ccfabcf66116c76383d731c6afedf933f589c371e	none	31497445413743d96c871f1ccfabcf66116c76383d731c6afedf933f589c371e	31497445413743d96c871f1ccfabcf66116c76383d731c6afedf933f589c371e	none	project	round-2-bug/retention.json
round-2-bug/delivered/.proof/status-after/R3-mcp-done-repeat.png	examples/foundation/.proof/delivery-2a973c5/round-2-bug/delivered/.proof/status-after/R3-mcp-done-repeat.png	30625	30625	31497445413743d96c871f1ccfabcf66116c76383d731c6afedf933f589c371e	31497445413743d96c871f1ccfabcf66116c76383d731c6afedf933f589c371e	none	31497445413743d96c871f1ccfabcf66116c76383d731c6afedf933f589c371e	31497445413743d96c871f1ccfabcf66116c76383d731c6afedf933f589c371e	none	project	round-2-bug/retention.json
round-2-bug/delivered/.proof/status-after/R3-mcp-done.png	examples/foundation/.proof/delivery-2a973c5/round-2-bug/delivered/.proof/status-after/R3-mcp-done.png	30625	30625	31497445413743d96c871f1ccfabcf66116c76383d731c6afedf933f589c371e	31497445413743d96c871f1ccfabcf66116c76383d731c6afedf933f589c371e	none	31497445413743d96c871f1ccfabcf66116c76383d731c6afedf933f589c371e	31497445413743d96c871f1ccfabcf66116c76383d731c6afedf933f589c371e	none	project	round-2-bug/retention.json
round-2-bug/delivered/.proof/status-after/R3-mcp-reopen-repeat.png	examples/foundation/.proof/delivery-2a973c5/round-2-bug/delivered/.proof/status-after/R3-mcp-reopen-repeat.png	31259	31259	22020990c0122b21e242474aadd09d6bf6ea2bc6bcc15b6243576b410e545f99	22020990c0122b21e242474aadd09d6bf6ea2bc6bcc15b6243576b410e545f99	none	22020990c0122b21e242474aadd09d6bf6ea2bc6bcc15b6243576b410e545f99	22020990c0122b21e242474aadd09d6bf6ea2bc6bcc15b6243576b410e545f99	none	project	round-2-bug/retention.json
round-2-bug/delivered/.proof/status-after/R3-mcp-reopen.png	examples/foundation/.proof/delivery-2a973c5/round-2-bug/delivered/.proof/status-after/R3-mcp-reopen.png	31259	31259	22020990c0122b21e242474aadd09d6bf6ea2bc6bcc15b6243576b410e545f99	22020990c0122b21e242474aadd09d6bf6ea2bc6bcc15b6243576b410e545f99	none	22020990c0122b21e242474aadd09d6bf6ea2bc6bcc15b6243576b410e545f99	22020990c0122b21e242474aadd09d6bf6ea2bc6bcc15b6243576b410e545f99	none	project	round-2-bug/retention.json
round-2-bug/delivered/.proof/status-after/R3-web-done.png	examples/foundation/.proof/delivery-2a973c5/round-2-bug/delivered/.proof/status-after/R3-web-done.png	30625	30625	31497445413743d96c871f1ccfabcf66116c76383d731c6afedf933f589c371e	31497445413743d96c871f1ccfabcf66116c76383d731c6afedf933f589c371e	none	31497445413743d96c871f1ccfabcf66116c76383d731c6afedf933f589c371e	31497445413743d96c871f1ccfabcf66116c76383d731c6afedf933f589c371e	none	project	round-2-bug/retention.json
round-2-bug/delivered/.proof/status-after/R3-web-reopen.png	examples/foundation/.proof/delivery-2a973c5/round-2-bug/delivered/.proof/status-after/R3-web-reopen.png	31259	31259	22020990c0122b21e242474aadd09d6bf6ea2bc6bcc15b6243576b410e545f99	22020990c0122b21e242474aadd09d6bf6ea2bc6bcc15b6243576b410e545f99	none	22020990c0122b21e242474aadd09d6bf6ea2bc6bcc15b6243576b410e545f99	22020990c0122b21e242474aadd09d6bf6ea2bc6bcc15b6243576b410e545f99	none	project	round-2-bug/retention.json
round-2-bug/delivered/.proof/status-after/mcp-app-host.png	examples/foundation/.proof/delivery-2a973c5/round-2-bug/delivered/.proof/status-after/mcp-app-host.png	38601	38601	5dc82a9ee96ca2c339af80981928ce3f5c237ee34df3296559af943fcbc48c27	5dc82a9ee96ca2c339af80981928ce3f5c237ee34df3296559af943fcbc48c27	none	5dc82a9ee96ca2c339af80981928ce3f5c237ee34df3296559af943fcbc48c27	5dc82a9ee96ca2c339af80981928ce3f5c237ee34df3296559af943fcbc48c27	none	project	round-2-bug/retention.json
round-2-bug/delivered/.proof/status-after/mcp-host-observations.json	examples/foundation/.proof/delivery-2a973c5/round-2-bug/delivered/.proof/status-after/mcp-host-observations.json	1412	1412	73e2bff46e783a6f4bc02898bdca6157cebf50a2e2b7ae8952082f6cdbb1d2d9	73e2bff46e783a6f4bc02898bdca6157cebf50a2e2b7ae8952082f6cdbb1d2d9	none	73e2bff46e783a6f4bc02898bdca6157cebf50a2e2b7ae8952082f6cdbb1d2d9	73e2bff46e783a6f4bc02898bdca6157cebf50a2e2b7ae8952082f6cdbb1d2d9	none	project	round-2-bug/retention.json
round-2-bug/delivered/.proof/status-after/report.json	examples/foundation/.proof/delivery-2a973c5/round-2-bug/delivered/.proof/status-after/report.json	5009	5009	6d73658d7ccb302266c32d3dcc572731529134e15fd007f6384ac981b1fa215a	6d73658d7ccb302266c32d3dcc572731529134e15fd007f6384ac981b1fa215a	none	6d73658d7ccb302266c32d3dcc572731529134e15fd007f6384ac981b1fa215a	6d73658d7ccb302266c32d3dcc572731529134e15fd007f6384ac981b1fa215a	none	project	round-2-bug/retention.json
round-2-bug/delivered/.proof/status-after/runtime.log	examples/foundation/.proof/delivery-2a973c5/round-2-bug/delivered/.proof/status-after/runtime.log	1884	1884	0fdb86b464f0056d43c149dd82b8c60d13729aefada917e4371e5ddd459cdc63	0fdb86b464f0056d43c149dd82b8c60d13729aefada917e4371e5ddd459cdc63	none	0fdb86b464f0056d43c149dd82b8c60d13729aefada917e4371e5ddd459cdc63	0fdb86b464f0056d43c149dd82b8c60d13729aefada917e4371e5ddd459cdc63	none	project	round-2-bug/retention.json
round-2-bug/delivered/.proof/status-after/web-persisted.png	examples/foundation/.proof/delivery-2a973c5/round-2-bug/delivered/.proof/status-after/web-persisted.png	30625	30625	31497445413743d96c871f1ccfabcf66116c76383d731c6afedf933f589c371e	31497445413743d96c871f1ccfabcf66116c76383d731c6afedf933f589c371e	none	31497445413743d96c871f1ccfabcf66116c76383d731c6afedf933f589c371e	31497445413743d96c871f1ccfabcf66116c76383d731c6afedf933f589c371e	none	project	round-2-bug/retention.json
round-2-bug/delivered/.proof/status-before/report.json	examples/foundation/.proof/delivery-2a973c5/round-2-bug/delivered/.proof/status-before/report.json	1648	1648	7b65a4a02dd318b484f2a01a9111dce7644636988c079eb35b851a2a08fd6ea9	7b65a4a02dd318b484f2a01a9111dce7644636988c079eb35b851a2a08fd6ea9	none	7b65a4a02dd318b484f2a01a9111dce7644636988c079eb35b851a2a08fd6ea9	7b65a4a02dd318b484f2a01a9111dce7644636988c079eb35b851a2a08fd6ea9	none	project	round-2-bug/retention.json
round-2-bug/delivered/.proof/status-before/runtime.log	examples/foundation/.proof/delivery-2a973c5/round-2-bug/delivered/.proof/status-before/runtime.log	1884	1884	8a90caa3df15de92f2294065687406ebf63c31f92be8af605f7e3068e0a8ce62	8a90caa3df15de92f2294065687406ebf63c31f92be8af605f7e3068e0a8ce62	none	8a90caa3df15de92f2294065687406ebf63c31f92be8af605f7e3068e0a8ce62	8a90caa3df15de92f2294065687406ebf63c31f92be8af605f7e3068e0a8ce62	none	project	round-2-bug/retention.json
round-2-bug/delivered/.proof/status-final/R3-mcp-done-final.png	examples/foundation/.proof/delivery-2a973c5/round-2-bug/delivered/.proof/status-final/R3-mcp-done-final.png	30305	30305	5f8caaef2ce07aeefa862a2c3869e57b91dd45d18e00f1658994623c8c9c47f6	5f8caaef2ce07aeefa862a2c3869e57b91dd45d18e00f1658994623c8c9c47f6	none	5f8caaef2ce07aeefa862a2c3869e57b91dd45d18e00f1658994623c8c9c47f6	5f8caaef2ce07aeefa862a2c3869e57b91dd45d18e00f1658994623c8c9c47f6	none	project	round-2-bug/retention.json
round-2-bug/delivered/.proof/status-final/R3-mcp-done-repeat.png	examples/foundation/.proof/delivery-2a973c5/round-2-bug/delivered/.proof/status-final/R3-mcp-done-repeat.png	30305	30305	5f8caaef2ce07aeefa862a2c3869e57b91dd45d18e00f1658994623c8c9c47f6	5f8caaef2ce07aeefa862a2c3869e57b91dd45d18e00f1658994623c8c9c47f6	none	5f8caaef2ce07aeefa862a2c3869e57b91dd45d18e00f1658994623c8c9c47f6	5f8caaef2ce07aeefa862a2c3869e57b91dd45d18e00f1658994623c8c9c47f6	none	project	round-2-bug/retention.json
round-2-bug/delivered/.proof/status-final/R3-mcp-done.png	examples/foundation/.proof/delivery-2a973c5/round-2-bug/delivered/.proof/status-final/R3-mcp-done.png	30305	30305	5f8caaef2ce07aeefa862a2c3869e57b91dd45d18e00f1658994623c8c9c47f6	5f8caaef2ce07aeefa862a2c3869e57b91dd45d18e00f1658994623c8c9c47f6	none	5f8caaef2ce07aeefa862a2c3869e57b91dd45d18e00f1658994623c8c9c47f6	5f8caaef2ce07aeefa862a2c3869e57b91dd45d18e00f1658994623c8c9c47f6	none	project	round-2-bug/retention.json
round-2-bug/delivered/.proof/status-final/R3-mcp-reopen-repeat.png	examples/foundation/.proof/delivery-2a973c5/round-2-bug/delivered/.proof/status-final/R3-mcp-reopen-repeat.png	30938	30938	6076757b649a3ae58ef0e2dc46917d9eab296c99adb91fe4da723163d5f1e105	6076757b649a3ae58ef0e2dc46917d9eab296c99adb91fe4da723163d5f1e105	none	6076757b649a3ae58ef0e2dc46917d9eab296c99adb91fe4da723163d5f1e105	6076757b649a3ae58ef0e2dc46917d9eab296c99adb91fe4da723163d5f1e105	none	project	round-2-bug/retention.json
round-2-bug/delivered/.proof/status-final/R3-mcp-reopen.png	examples/foundation/.proof/delivery-2a973c5/round-2-bug/delivered/.proof/status-final/R3-mcp-reopen.png	30938	30938	6076757b649a3ae58ef0e2dc46917d9eab296c99adb91fe4da723163d5f1e105	6076757b649a3ae58ef0e2dc46917d9eab296c99adb91fe4da723163d5f1e105	none	6076757b649a3ae58ef0e2dc46917d9eab296c99adb91fe4da723163d5f1e105	6076757b649a3ae58ef0e2dc46917d9eab296c99adb91fe4da723163d5f1e105	none	project	round-2-bug/retention.json
round-2-bug/delivered/.proof/status-final/R3-web-done.png	examples/foundation/.proof/delivery-2a973c5/round-2-bug/delivered/.proof/status-final/R3-web-done.png	30305	30305	5f8caaef2ce07aeefa862a2c3869e57b91dd45d18e00f1658994623c8c9c47f6	5f8caaef2ce07aeefa862a2c3869e57b91dd45d18e00f1658994623c8c9c47f6	none	5f8caaef2ce07aeefa862a2c3869e57b91dd45d18e00f1658994623c8c9c47f6	5f8caaef2ce07aeefa862a2c3869e57b91dd45d18e00f1658994623c8c9c47f6	none	project	round-2-bug/retention.json
round-2-bug/delivered/.proof/status-final/R3-web-reopen.png	examples/foundation/.proof/delivery-2a973c5/round-2-bug/delivered/.proof/status-final/R3-web-reopen.png	30938	30938	6076757b649a3ae58ef0e2dc46917d9eab296c99adb91fe4da723163d5f1e105	6076757b649a3ae58ef0e2dc46917d9eab296c99adb91fe4da723163d5f1e105	none	6076757b649a3ae58ef0e2dc46917d9eab296c99adb91fe4da723163d5f1e105	6076757b649a3ae58ef0e2dc46917d9eab296c99adb91fe4da723163d5f1e105	none	project	round-2-bug/retention.json
round-2-bug/delivered/.proof/status-final/mcp-app-host.png	examples/foundation/.proof/delivery-2a973c5/round-2-bug/delivered/.proof/status-final/mcp-app-host.png	38666	38666	1d5b7830747707314405cc4579e966e3d1404a94d2f7615f606c9fa1498ffc18	1d5b7830747707314405cc4579e966e3d1404a94d2f7615f606c9fa1498ffc18	none	1d5b7830747707314405cc4579e966e3d1404a94d2f7615f606c9fa1498ffc18	1d5b7830747707314405cc4579e966e3d1404a94d2f7615f606c9fa1498ffc18	none	project	round-2-bug/retention.json
round-2-bug/delivered/.proof/status-final/mcp-host-observations.json	examples/foundation/.proof/delivery-2a973c5/round-2-bug/delivered/.proof/status-final/mcp-host-observations.json	1412	1412	feedffde5939e3fa6037a7466d495671b338de14a9703db318e623512310b381	feedffde5939e3fa6037a7466d495671b338de14a9703db318e623512310b381	none	feedffde5939e3fa6037a7466d495671b338de14a9703db318e623512310b381	feedffde5939e3fa6037a7466d495671b338de14a9703db318e623512310b381	none	project	round-2-bug/retention.json
round-2-bug/delivered/.proof/status-final/report.json	examples/foundation/.proof/delivery-2a973c5/round-2-bug/delivered/.proof/status-final/report.json	5073	5073	233c14e99fc15a7e3846cf8f0a1bc387ae699ae114722ff8f712f8854b566a29	233c14e99fc15a7e3846cf8f0a1bc387ae699ae114722ff8f712f8854b566a29	none	233c14e99fc15a7e3846cf8f0a1bc387ae699ae114722ff8f712f8854b566a29	233c14e99fc15a7e3846cf8f0a1bc387ae699ae114722ff8f712f8854b566a29	none	project	round-2-bug/retention.json
round-2-bug/delivered/.proof/status-final/runtime.log	examples/foundation/.proof/delivery-2a973c5/round-2-bug/delivered/.proof/status-final/runtime.log	1884	1884	72dd351bc9ea66be9a8559b212f5a7e5fad891e1694768b8590b6558b4fe10f6	72dd351bc9ea66be9a8559b212f5a7e5fad891e1694768b8590b6558b4fe10f6	none	72dd351bc9ea66be9a8559b212f5a7e5fad891e1694768b8590b6558b4fe10f6	72dd351bc9ea66be9a8559b212f5a7e5fad891e1694768b8590b6558b4fe10f6	none	project	round-2-bug/retention.json
round-2-bug/delivered/.proof/status-final/web-persisted.png	examples/foundation/.proof/delivery-2a973c5/round-2-bug/delivered/.proof/status-final/web-persisted.png	30305	30305	5f8caaef2ce07aeefa862a2c3869e57b91dd45d18e00f1658994623c8c9c47f6	5f8caaef2ce07aeefa862a2c3869e57b91dd45d18e00f1658994623c8c9c47f6	none	5f8caaef2ce07aeefa862a2c3869e57b91dd45d18e00f1658994623c8c9c47f6	5f8caaef2ce07aeefa862a2c3869e57b91dd45d18e00f1658994623c8c9c47f6	none	project	round-2-bug/retention.json
round-2-bug/delivered/README.md	examples/foundation/.proof/delivery-2a973c5/round-2-bug/delivered/README.md	9653	9653	0773d22018948946391712250b072bac2afb730a5c91e4a1c570edfa7f835f18	0773d22018948946391712250b072bac2afb730a5c91e4a1c570edfa7f835f18	none	0773d22018948946391712250b072bac2afb730a5c91e4a1c570edfa7f835f18	0773d22018948946391712250b072bac2afb730a5c91e4a1c570edfa7f835f18	none	project	round-2-bug/retention.json
round-2-bug/delivered/apps/mcp-ui/index.html	examples/foundation/.proof/delivery-2a973c5/round-2-bug/delivered/apps/mcp-ui/index.html	295	295	94fe15c034fde9461e7c54c4bbb6e13eceb9bc5ba6305cafa4a7ef146aa4a82e	94fe15c034fde9461e7c54c4bbb6e13eceb9bc5ba6305cafa4a7ef146aa4a82e	none	94fe15c034fde9461e7c54c4bbb6e13eceb9bc5ba6305cafa4a7ef146aa4a82e	94fe15c034fde9461e7c54c4bbb6e13eceb9bc5ba6305cafa4a7ef146aa4a82e	none	project	round-2-bug/retention.json
round-2-bug/delivered/apps/mcp-ui/package.json	examples/foundation/.proof/delivery-2a973c5/round-2-bug/delivered/apps/mcp-ui/package.json	446	446	ad665bb56b8ee65c856b1bdcd6c88c8f33cd36f2df2c40e7e12872a9592f5f06	ad665bb56b8ee65c856b1bdcd6c88c8f33cd36f2df2c40e7e12872a9592f5f06	none	ad665bb56b8ee65c856b1bdcd6c88c8f33cd36f2df2c40e7e12872a9592f5f06	ad665bb56b8ee65c856b1bdcd6c88c8f33cd36f2df2c40e7e12872a9592f5f06	none	project	round-2-bug/retention.json
round-2-bug/delivered/apps/mcp-ui/src/main.tsx	examples/foundation/.proof/delivery-2a973c5/round-2-bug/delivered/apps/mcp-ui/src/main.tsx	5593	5593	97dd3c35aa605b8983daf0acf06ebe30dcd6aa05a5eabc1e04688b37cc64c37d	97dd3c35aa605b8983daf0acf06ebe30dcd6aa05a5eabc1e04688b37cc64c37d	none	97dd3c35aa605b8983daf0acf06ebe30dcd6aa05a5eabc1e04688b37cc64c37d	97dd3c35aa605b8983daf0acf06ebe30dcd6aa05a5eabc1e04688b37cc64c37d	none	project	round-2-bug/retention.json
round-2-bug/delivered/apps/mcp-ui/tsconfig.json	examples/foundation/.proof/delivery-2a973c5/round-2-bug/delivered/apps/mcp-ui/tsconfig.json	167	167	5e0bda48b8b922b60fd2156cd7b2ae77be6501767a0addb9daf2d2b7d6354e25	5e0bda48b8b922b60fd2156cd7b2ae77be6501767a0addb9daf2d2b7d6354e25	none	5e0bda48b8b922b60fd2156cd7b2ae77be6501767a0addb9daf2d2b7d6354e25	5e0bda48b8b922b60fd2156cd7b2ae77be6501767a0addb9daf2d2b7d6354e25	none	project	round-2-bug/retention.json
round-2-bug/delivered/apps/mcp-ui/vite.config.ts	examples/foundation/.proof/delivery-2a973c5/round-2-bug/delivered/apps/mcp-ui/vite.config.ts	264	264	2a55d4c288492c76c16e4093db62b199cd65e5849db0ba2d465127b0d9c694e1	2a55d4c288492c76c16e4093db62b199cd65e5849db0ba2d465127b0d9c694e1	none	2a55d4c288492c76c16e4093db62b199cd65e5849db0ba2d465127b0d9c694e1	2a55d4c288492c76c16e4093db62b199cd65e5849db0ba2d465127b0d9c694e1	none	project	round-2-bug/retention.json
round-2-bug/delivered/apps/web/.env.example	examples/foundation/.proof/delivery-2a973c5/round-2-bug/delivered/apps/web/.env.example	275	275	b0a0ce4f487271efc054bfed28174b7ca284096bb0b551aacc84d2b128720096	b0a0ce4f487271efc054bfed28174b7ca284096bb0b551aacc84d2b128720096	none	b0a0ce4f487271efc054bfed28174b7ca284096bb0b551aacc84d2b128720096	b0a0ce4f487271efc054bfed28174b7ca284096bb0b551aacc84d2b128720096	none	project	round-2-bug/retention.json
round-2-bug/delivered/apps/web/index.html	examples/foundation/.proof/delivery-2a973c5/round-2-bug/delivered/apps/web/index.html	295	295	94fe15c034fde9461e7c54c4bbb6e13eceb9bc5ba6305cafa4a7ef146aa4a82e	94fe15c034fde9461e7c54c4bbb6e13eceb9bc5ba6305cafa4a7ef146aa4a82e	none	94fe15c034fde9461e7c54c4bbb6e13eceb9bc5ba6305cafa4a7ef146aa4a82e	94fe15c034fde9461e7c54c4bbb6e13eceb9bc5ba6305cafa4a7ef146aa4a82e	none	project	round-2-bug/retention.json
round-2-bug/delivered/apps/web/package.json	examples/foundation/.proof/delivery-2a973c5/round-2-bug/delivered/apps/web/package.json	620	620	3ffd23e1a624defe1b6b33f3c2516038e74a623341d3fe74fa68ed540412ae11	3ffd23e1a624defe1b6b33f3c2516038e74a623341d3fe74fa68ed540412ae11	none	3ffd23e1a624defe1b6b33f3c2516038e74a623341d3fe74fa68ed540412ae11	3ffd23e1a624defe1b6b33f3c2516038e74a623341d3fe74fa68ed540412ae11	none	project	round-2-bug/retention.json
round-2-bug/delivered/apps/web/src/main.tsx	examples/foundation/.proof/delivery-2a973c5/round-2-bug/delivered/apps/web/src/main.tsx	2812	2812	d35db9680fea6c3ce2082d6d9e391b1c3dfe22db5968b28ba2da8da0d76cf9be	d35db9680fea6c3ce2082d6d9e391b1c3dfe22db5968b28ba2da8da0d76cf9be	none	d35db9680fea6c3ce2082d6d9e391b1c3dfe22db5968b28ba2da8da0d76cf9be	d35db9680fea6c3ce2082d6d9e391b1c3dfe22db5968b28ba2da8da0d76cf9be	none	project	round-2-bug/retention.json
round-2-bug/delivered/apps/web/src/router.tsx	examples/foundation/.proof/delivery-2a973c5/round-2-bug/delivered/apps/web/src/router.tsx	720	720	d53d6c942972eff2e39f9e9bddaecd54e8210dccf36c86ffd4d2ae239f363798	d53d6c942972eff2e39f9e9bddaecd54e8210dccf36c86ffd4d2ae239f363798	none	d53d6c942972eff2e39f9e9bddaecd54e8210dccf36c86ffd4d2ae239f363798	d53d6c942972eff2e39f9e9bddaecd54e8210dccf36c86ffd4d2ae239f363798	none	project	round-2-bug/retention.json
round-2-bug/delivered/apps/web/src/work-items.tsx	examples/foundation/.proof/delivery-2a973c5/round-2-bug/delivered/apps/web/src/work-items.tsx	6033	6033	7ec61a361e5cc4a9c001eed4a7f3530215829d6f1e6c446110167c64b41c33a8	7ec61a361e5cc4a9c001eed4a7f3530215829d6f1e6c446110167c64b41c33a8	none	7ec61a361e5cc4a9c001eed4a7f3530215829d6f1e6c446110167c64b41c33a8	7ec61a361e5cc4a9c001eed4a7f3530215829d6f1e6c446110167c64b41c33a8	none	project	round-2-bug/retention.json
round-2-bug/delivered/apps/web/tsconfig.json	examples/foundation/.proof/delivery-2a973c5/round-2-bug/delivered/apps/web/tsconfig.json	167	167	5e0bda48b8b922b60fd2156cd7b2ae77be6501767a0addb9daf2d2b7d6354e25	5e0bda48b8b922b60fd2156cd7b2ae77be6501767a0addb9daf2d2b7d6354e25	none	5e0bda48b8b922b60fd2156cd7b2ae77be6501767a0addb9daf2d2b7d6354e25	5e0bda48b8b922b60fd2156cd7b2ae77be6501767a0addb9daf2d2b7d6354e25	none	project	round-2-bug/retention.json
round-2-bug/delivered/apps/web/vite.config.ts	examples/foundation/.proof/delivery-2a973c5/round-2-bug/delivered/apps/web/vite.config.ts	186	186	c536b6cd2d08f8c39877d1fffeba7feed91a23f288582a98547f294ab4c609d1	c536b6cd2d08f8c39877d1fffeba7feed91a23f288582a98547f294ab4c609d1	none	c536b6cd2d08f8c39877d1fffeba7feed91a23f288582a98547f294ab4c609d1	c536b6cd2d08f8c39877d1fffeba7feed91a23f288582a98547f294ab4c609d1	none	project	round-2-bug/retention.json
round-2-bug/delivered/bun.lock	examples/foundation/.proof/delivery-2a973c5/round-2-bug/delivered/bun.lock	171715	171715	1ed2f09c0b4b4dbd5864f39dbde996958ea6cf2f17bfb33cef64586236d78034	1ed2f09c0b4b4dbd5864f39dbde996958ea6cf2f17bfb33cef64586236d78034	none	1ed2f09c0b4b4dbd5864f39dbde996958ea6cf2f17bfb33cef64586236d78034	1ed2f09c0b4b4dbd5864f39dbde996958ea6cf2f17bfb33cef64586236d78034	none	project	round-2-bug/retention.json
round-2-bug/delivered/eslint.config.mjs	examples/foundation/.proof/delivery-2a973c5/round-2-bug/delivered/eslint.config.mjs	56	56	ffe4ebb5a5c522749f8242d2e16ad3bb46a241e862684891301e831f912cba08	ffe4ebb5a5c522749f8242d2e16ad3bb46a241e862684891301e831f912cba08	none	ffe4ebb5a5c522749f8242d2e16ad3bb46a241e862684891301e831f912cba08	ffe4ebb5a5c522749f8242d2e16ad3bb46a241e862684891301e831f912cba08	none	project	round-2-bug/retention.json
round-2-bug/delivered/lint-staged.config.mjs	examples/foundation/.proof/delivery-2a973c5/round-2-bug/delivered/lint-staged.config.mjs	209	209	81c09831a1333b8058aa111e906125e42bb9e5759f17c62318c21d62225bce00	81c09831a1333b8058aa111e906125e42bb9e5759f17c62318c21d62225bce00	none	81c09831a1333b8058aa111e906125e42bb9e5759f17c62318c21d62225bce00	81c09831a1333b8058aa111e906125e42bb9e5759f17c62318c21d62225bce00	none	project	round-2-bug/retention.json
round-2-bug/delivered/package.json	examples/foundation/.proof/delivery-2a973c5/round-2-bug/delivered/package.json	2189	2189	7c7db212cb2107c0c0e6ee3bc81cc0d8cc894aa25afd35b6df5e21046de9ddcf	7c7db212cb2107c0c0e6ee3bc81cc0d8cc894aa25afd35b6df5e21046de9ddcf	none	7c7db212cb2107c0c0e6ee3bc81cc0d8cc894aa25afd35b6df5e21046de9ddcf	7c7db212cb2107c0c0e6ee3bc81cc0d8cc894aa25afd35b6df5e21046de9ddcf	none	project	round-2-bug/retention.json
round-2-bug/delivered/packages/backend/.env.example	examples/foundation/.proof/delivery-2a973c5/round-2-bug/delivered/packages/backend/.env.example	200	200	b8ae67eee31602ab2897a2ff95082c6bd88181efc7a4fb3bbdd4e90fb6f708f8	b8ae67eee31602ab2897a2ff95082c6bd88181efc7a4fb3bbdd4e90fb6f708f8	none	b8ae67eee31602ab2897a2ff95082c6bd88181efc7a4fb3bbdd4e90fb6f708f8	b8ae67eee31602ab2897a2ff95082c6bd88181efc7a4fb3bbdd4e90fb6f708f8	none	project	round-2-bug/retention.json
round-2-bug/delivered/packages/backend/.gitignore	examples/foundation/.proof/delivery-2a973c5/round-2-bug/delivered/packages/backend/.gitignore	12	12	c1be9a7b83075864153509fa626722510fd2507fe18e4548a4a89e11023048ea	c1be9a7b83075864153509fa626722510fd2507fe18e4548a4a89e11023048ea	none	c1be9a7b83075864153509fa626722510fd2507fe18e4548a4a89e11023048ea	c1be9a7b83075864153509fa626722510fd2507fe18e4548a4a89e11023048ea	none	project	round-2-bug/retention.json
round-2-bug/delivered/packages/backend/convex.json	examples/foundation/.proof/delivery-2a973c5/round-2-bug/delivered/packages/backend/convex.json	135	135	fa3e766ef4d424da2f57361dca5369f073981fac42dd0a4e4641d8867faf51f3	fa3e766ef4d424da2f57361dca5369f073981fac42dd0a4e4641d8867faf51f3	none	fa3e766ef4d424da2f57361dca5369f073981fac42dd0a4e4641d8867faf51f3	fa3e766ef4d424da2f57361dca5369f073981fac42dd0a4e4641d8867faf51f3	none	project	round-2-bug/retention.json
round-2-bug/delivered/packages/backend/convex/_generated/api.ts	examples/foundation/.proof/delivery-2a973c5/round-2-bug/delivered/packages/backend/convex/_generated/api.ts	1400	1400	b51f59d5f03959d7978ef51ce4bb1918d5e966fcfd6c3510fe5847b65c11fbd2	b51f59d5f03959d7978ef51ce4bb1918d5e966fcfd6c3510fe5847b65c11fbd2	none	b51f59d5f03959d7978ef51ce4bb1918d5e966fcfd6c3510fe5847b65c11fbd2	b51f59d5f03959d7978ef51ce4bb1918d5e966fcfd6c3510fe5847b65c11fbd2	none	project	round-2-bug/retention.json
round-2-bug/delivered/packages/backend/convex/_generated/dataModel.ts	examples/foundation/.proof/delivery-2a973c5/round-2-bug/delivered/packages/backend/convex/_generated/dataModel.ts	1736	1736	db177073d16a4393c7a96bcdc3a2a904e88c2432d54d138ca7715cc431982c17	db177073d16a4393c7a96bcdc3a2a904e88c2432d54d138ca7715cc431982c17	none	db177073d16a4393c7a96bcdc3a2a904e88c2432d54d138ca7715cc431982c17	db177073d16a4393c7a96bcdc3a2a904e88c2432d54d138ca7715cc431982c17	none	project	round-2-bug/retention.json
round-2-bug/delivered/packages/backend/convex/_generated/server.ts	examples/foundation/.proof/delivery-2a973c5/round-2-bug/delivered/packages/backend/convex/_generated/server.ts	6349	6349	4ef510cd49241e28128a9a462daadaa9743c628f3df5c2a3fa4ad3c9af6b9cc4	4ef510cd49241e28128a9a462daadaa9743c628f3df5c2a3fa4ad3c9af6b9cc4	none	4ef510cd49241e28128a9a462daadaa9743c628f3df5c2a3fa4ad3c9af6b9cc4	4ef510cd49241e28128a9a462daadaa9743c628f3df5c2a3fa4ad3c9af6b9cc4	none	project	round-2-bug/retention.json
round-2-bug/delivered/packages/backend/convex/auth.config.ts	examples/foundation/.proof/delivery-2a973c5/round-2-bug/delivered/packages/backend/convex/auth.config.ts	2331	2331	d6881c29a3b941cf0d2ad3e59d4eb26d4804c5731d5b09d4ff4035aa37edd123	d6881c29a3b941cf0d2ad3e59d4eb26d4804c5731d5b09d4ff4035aa37edd123	none	d6881c29a3b941cf0d2ad3e59d4eb26d4804c5731d5b09d4ff4035aa37edd123	d6881c29a3b941cf0d2ad3e59d4eb26d4804c5731d5b09d4ff4035aa37edd123	none	project	round-2-bug/retention.json
round-2-bug/delivered/packages/backend/convex/http.ts	examples/foundation/.proof/delivery-2a973c5/round-2-bug/delivered/packages/backend/convex/http.ts	5047	5047	29d52f06c182108924650627a0c07532b58deac43092827fd2a6e77663e3a434	29d52f06c182108924650627a0c07532b58deac43092827fd2a6e77663e3a434	none	f7a33e2c070ec9cd4431835917a6fd672fd5b5390f636b06c41d3a6beb1315df	29d52f06c182108924650627a0c07532b58deac43092827fd2a6e77663e3a434	credential-redaction	project	round-2-bug/retention.json
round-2-bug/delivered/packages/backend/convex/lib/identity.ts	examples/foundation/.proof/delivery-2a973c5/round-2-bug/delivered/packages/backend/convex/lib/identity.ts	1287	1287	c07154240f019b4a4dafb1514ed4194c6e8479b9f69251c4d4d3c27252fe53da	c07154240f019b4a4dafb1514ed4194c6e8479b9f69251c4d4d3c27252fe53da	none	c07154240f019b4a4dafb1514ed4194c6e8479b9f69251c4d4d3c27252fe53da	c07154240f019b4a4dafb1514ed4194c6e8479b9f69251c4d4d3c27252fe53da	none	project	round-2-bug/retention.json
round-2-bug/delivered/packages/backend/convex/lib/mcp.ts	examples/foundation/.proof/delivery-2a973c5/round-2-bug/delivered/packages/backend/convex/lib/mcp.ts	4599	4599	c5d6396b01551d057fa2cb63b175e6b5bb9c20cddcd06367a44cc1c301b11aae	c5d6396b01551d057fa2cb63b175e6b5bb9c20cddcd06367a44cc1c301b11aae	none	c5d6396b01551d057fa2cb63b175e6b5bb9c20cddcd06367a44cc1c301b11aae	c5d6396b01551d057fa2cb63b175e6b5bb9c20cddcd06367a44cc1c301b11aae	none	project	round-2-bug/retention.json
round-2-bug/delivered/packages/backend/convex/schema.ts	examples/foundation/.proof/delivery-2a973c5/round-2-bug/delivered/packages/backend/convex/schema.ts	296	296	dbb8465c66ac2b6b16cd4029797c4a9d2d618c6ebefbfb61820d24e780ea3298	dbb8465c66ac2b6b16cd4029797c4a9d2d618c6ebefbfb61820d24e780ea3298	none	dbb8465c66ac2b6b16cd4029797c4a9d2d618c6ebefbfb61820d24e780ea3298	dbb8465c66ac2b6b16cd4029797c4a9d2d618c6ebefbfb61820d24e780ea3298	none	project	round-2-bug/retention.json
round-2-bug/delivered/packages/backend/convex/tsconfig.json	examples/foundation/.proof/delivery-2a973c5/round-2-bug/delivered/packages/backend/convex/tsconfig.json	223	223	94563947ccb3f355ca83a8bb6b85632d6d77a5de9864c973eabeb3dc6a3b68a0	94563947ccb3f355ca83a8bb6b85632d6d77a5de9864c973eabeb3dc6a3b68a0	none	94563947ccb3f355ca83a8bb6b85632d6d77a5de9864c973eabeb3dc6a3b68a0	94563947ccb3f355ca83a8bb6b85632d6d77a5de9864c973eabeb3dc6a3b68a0	none	project	round-2-bug/retention.json
round-2-bug/delivered/packages/backend/convex/workItems.ts	examples/foundation/.proof/delivery-2a973c5/round-2-bug/delivered/packages/backend/convex/workItems.ts	2394	2394	091b683e3f92d4412cd04b8ea2dc2b86729eeb8e21cf32a903f76393087a0963	091b683e3f92d4412cd04b8ea2dc2b86729eeb8e21cf32a903f76393087a0963	none	091b683e3f92d4412cd04b8ea2dc2b86729eeb8e21cf32a903f76393087a0963	091b683e3f92d4412cd04b8ea2dc2b86729eeb8e21cf32a903f76393087a0963	none	project	round-2-bug/retention.json
round-2-bug/delivered/packages/backend/package.json	examples/foundation/.proof/delivery-2a973c5/round-2-bug/delivered/packages/backend/package.json	580	580	31b5657d4efecc5dfa7ba55e3d1b88a366950649e1b40e407808888a7c40b655	31b5657d4efecc5dfa7ba55e3d1b88a366950649e1b40e407808888a7c40b655	none	31b5657d4efecc5dfa7ba55e3d1b88a366950649e1b40e407808888a7c40b655	31b5657d4efecc5dfa7ba55e3d1b88a366950649e1b40e407808888a7c40b655	none	project	round-2-bug/retention.json
round-2-bug/delivered/packages/backend/tsconfig.json	examples/foundation/.proof/delivery-2a973c5/round-2-bug/delivered/packages/backend/tsconfig.json	128	128	4fd3e7337d33f357829d7bb17c24e8c46c5bed068caac3035f7703320a8a5f27	4fd3e7337d33f357829d7bb17c24e8c46c5bed068caac3035f7703320a8a5f27	none	4fd3e7337d33f357829d7bb17c24e8c46c5bed068caac3035f7703320a8a5f27	4fd3e7337d33f357829d7bb17c24e8c46c5bed068caac3035f7703320a8a5f27	none	project	round-2-bug/retention.json
round-2-bug/delivered/packages/config/eslint.mjs	examples/foundation/.proof/delivery-2a973c5/round-2-bug/delivered/packages/config/eslint.mjs	6543	6543	37ab4a3ca105bb08cea6e4c78c94c5994114a1212b73a322975fea90df0a7bbf	37ab4a3ca105bb08cea6e4c78c94c5994114a1212b73a322975fea90df0a7bbf	none	37ab4a3ca105bb08cea6e4c78c94c5994114a1212b73a322975fea90df0a7bbf	37ab4a3ca105bb08cea6e4c78c94c5994114a1212b73a322975fea90df0a7bbf	none	project	round-2-bug/retention.json
round-2-bug/delivered/packages/config/package.json	examples/foundation/.proof/delivery-2a973c5/round-2-bug/delivered/packages/config/package.json	226	226	a4f44539cae3b8097d700d6c2103b1789695a95cb7212d1725c0c7a4a8f10050	a4f44539cae3b8097d700d6c2103b1789695a95cb7212d1725c0c7a4a8f10050	none	a4f44539cae3b8097d700d6c2103b1789695a95cb7212d1725c0c7a4a8f10050	a4f44539cae3b8097d700d6c2103b1789695a95cb7212d1725c0c7a4a8f10050	none	project	round-2-bug/retention.json
round-2-bug/delivered/packages/config/typescript.json	examples/foundation/.proof/delivery-2a973c5/round-2-bug/delivered/packages/config/typescript.json	479	479	c30e08e49e06495f66993ffc8d55d0e48e9f0ac28d1ed8a105b5fb5cdd97ef09	c30e08e49e06495f66993ffc8d55d0e48e9f0ac28d1ed8a105b5fb5cdd97ef09	none	c30e08e49e06495f66993ffc8d55d0e48e9f0ac28d1ed8a105b5fb5cdd97ef09	c30e08e49e06495f66993ffc8d55d0e48e9f0ac28d1ed8a105b5fb5cdd97ef09	none	project	round-2-bug/retention.json
round-2-bug/delivered/packages/domain/package.json	examples/foundation/.proof/delivery-2a973c5/round-2-bug/delivered/packages/domain/package.json	259	259	6b38a411cf16da1daad0a07f6f0e5de738bd523b5d44525e58bc94f8bc13a8ac	6b38a411cf16da1daad0a07f6f0e5de738bd523b5d44525e58bc94f8bc13a8ac	none	6b38a411cf16da1daad0a07f6f0e5de738bd523b5d44525e58bc94f8bc13a8ac	6b38a411cf16da1daad0a07f6f0e5de738bd523b5d44525e58bc94f8bc13a8ac	none	project	round-2-bug/retention.json
round-2-bug/delivered/packages/domain/src/index.ts	examples/foundation/.proof/delivery-2a973c5/round-2-bug/delivered/packages/domain/src/index.ts	650	650	5b1e707a9bdab248b40f1414a646c96d3d2fc9651b363bee3d6c1d657d200479	5b1e707a9bdab248b40f1414a646c96d3d2fc9651b363bee3d6c1d657d200479	none	5b1e707a9bdab248b40f1414a646c96d3d2fc9651b363bee3d6c1d657d200479	5b1e707a9bdab248b40f1414a646c96d3d2fc9651b363bee3d6c1d657d200479	none	project	round-2-bug/retention.json
round-2-bug/delivered/packages/domain/tsconfig.json	examples/foundation/.proof/delivery-2a973c5/round-2-bug/delivered/packages/domain/tsconfig.json	72	72	9f05a0b0992a69d35ccfd30a7341d9c36fc7eaefb1634d54d6a92030ab4906a4	9f05a0b0992a69d35ccfd30a7341d9c36fc7eaefb1634d54d6a92030ab4906a4	none	9f05a0b0992a69d35ccfd30a7341d9c36fc7eaefb1634d54d6a92030ab4906a4	9f05a0b0992a69d35ccfd30a7341d9c36fc7eaefb1634d54d6a92030ab4906a4	none	project	round-2-bug/retention.json
round-2-bug/delivered/packages/ui/.storybook/main.ts	examples/foundation/.proof/delivery-2a973c5/round-2-bug/delivered/packages/ui/.storybook/main.ts	370	370	5e7138e85e2d936a889a4d9fc83a60343a58adc8ac1378253af4f34de94ca452	5e7138e85e2d936a889a4d9fc83a60343a58adc8ac1378253af4f34de94ca452	none	5e7138e85e2d936a889a4d9fc83a60343a58adc8ac1378253af4f34de94ca452	5e7138e85e2d936a889a4d9fc83a60343a58adc8ac1378253af4f34de94ca452	none	project	round-2-bug/retention.json
round-2-bug/delivered/packages/ui/package.json	examples/foundation/.proof/delivery-2a973c5/round-2-bug/delivered/packages/ui/package.json	571	571	7d0dacda9d20b8cb71adaf6c7fb60d01c081db8d7121ca2a97ea275785b9dd01	7d0dacda9d20b8cb71adaf6c7fb60d01c081db8d7121ca2a97ea275785b9dd01	none	7d0dacda9d20b8cb71adaf6c7fb60d01c081db8d7121ca2a97ea275785b9dd01	7d0dacda9d20b8cb71adaf6c7fb60d01c081db8d7121ca2a97ea275785b9dd01	none	project	round-2-bug/retention.json
round-2-bug/delivered/packages/ui/src/WorkItemList.stories.tsx	examples/foundation/.proof/delivery-2a973c5/round-2-bug/delivered/packages/ui/src/WorkItemList.stories.tsx	835	835	1dee67d82ea987c646572e6aad354403e92513764fda882c76c93746a5f816c6	1dee67d82ea987c646572e6aad354403e92513764fda882c76c93746a5f816c6	none	1dee67d82ea987c646572e6aad354403e92513764fda882c76c93746a5f816c6	1dee67d82ea987c646572e6aad354403e92513764fda882c76c93746a5f816c6	none	project	round-2-bug/retention.json
round-2-bug/delivered/packages/ui/src/index.tsx	examples/foundation/.proof/delivery-2a973c5/round-2-bug/delivered/packages/ui/src/index.tsx	2843	2843	482517b2f2e77d1e7f4cdf3437dc171d989db1e6dae2bd2a21555f25e29e392c	482517b2f2e77d1e7f4cdf3437dc171d989db1e6dae2bd2a21555f25e29e392c	none	482517b2f2e77d1e7f4cdf3437dc171d989db1e6dae2bd2a21555f25e29e392c	482517b2f2e77d1e7f4cdf3437dc171d989db1e6dae2bd2a21555f25e29e392c	none	project	round-2-bug/retention.json
round-2-bug/delivered/packages/ui/src/styles.css	examples/foundation/.proof/delivery-2a973c5/round-2-bug/delivered/packages/ui/src/styles.css	3723	3723	ca2eee3281dc72525d1b850e97f56253d45ad269b47fa99c353d29bc60f26e61	ca2eee3281dc72525d1b850e97f56253d45ad269b47fa99c353d29bc60f26e61	none	ca2eee3281dc72525d1b850e97f56253d45ad269b47fa99c353d29bc60f26e61	ca2eee3281dc72525d1b850e97f56253d45ad269b47fa99c353d29bc60f26e61	none	project	round-2-bug/retention.json
round-2-bug/delivered/packages/ui/src/styles.d.ts	examples/foundation/.proof/delivery-2a973c5/round-2-bug/delivered/packages/ui/src/styles.d.ts	24	24	da5bf71d48cf909584a01c80b445f730507068f5b34c920f352e2bfcf0315e4c	da5bf71d48cf909584a01c80b445f730507068f5b34c920f352e2bfcf0315e4c	none	da5bf71d48cf909584a01c80b445f730507068f5b34c920f352e2bfcf0315e4c	da5bf71d48cf909584a01c80b445f730507068f5b34c920f352e2bfcf0315e4c	none	project	round-2-bug/retention.json
round-2-bug/delivered/packages/ui/tsconfig.json	examples/foundation/.proof/delivery-2a973c5/round-2-bug/delivered/packages/ui/tsconfig.json	181	181	d196a02fc942af46994f25a0e87b7cb14782e9412148b0a3e356887e615a8265	d196a02fc942af46994f25a0e87b7cb14782e9412148b0a3e356887e615a8265	none	d196a02fc942af46994f25a0e87b7cb14782e9412148b0a3e356887e615a8265	d196a02fc942af46994f25a0e87b7cb14782e9412148b0a3e356887e615a8265	none	project	round-2-bug/retention.json
round-2-bug/delivered/scripts/check.ts	examples/foundation/.proof/delivery-2a973c5/round-2-bug/delivered/scripts/check.ts	4480	4480	9c3cd5de3158b763735ec46563ed24aeecd6d516505e48f18750882e0c02ac68	9c3cd5de3158b763735ec46563ed24aeecd6d516505e48f18750882e0c02ac68	none	9c3cd5de3158b763735ec46563ed24aeecd6d516505e48f18750882e0c02ac68	9c3cd5de3158b763735ec46563ed24aeecd6d516505e48f18750882e0c02ac68	none	project	round-2-bug/retention.json
round-2-bug/delivered/scripts/embed-ui.ts	examples/foundation/.proof/delivery-2a973c5/round-2-bug/delivered/scripts/embed-ui.ts	572	572	8d56596ecc114a462c188bbecb4fbb8e61443bf2bbac8c1939dfc1a841b17e9b	8d56596ecc114a462c188bbecb4fbb8e61443bf2bbac8c1939dfc1a841b17e9b	none	8d56596ecc114a462c188bbecb4fbb8e61443bf2bbac8c1939dfc1a841b17e9b	8d56596ecc114a462c188bbecb4fbb8e61443bf2bbac8c1939dfc1a841b17e9b	none	project	round-2-bug/retention.json
round-2-bug/delivered/scripts/enforcement.ts	examples/foundation/.proof/delivery-2a973c5/round-2-bug/delivered/scripts/enforcement.ts	5942	5942	87cf27f64208be19c709ca571abaa5264bd692aa2b755a58906dc5580bd96ce5	87cf27f64208be19c709ca571abaa5264bd692aa2b755a58906dc5580bd96ce5	none	87cf27f64208be19c709ca571abaa5264bd692aa2b755a58906dc5580bd96ce5	87cf27f64208be19c709ca571abaa5264bd692aa2b755a58906dc5580bd96ce5	none	project	round-2-bug/retention.json
round-2-bug/delivered/scripts/http-transport.ts	examples/foundation/.proof/delivery-2a973c5/round-2-bug/delivered/scripts/http-transport.ts	1383	1383	85ef0e5caad04b0f014acb7471208eea113f29bcaadce0a2d9a13a27a4851289	85ef0e5caad04b0f014acb7471208eea113f29bcaadce0a2d9a13a27a4851289	none	85ef0e5caad04b0f014acb7471208eea113f29bcaadce0a2d9a13a27a4851289	85ef0e5caad04b0f014acb7471208eea113f29bcaadce0a2d9a13a27a4851289	none	project	round-2-bug/retention.json
round-2-bug/delivered/scripts/install-hooks.ts	examples/foundation/.proof/delivery-2a973c5/round-2-bug/delivered/scripts/install-hooks.ts	5553	5553	f243b8720f3fdd779b8374178d8f4eeb7dcd014eb65136972ab6d46f2b5f994b	f243b8720f3fdd779b8374178d8f4eeb7dcd014eb65136972ab6d46f2b5f994b	none	f243b8720f3fdd779b8374178d8f4eeb7dcd014eb65136972ab6d46f2b5f994b	f243b8720f3fdd779b8374178d8f4eeb7dcd014eb65136972ab6d46f2b5f994b	none	project	round-2-bug/retention.json
round-2-bug/delivered/scripts/mcp-host-browser.ts	examples/foundation/.proof/delivery-2a973c5/round-2-bug/delivered/scripts/mcp-host-browser.ts	7093	7093	686bef7d89f8198b86cee7a1d8b41407fbde7cb5e71e86f35cd0553484a6a03e	686bef7d89f8198b86cee7a1d8b41407fbde7cb5e71e86f35cd0553484a6a03e	none	686bef7d89f8198b86cee7a1d8b41407fbde7cb5e71e86f35cd0553484a6a03e	686bef7d89f8198b86cee7a1d8b41407fbde7cb5e71e86f35cd0553484a6a03e	none	project	round-2-bug/retention.json
round-2-bug/delivered/scripts/mcp-host.ts	examples/foundation/.proof/delivery-2a973c5/round-2-bug/delivered/scripts/mcp-host.ts	2901	2901	b09829d7958d5faa4ecb9e4f2adf62b956b4007e0bcf2cf09ef4780b073f8958	b09829d7958d5faa4ecb9e4f2adf62b956b4007e0bcf2cf09ef4780b073f8958	none	b09829d7958d5faa4ecb9e4f2adf62b956b4007e0bcf2cf09ef4780b073f8958	b09829d7958d5faa4ecb9e4f2adf62b956b4007e0bcf2cf09ef4780b073f8958	none	project	round-2-bug/retention.json
round-2-bug/delivered/scripts/prepare-check.ts	examples/foundation/.proof/delivery-2a973c5/round-2-bug/delivered/scripts/prepare-check.ts	406	406	347f97d470d664397c7a3b0258fb5885858b4fb4e6c43b89e248432a8c1457ff	347f97d470d664397c7a3b0258fb5885858b4fb4e6c43b89e248432a8c1457ff	none	347f97d470d664397c7a3b0258fb5885858b4fb4e6c43b89e248432a8c1457ff	347f97d470d664397c7a3b0258fb5885858b4fb4e6c43b89e248432a8c1457ff	none	project	round-2-bug/retention.json
round-2-bug/delivered/scripts/readiness.ts	examples/foundation/.proof/delivery-2a973c5/round-2-bug/delivered/scripts/readiness.ts	38729	38729	83f58ee78316ace3e547be38f2cd75d378eda6c266cef327fcb4b0769b8bfd64	83f58ee78316ace3e547be38f2cd75d378eda6c266cef327fcb4b0769b8bfd64	none	83f58ee78316ace3e547be38f2cd75d378eda6c266cef327fcb4b0769b8bfd64	83f58ee78316ace3e547be38f2cd75d378eda6c266cef327fcb4b0769b8bfd64	none	project	round-2-bug/retention.json
round-2-bug/delivered/scripts/runtime.ts	examples/foundation/.proof/delivery-2a973c5/round-2-bug/delivered/scripts/runtime.ts	13722	13722	cd21060931e9a9955e8340623fbc63371de9c96620e298641ab18edfd7dee228	cd21060931e9a9955e8340623fbc63371de9c96620e298641ab18edfd7dee228	none	cd21060931e9a9955e8340623fbc63371de9c96620e298641ab18edfd7dee228	cd21060931e9a9955e8340623fbc63371de9c96620e298641ab18edfd7dee228	none	project	round-2-bug/retention.json
round-2-bug/delivered/scripts/source-identity.ts	examples/foundation/.proof/delivery-2a973c5/round-2-bug/delivered/scripts/source-identity.ts	1553	1553	74dee120839a291c38c7e0982747441e1617cd2264dfb9683f6df3574656fe8a	74dee120839a291c38c7e0982747441e1617cd2264dfb9683f6df3574656fe8a	none	74dee120839a291c38c7e0982747441e1617cd2264dfb9683f6df3574656fe8a	74dee120839a291c38c7e0982747441e1617cd2264dfb9683f6df3574656fe8a	none	project	round-2-bug/retention.json
round-2-bug/delivered/scripts/trials.ts	examples/foundation/.proof/delivery-2a973c5/round-2-bug/delivered/scripts/trials.ts	52414	52414	723291a72a3cf646dfc911d90fe033c7c01b9eb7d6c6daa0bf6b52a5e1f6fd8e	723291a72a3cf646dfc911d90fe033c7c01b9eb7d6c6daa0bf6b52a5e1f6fd8e	none	723291a72a3cf646dfc911d90fe033c7c01b9eb7d6c6daa0bf6b52a5e1f6fd8e	723291a72a3cf646dfc911d90fe033c7c01b9eb7d6c6daa0bf6b52a5e1f6fd8e	none	project	round-2-bug/retention.json
round-2-bug/delivered/tests/domain.test.ts	examples/foundation/.proof/delivery-2a973c5/round-2-bug/delivered/tests/domain.test.ts	720	720	1f944425bc0b6538246fd90b2b13d3ea87db0d9271befff106c68bc748d58dc7	1f944425bc0b6538246fd90b2b13d3ea87db0d9271befff106c68bc748d58dc7	none	1f944425bc0b6538246fd90b2b13d3ea87db0d9271befff106c68bc748d58dc7	1f944425bc0b6538246fd90b2b13d3ea87db0d9271befff106c68bc748d58dc7	none	project	round-2-bug/retention.json
round-2-bug/delivered/tests/proof-policy.test.ts	examples/foundation/.proof/delivery-2a973c5/round-2-bug/delivered/tests/proof-policy.test.ts	9088	9088	687a123fbf358830938718fcf354ed4bdaa372f5a81d852fb8d0139810bf72a9	687a123fbf358830938718fcf354ed4bdaa372f5a81d852fb8d0139810bf72a9	none	cf003fc7b7a859435fa0a73dbbd5f122d3f00ca6e66a367d5e7863f5690d1175	687a123fbf358830938718fcf354ed4bdaa372f5a81d852fb8d0139810bf72a9	credential-redaction	project	round-2-bug/retention.json
round-2-bug/delivered/tests/provenance.test.ts	examples/foundation/.proof/delivery-2a973c5/round-2-bug/delivered/tests/provenance.test.ts	1385	1385	dd94880e1c05c48a8ae8f5f4f03c573e978b185f59cdd3a76e13f51495028fd2	dd94880e1c05c48a8ae8f5f4f03c573e978b185f59cdd3a76e13f51495028fd2	none	dd94880e1c05c48a8ae8f5f4f03c573e978b185f59cdd3a76e13f51495028fd2	dd94880e1c05c48a8ae8f5f4f03c573e978b185f59cdd3a76e13f51495028fd2	none	project	round-2-bug/retention.json
round-2-bug/delivered/tests/trials.test.ts	examples/foundation/.proof/delivery-2a973c5/round-2-bug/delivered/tests/trials.test.ts	38325	38325	1ad2dcedc818fd63ef4e8cb7e5634d1ebbbb324f70e8bf437ad11cf3f01e306c	1ad2dcedc818fd63ef4e8cb7e5634d1ebbbb324f70e8bf437ad11cf3f01e306c	none	2c2f109233cae27959f757ad38f8c7d2bbba886b3c0d8f836abd700cfb9896a0	1ad2dcedc818fd63ef4e8cb7e5634d1ebbbb324f70e8bf437ad11cf3f01e306c	credential-redaction	project	round-2-bug/retention.json
round-2-bug/delivered/tests/work-items-status.test.ts	examples/foundation/.proof/delivery-2a973c5/round-2-bug/delivered/tests/work-items-status.test.ts	4860	4860	6ed45016345bc3e909c17a830080f42b3c1415a48471e154ca6ddfee5460de6a	6ed45016345bc3e909c17a830080f42b3c1415a48471e154ca6ddfee5460de6a	none	6ed45016345bc3e909c17a830080f42b3c1415a48471e154ca6ddfee5460de6a	6ed45016345bc3e909c17a830080f42b3c1415a48471e154ca6ddfee5460de6a	none	project	round-2-bug/retention.json
round-2-bug/delivered/tsconfig.json	examples/foundation/.proof/delivery-2a973c5/round-2-bug/delivered/tsconfig.json	255	255	4240a50aa7aac54aa69314488ca4ec20774566777d0ea914f03df46173f69ebd	4240a50aa7aac54aa69314488ca4ec20774566777d0ea914f03df46173f69ebd	none	4240a50aa7aac54aa69314488ca4ec20774566777d0ea914f03df46173f69ebd	4240a50aa7aac54aa69314488ca4ec20774566777d0ea914f03df46173f69ebd	none	project	round-2-bug/retention.json
round-2-bug/delivered/turbo.json	examples/foundation/.proof/delivery-2a973c5/round-2-bug/delivered/turbo.json	655	655	448cad77683c89e74ad9ed77a55cdd262ab03f86c15a668d3257cd9d354d3e03	448cad77683c89e74ad9ed77a55cdd262ab03f86c15a668d3257cd9d354d3e03	none	448cad77683c89e74ad9ed77a55cdd262ab03f86c15a668d3257cd9d354d3e03	448cad77683c89e74ad9ed77a55cdd262ab03f86c15a668d3257cd9d354d3e03	none	project	round-2-bug/retention.json
round-2-bug/retention.json	examples/foundation/.proof/delivery-2a973c5/round-2-bug/retention.json	37085	37085	b8032aaa488fbc8537f53bce7f32a18ea519df758257cc8fd6f0eade8db02c63	b8032aaa488fbc8537f53bce7f32a18ea519df758257cc8fd6f0eade8db02c63	none			none	saved-run-record	none
round-2-bug/review/events.jsonl	examples/foundation/.proof/delivery-2a973c5/round-2-bug/review/events.jsonl	314582	312456	c83b72955cad4b285f621ca0e8f0ac70780de0078b573967a96ba1743b066bd0	e6b8271c5e382e68d46305640e081bf6cb746b9d15c63f82c57bafa6c2ddf002	host-user-prefix:128,macos-temporary-root:46	ba0850cc8fcdc4f75472d3bbaa2c609714b66ddc3c08daf42e1a7254f6d22b33	c83b72955cad4b285f621ca0e8f0ac70780de0078b573967a96ba1743b066bd0	credential-redaction	CLI-review	report.json
round-2-bug/review/final.json	examples/foundation/.proof/delivery-2a973c5/round-2-bug/review/final.json	4192	4192	0ae14416134c0ebc34e154924e0b01cfcceadc02c44fafa1971dc87f4b8b31d0	0ae14416134c0ebc34e154924e0b01cfcceadc02c44fafa1971dc87f4b8b31d0	none	0ae14416134c0ebc34e154924e0b01cfcceadc02c44fafa1971dc87f4b8b31d0	0ae14416134c0ebc34e154924e0b01cfcceadc02c44fafa1971dc87f4b8b31d0	none	CLI-review	report.json
round-2-bug/review/prompt.txt	examples/foundation/.proof/delivery-2a973c5/round-2-bug/review/prompt.txt	12918	12730	f3cdb4027dc36e18ae5514f1fe4a8a1304ebc15372125b3709ab688e685bf842	b36276a2cf8d3cfa04628a419e54a3ca356e639b8a8f5dbd99e06eff32885f89	host-user-prefix:3,macos-temporary-root:5			none	saved-run-record	none
round-2-bug/review/schema.json	examples/foundation/.proof/delivery-2a973c5/round-2-bug/review/schema.json	2255	2255	8bd8c27669638fc084dfe40d134d5a9fd53a260ec0a67a31d1260ed528a1a250	8bd8c27669638fc084dfe40d134d5a9fd53a260ec0a67a31d1260ed528a1a250	none			none	saved-run-record	none
round-2-bug/review/stderr.log	examples/foundation/.proof/delivery-2a973c5/round-2-bug/review/stderr.log	1666	1664	b6edd8bcbb5cde4488aa59e003c8383177ffa318503d6913dc9fc16d5aeb8491	3745015589032efe6332b922a26ebca611a882d4aeecfedb20d47cbfdedffc8e	host-user-prefix:2	b6edd8bcbb5cde4488aa59e003c8383177ffa318503d6913dc9fc16d5aeb8491	b6edd8bcbb5cde4488aa59e003c8383177ffa318503d6913dc9fc16d5aeb8491	none	CLI-review	report.json
round-2-bug/task.txt	examples/foundation/.proof/delivery-2a973c5/round-2-bug/task.txt	335	335	dc53fc3e9cb949e796fcccecdb6abf432be5c433200e9ac814e60640a8ed0d3e	dc53fc3e9cb949e796fcccecdb6abf432be5c433200e9ac814e60640a8ed0d3e	none			none	saved-run-record	none
round-2-bug/task/events.jsonl	examples/foundation/.proof/delivery-2a973c5/round-2-bug/task/events.jsonl	201233	198902	909b0c3e9a1c48d084b494dbf66329e8652a77ed8aca0c19ada4f3bedf7f7ebf	65fd27ed8286925609581f714724544119940b2b2ec3655f35b0b33cba3554e9	macos-temporary-root:55	1f040daa6a491ceda7ec4462445319bec2ca3128c27f7d278ba43088eeafa156	909b0c3e9a1c48d084b494dbf66329e8652a77ed8aca0c19ada4f3bedf7f7ebf	credential-redaction	CLI-task	report.json
round-2-bug/task/final.json	examples/foundation/.proof/delivery-2a973c5/round-2-bug/task/final.json	1163	1163	4459b1db382daa33f3a7df17a94dd28055b7f6688f4af369ed6389e0aee78722	4459b1db382daa33f3a7df17a94dd28055b7f6688f4af369ed6389e0aee78722	none	4459b1db382daa33f3a7df17a94dd28055b7f6688f4af369ed6389e0aee78722	4459b1db382daa33f3a7df17a94dd28055b7f6688f4af369ed6389e0aee78722	none	CLI-task	report.json
round-2-bug/task/prompt.txt	examples/foundation/.proof/delivery-2a973c5/round-2-bug/task/prompt.txt	823	823	1b95f85a596613b8533d05479f531079cbdeb63fe80d73de59ab43a0fee794f5	1b95f85a596613b8533d05479f531079cbdeb63fe80d73de59ab43a0fee794f5	none			none	saved-run-record	none
round-2-bug/task/schema.json	examples/foundation/.proof/delivery-2a973c5/round-2-bug/task/schema.json	745	745	09d88e02a278f8f9f9c9e73dfadc39517f75c9a27a230302ee897a6dada2275b	09d88e02a278f8f9f9c9e73dfadc39517f75c9a27a230302ee897a6dada2275b	none			none	saved-run-record	none
round-2-bug/task/stderr.log	examples/foundation/.proof/delivery-2a973c5/round-2-bug/task/stderr.log	1330	1327	cde910636a512bf9f02d5549dafc89e1012ad0b5460ed37dcda7208eeb3e5a15	d539c971b2ce8b25c9afa13f47e00335d67d3e036247ed6653461d0dad4ac630	host-user-prefix:3	cde910636a512bf9f02d5549dafc89e1012ad0b5460ed37dcda7208eeb3e5a15	cde910636a512bf9f02d5549dafc89e1012ad0b5460ed37dcda7208eeb3e5a15	none	CLI-task	report.json
round-2-creation/acceptance.json	examples/foundation/.proof/delivery-2a973c5/round-2-creation/acceptance.json	3852	3777	cda8931cc4e84fa1fac0dff11ed1f23b964027fb92953685503ec4c97479f1dc	ee0b9bed1821976c69ae4165c62501383a9e519a5cec188f12e13fa764cdbef1	host-user-prefix:1,macos-temporary-root:2			none	saved-run-record	none
round-2-creation/acceptance/command.log	examples/foundation/.proof/delivery-2a973c5/round-2-creation/acceptance/command.log	3152	3152	e26b6952e5530fec922cd44466891039b32f27463ed0aa4fe7d8c00961ca3882	e26b6952e5530fec922cd44466891039b32f27463ed0aa4fe7d8c00961ca3882	none			none	saved-run-record	none
round-2-creation/acceptance/mcp-app-host.png	examples/foundation/.proof/delivery-2a973c5/round-2-creation/acceptance/mcp-app-host.png	38386	38386	59773cfc465b1db872a5252f727928a3e8162e5fb73bfc08f1d364f164940341	59773cfc465b1db872a5252f727928a3e8162e5fb73bfc08f1d364f164940341	none			none	saved-run-record	none
round-2-creation/acceptance/mcp-host-observations.json	examples/foundation/.proof/delivery-2a973c5/round-2-creation/acceptance/mcp-host-observations.json	1412	1412	9b20ad566c874412fb840610f8b6b58e8cdfd6037ad4e2b52908b3d5be74aeff	9b20ad566c874412fb840610f8b6b58e8cdfd6037ad4e2b52908b3d5be74aeff	none			none	saved-run-record	none
round-2-creation/acceptance/report.json	examples/foundation/.proof/delivery-2a973c5/round-2-creation/acceptance/report.json	3152	3152	e26b6952e5530fec922cd44466891039b32f27463ed0aa4fe7d8c00961ca3882	e26b6952e5530fec922cd44466891039b32f27463ed0aa4fe7d8c00961ca3882	none			none	saved-run-record	none
round-2-creation/acceptance/runtime.log	examples/foundation/.proof/delivery-2a973c5/round-2-creation/acceptance/runtime.log	1976	1976	a7fe3ea086d9354262cf40dd4c9954e5212c778c92afde573e1043379d472c8a	a7fe3ea086d9354262cf40dd4c9954e5212c778c92afde573e1043379d472c8a	none			none	saved-run-record	none
round-2-creation/acceptance/web-persisted.png	examples/foundation/.proof/delivery-2a973c5/round-2-creation/acceptance/web-persisted.png	30391	30391	c36a3928f182673b382332554d6e6fdb277274b6b2172374f525948d4384c2f9	c36a3928f182673b382332554d6e6fdb277274b6b2172374f525948d4384c2f9	none			none	saved-run-record	none
round-2-creation/change.diff	examples/foundation/.proof/delivery-2a973c5/round-2-creation/change.diff	524627	524401	7d62bc0b84e1dc0b994428bc423316358b736446c9aba38b143f4e4d5038499d	21eee7c93ef5142963337c590f7d683d891cac1ddc06c8c63f7b4b18ccad3e7f	host-user-prefix:1,macos-temporary-root:5	57770f93b53c2d55e170e1d4db2c009aef2835e9fa1fd41e3eb3a3d4db879257	7d62bc0b84e1dc0b994428bc423316358b736446c9aba38b143f4e4d5038499d	credential-redaction	Git-diff	report.json
round-2-creation/delivered-files.json	examples/foundation/.proof/delivery-2a973c5/round-2-creation/delivered-files.json	11120	11120	8f68d1ad6067edaaff9301c7f3e7259839cf7e09d2491ace72172c9f0c2eef8a	8f68d1ad6067edaaff9301c7f3e7259839cf7e09d2491ace72172c9f0c2eef8a	none			none	saved-run-record	none
round-2-creation/delivered/.astack/feature-map/work-items/README.md	examples/foundation/.proof/delivery-2a973c5/round-2-creation/delivered/.astack/feature-map/work-items/README.md	383	383	f22f22985ef1a9782e4c6a9a074bd90328e7cde7644dfa3719c926410782bed5	f22f22985ef1a9782e4c6a9a074bd90328e7cde7644dfa3719c926410782bed5	none	f22f22985ef1a9782e4c6a9a074bd90328e7cde7644dfa3719c926410782bed5	f22f22985ef1a9782e4c6a9a074bd90328e7cde7644dfa3719c926410782bed5	none	project	round-2-creation/retention.json
round-2-creation/delivered/.astack/feature-map/work-items/work-items.md	examples/foundation/.proof/delivery-2a973c5/round-2-creation/delivered/.astack/feature-map/work-items/work-items.md	1206	1206	67d6aa7c0f3843349997b2578963b437661211be34b69907978d6a2bd152aba5	67d6aa7c0f3843349997b2578963b437661211be34b69907978d6a2bd152aba5	none	67d6aa7c0f3843349997b2578963b437661211be34b69907978d6a2bd152aba5	67d6aa7c0f3843349997b2578963b437661211be34b69907978d6a2bd152aba5	none	project	round-2-creation/retention.json
round-2-creation/delivered/.astack/foundation-setup/behavior-contract.md	examples/foundation/.proof/delivery-2a973c5/round-2-creation/delivered/.astack/foundation-setup/behavior-contract.md	2645	2645	e4a9b7b88c0c68f4ce8206bf39f0d7f7e14e42a461e87b78f3a17f76a3ae14f8	e4a9b7b88c0c68f4ce8206bf39f0d7f7e14e42a461e87b78f3a17f76a3ae14f8	none	e4a9b7b88c0c68f4ce8206bf39f0d7f7e14e42a461e87b78f3a17f76a3ae14f8	e4a9b7b88c0c68f4ce8206bf39f0d7f7e14e42a461e87b78f3a17f76a3ae14f8	none	project	round-2-creation/retention.json
round-2-creation/delivered/.astack/foundation-setup/evidence/README.md	examples/foundation/.proof/delivery-2a973c5/round-2-creation/delivered/.astack/foundation-setup/evidence/README.md	5577	5577	11fdb2766ea923a2f455698191e40131c1c42f65f48b30111ebeed769201f9fa	11fdb2766ea923a2f455698191e40131c1c42f65f48b30111ebeed769201f9fa	none	11fdb2766ea923a2f455698191e40131c1c42f65f48b30111ebeed769201f9fa	11fdb2766ea923a2f455698191e40131c1c42f65f48b30111ebeed769201f9fa	none	project	round-2-creation/retention.json
round-2-creation/delivered/.astack/foundation-setup/evidence/audit.json	examples/foundation/.proof/delivery-2a973c5/round-2-creation/delivered/.astack/foundation-setup/evidence/audit.json	2386	2386	0ce1b9e0fa08bd9fb39ec9d1359d25caa9b768023ebda9e4c5cb3247ccb7fb0f	0ce1b9e0fa08bd9fb39ec9d1359d25caa9b768023ebda9e4c5cb3247ccb7fb0f	none	0ce1b9e0fa08bd9fb39ec9d1359d25caa9b768023ebda9e4c5cb3247ccb7fb0f	0ce1b9e0fa08bd9fb39ec9d1359d25caa9b768023ebda9e4c5cb3247ccb7fb0f	none	project	round-2-creation/retention.json
round-2-creation/delivered/.astack/foundation-setup/evidence/check-affected.log	examples/foundation/.proof/delivery-2a973c5/round-2-creation/delivered/.astack/foundation-setup/evidence/check-affected.log	5344	5344	82234b2e31c4edfe01114c3b744a49ea8c76d2c57c8ff07fdff763e03b6f1f4f	82234b2e31c4edfe01114c3b744a49ea8c76d2c57c8ff07fdff763e03b6f1f4f	none	82234b2e31c4edfe01114c3b744a49ea8c76d2c57c8ff07fdff763e03b6f1f4f	82234b2e31c4edfe01114c3b744a49ea8c76d2c57c8ff07fdff763e03b6f1f4f	none	project	round-2-creation/retention.json
round-2-creation/delivered/.astack/foundation-setup/evidence/check-ci-attempt-1.log	examples/foundation/.proof/delivery-2a973c5/round-2-creation/delivered/.astack/foundation-setup/evidence/check-ci-attempt-1.log	1007	917	3faa1f055b8ca25847bcbe531fea5b50ac70e426692c4742491f0554482b1a85	26bfe5e1fd666602bc237c23d929b2d3ad3a9ffb9f7fdf8c13140aee06a8f264	macos-temporary-root:2	3faa1f055b8ca25847bcbe531fea5b50ac70e426692c4742491f0554482b1a85	3faa1f055b8ca25847bcbe531fea5b50ac70e426692c4742491f0554482b1a85	none	project	round-2-creation/retention.json
round-2-creation/delivered/.astack/foundation-setup/evidence/check-ci.log	examples/foundation/.proof/delivery-2a973c5/round-2-creation/delivered/.astack/foundation-setup/evidence/check-ci.log	8527	8482	ce138012afe0aeeccfb8a2cc3d1123c21520cceb02e932b9261ce881ae2a8bdf	ec2ffec53b0f0d8da22a5d72d75e8fc591c673bff3435b5dbac75d0408967d95	macos-temporary-root:1	53d4e17b5b0b03d6c11277647600bfb2483ade93c1520a31f9daa52ac8c96de2	ce138012afe0aeeccfb8a2cc3d1123c21520cceb02e932b9261ce881ae2a8bdf	terminal-control-normalization	project	round-2-creation/retention.json
round-2-creation/delivered/.astack/foundation-setup/evidence/check-quick.log	examples/foundation/.proof/delivery-2a973c5/round-2-creation/delivered/.astack/foundation-setup/evidence/check-quick.log	257	257	6493b09c1cdddb98c7fc960b67a23d36e5202f465188f4025c5d90ed1f141d49	6493b09c1cdddb98c7fc960b67a23d36e5202f465188f4025c5d90ed1f141d49	none	6493b09c1cdddb98c7fc960b67a23d36e5202f465188f4025c5d90ed1f141d49	6493b09c1cdddb98c7fc960b67a23d36e5202f465188f4025c5d90ed1f141d49	none	project	round-2-creation/retention.json
round-2-creation/delivered/.astack/foundation-setup/evidence/checks-attempt-1.json	examples/foundation/.proof/delivery-2a973c5/round-2-creation/delivered/.astack/foundation-setup/evidence/checks-attempt-1.json	1277	1277	538a85ff0c8e216d57fb013d3a5b96a7b0d2fa86449dddf87e96d88f928827d8	538a85ff0c8e216d57fb013d3a5b96a7b0d2fa86449dddf87e96d88f928827d8	none	538a85ff0c8e216d57fb013d3a5b96a7b0d2fa86449dddf87e96d88f928827d8	538a85ff0c8e216d57fb013d3a5b96a7b0d2fa86449dddf87e96d88f928827d8	none	project	round-2-creation/retention.json
round-2-creation/delivered/.astack/foundation-setup/evidence/checks.json	examples/foundation/.proof/delivery-2a973c5/round-2-creation/delivered/.astack/foundation-setup/evidence/checks.json	1322	1322	b06d6c66079b056a2a79de24f4ef93c90c090586546d22d416138e4e210d22ce	b06d6c66079b056a2a79de24f4ef93c90c090586546d22d416138e4e210d22ce	none	b06d6c66079b056a2a79de24f4ef93c90c090586546d22d416138e4e210d22ce	b06d6c66079b056a2a79de24f4ef93c90c090586546d22d416138e4e210d22ce	none	project	round-2-creation/retention.json
round-2-creation/delivered/.astack/foundation-setup/evidence/control-help.log	examples/foundation/.proof/delivery-2a973c5/round-2-creation/delivered/.astack/foundation-setup/evidence/control-help.log	481	481	690ef73f37a8de290ffccd3e4870e439ba9b7381c591e333625f8f7d49dc3b0e	690ef73f37a8de290ffccd3e4870e439ba9b7381c591e333625f8f7d49dc3b0e	none	690ef73f37a8de290ffccd3e4870e439ba9b7381c591e333625f8f7d49dc3b0e	690ef73f37a8de290ffccd3e4870e439ba9b7381c591e333625f8f7d49dc3b0e	none	project	round-2-creation/retention.json
round-2-creation/delivered/.astack/foundation-setup/evidence/control-readiness.log	examples/foundation/.proof/delivery-2a973c5/round-2-creation/delivered/.astack/foundation-setup/evidence/control-readiness.log	3152	3152	57201a8f68b7567ef610e810944b7c7e86bba67bd449f2d2c1f207d2258f7be9	57201a8f68b7567ef610e810944b7c7e86bba67bd449f2d2c1f207d2258f7be9	none	57201a8f68b7567ef610e810944b7c7e86bba67bd449f2d2c1f207d2258f7be9	57201a8f68b7567ef610e810944b7c7e86bba67bd449f2d2c1f207d2258f7be9	none	project	round-2-creation/retention.json
round-2-creation/delivered/.astack/foundation-setup/evidence/control-readiness/mcp-app-host.png	examples/foundation/.proof/delivery-2a973c5/round-2-creation/delivered/.astack/foundation-setup/evidence/control-readiness/mcp-app-host.png	38691	38691	2abc64236b977114a5fb2263b031a7e22666782a8dfc4f0e5d6cd696a78682b6	2abc64236b977114a5fb2263b031a7e22666782a8dfc4f0e5d6cd696a78682b6	none	2abc64236b977114a5fb2263b031a7e22666782a8dfc4f0e5d6cd696a78682b6	2abc64236b977114a5fb2263b031a7e22666782a8dfc4f0e5d6cd696a78682b6	none	project	round-2-creation/retention.json
round-2-creation/delivered/.astack/foundation-setup/evidence/control-readiness/mcp-host-observations.json	examples/foundation/.proof/delivery-2a973c5/round-2-creation/delivered/.astack/foundation-setup/evidence/control-readiness/mcp-host-observations.json	1412	1412	3d868dd4689187497d32422579f6a72ef640ec0239f0f79b2c3b7e938e84b4ad	3d868dd4689187497d32422579f6a72ef640ec0239f0f79b2c3b7e938e84b4ad	none	3d868dd4689187497d32422579f6a72ef640ec0239f0f79b2c3b7e938e84b4ad	3d868dd4689187497d32422579f6a72ef640ec0239f0f79b2c3b7e938e84b4ad	none	project	round-2-creation/retention.json
round-2-creation/delivered/.astack/foundation-setup/evidence/control-readiness/report.json	examples/foundation/.proof/delivery-2a973c5/round-2-creation/delivered/.astack/foundation-setup/evidence/control-readiness/report.json	3152	3152	57201a8f68b7567ef610e810944b7c7e86bba67bd449f2d2c1f207d2258f7be9	57201a8f68b7567ef610e810944b7c7e86bba67bd449f2d2c1f207d2258f7be9	none	57201a8f68b7567ef610e810944b7c7e86bba67bd449f2d2c1f207d2258f7be9	57201a8f68b7567ef610e810944b7c7e86bba67bd449f2d2c1f207d2258f7be9	none	project	round-2-creation/retention.json
round-2-creation/delivered/.astack/foundation-setup/evidence/control-readiness/runtime.log	examples/foundation/.proof/delivery-2a973c5/round-2-creation/delivered/.astack/foundation-setup/evidence/control-readiness/runtime.log	1882	1882	116f60b5a2e9cc735479e514348fac599b5fc721c9f316573415a3a7e14c729f	116f60b5a2e9cc735479e514348fac599b5fc721c9f316573415a3a7e14c729f	none	116f60b5a2e9cc735479e514348fac599b5fc721c9f316573415a3a7e14c729f	116f60b5a2e9cc735479e514348fac599b5fc721c9f316573415a3a7e14c729f	none	project	round-2-creation/retention.json
round-2-creation/delivered/.astack/foundation-setup/evidence/control-readiness/web-persisted.png	examples/foundation/.proof/delivery-2a973c5/round-2-creation/delivered/.astack/foundation-setup/evidence/control-readiness/web-persisted.png	31499	31499	177d4f62de5f44b868b01b9aac886aecca6cdc644f0c967380a603d88952d5b4	177d4f62de5f44b868b01b9aac886aecca6cdc644f0c967380a603d88952d5b4	none	177d4f62de5f44b868b01b9aac886aecca6cdc644f0c967380a603d88952d5b4	177d4f62de5f44b868b01b9aac886aecca6cdc644f0c967380a603d88952d5b4	none	project	round-2-creation/retention.json
round-2-creation/delivered/.astack/foundation-setup/evidence/doctor-before-commit.log	examples/foundation/.proof/delivery-2a973c5/round-2-creation/delivered/.astack/foundation-setup/evidence/doctor-before-commit.log	877	832	acad7e7af0b5c7d19e7578c5deb8fd0b8180adb34bc69386a96db47f6088ff87	82d83ad4f148f06697448c235317d8b11edb96e8bd7ea762f80927fdef39eb8b	macos-temporary-root:1	acad7e7af0b5c7d19e7578c5deb8fd0b8180adb34bc69386a96db47f6088ff87	acad7e7af0b5c7d19e7578c5deb8fd0b8180adb34bc69386a96db47f6088ff87	none	project	round-2-creation/retention.json
round-2-creation/delivered/.astack/foundation-setup/evidence/doctor.log	examples/foundation/.proof/delivery-2a973c5/round-2-creation/delivered/.astack/foundation-setup/evidence/doctor.log	877	832	db2b515047b86ff2319288d2114170627090ec56ec889a094d44a42ef9171efd	c6b4b9c81e4a4fd4020e260d49672dbf35298df0e41520ea80fce0c8473527b8	macos-temporary-root:1	db2b515047b86ff2319288d2114170627090ec56ec889a094d44a42ef9171efd	db2b515047b86ff2319288d2114170627090ec56ec889a094d44a42ef9171efd	none	project	round-2-creation/retention.json
round-2-creation/delivered/.astack/foundation-setup/evidence/enforcement-report.json	examples/foundation/.proof/delivery-2a973c5/round-2-creation/delivered/.astack/foundation-setup/evidence/enforcement-report.json	2604	2604	ebd9c06897cbcaccc34ab91299caf40a62909289f43f16555bcde43f408b1d19	ebd9c06897cbcaccc34ab91299caf40a62909289f43f16555bcde43f408b1d19	none	ebd9c06897cbcaccc34ab91299caf40a62909289f43f16555bcde43f408b1d19	ebd9c06897cbcaccc34ab91299caf40a62909289f43f16555bcde43f408b1d19	none	project	round-2-creation/retention.json
round-2-creation/delivered/.astack/foundation-setup/evidence/enforcement.log	examples/foundation/.proof/delivery-2a973c5/round-2-creation/delivered/.astack/foundation-setup/evidence/enforcement.log	2580	2580	51f7788c98177e1ca047a994cde7e9f659bfe8294da928fb73777ecfe7d2f084	51f7788c98177e1ca047a994cde7e9f659bfe8294da928fb73777ecfe7d2f084	none	51f7788c98177e1ca047a994cde7e9f659bfe8294da928fb73777ecfe7d2f084	51f7788c98177e1ca047a994cde7e9f659bfe8294da928fb73777ecfe7d2f084	none	project	round-2-creation/retention.json
round-2-creation/delivered/.astack/foundation-setup/evidence/install-frozen.log	examples/foundation/.proof/delivery-2a973c5/round-2-creation/delivered/.astack/foundation-setup/evidence/install-frozen.log	209	209	694630e9d13ab5c9b9f1587eb9706ccd966d5848e470c80b279516dfdab2905e	694630e9d13ab5c9b9f1587eb9706ccd966d5848e470c80b279516dfdab2905e	none	694630e9d13ab5c9b9f1587eb9706ccd966d5848e470c80b279516dfdab2905e	694630e9d13ab5c9b9f1587eb9706ccd966d5848e470c80b279516dfdab2905e	none	project	round-2-creation/retention.json
round-2-creation/delivered/.astack/foundation-setup/evidence/script-readiness.log	examples/foundation/.proof/delivery-2a973c5/round-2-creation/delivered/.astack/foundation-setup/evidence/script-readiness.log	3241	3241	39c492c1097aab55ed86cbbcb1f2a371d20807bafdf249880cf4172802d1dd2f	39c492c1097aab55ed86cbbcb1f2a371d20807bafdf249880cf4172802d1dd2f	none	39c492c1097aab55ed86cbbcb1f2a371d20807bafdf249880cf4172802d1dd2f	39c492c1097aab55ed86cbbcb1f2a371d20807bafdf249880cf4172802d1dd2f	none	project	round-2-creation/retention.json
round-2-creation/delivered/.astack/foundation-setup/evidence/script-readiness/mcp-app-host.png	examples/foundation/.proof/delivery-2a973c5/round-2-creation/delivered/.astack/foundation-setup/evidence/script-readiness/mcp-app-host.png	38672	38672	045d952b662f3ae3b3263e9bde72509d5485bd1f32e0ebdc5a5f99f114038ab1	045d952b662f3ae3b3263e9bde72509d5485bd1f32e0ebdc5a5f99f114038ab1	none	045d952b662f3ae3b3263e9bde72509d5485bd1f32e0ebdc5a5f99f114038ab1	045d952b662f3ae3b3263e9bde72509d5485bd1f32e0ebdc5a5f99f114038ab1	none	project	round-2-creation/retention.json
round-2-creation/delivered/.astack/foundation-setup/evidence/script-readiness/mcp-host-observations.json	examples/foundation/.proof/delivery-2a973c5/round-2-creation/delivered/.astack/foundation-setup/evidence/script-readiness/mcp-host-observations.json	1412	1412	5136b84eeb5c20f8b89d5d1d919c24bcd2318c42d3abdf8453104522a5be4514	5136b84eeb5c20f8b89d5d1d919c24bcd2318c42d3abdf8453104522a5be4514	none	5136b84eeb5c20f8b89d5d1d919c24bcd2318c42d3abdf8453104522a5be4514	5136b84eeb5c20f8b89d5d1d919c24bcd2318c42d3abdf8453104522a5be4514	none	project	round-2-creation/retention.json
round-2-creation/delivered/.astack/foundation-setup/evidence/script-readiness/report.json	examples/foundation/.proof/delivery-2a973c5/round-2-creation/delivered/.astack/foundation-setup/evidence/script-readiness/report.json	3152	3152	d4a982d169b3c6089f8ec445e00775c8dee70d9e81863ee68aaad73967fce8fd	d4a982d169b3c6089f8ec445e00775c8dee70d9e81863ee68aaad73967fce8fd	none	d4a982d169b3c6089f8ec445e00775c8dee70d9e81863ee68aaad73967fce8fd	d4a982d169b3c6089f8ec445e00775c8dee70d9e81863ee68aaad73967fce8fd	none	project	round-2-creation/retention.json
round-2-creation/delivered/.astack/foundation-setup/evidence/script-readiness/runtime.log	examples/foundation/.proof/delivery-2a973c5/round-2-creation/delivered/.astack/foundation-setup/evidence/script-readiness/runtime.log	1883	1883	53c867a8d11fbff5d86ce815aed339b35e92f6a24807482cca516481f5034a2e	53c867a8d11fbff5d86ce815aed339b35e92f6a24807482cca516481f5034a2e	none	53c867a8d11fbff5d86ce815aed339b35e92f6a24807482cca516481f5034a2e	53c867a8d11fbff5d86ce815aed339b35e92f6a24807482cca516481f5034a2e	none	project	round-2-creation/retention.json
round-2-creation/delivered/.astack/foundation-setup/evidence/script-readiness/web-persisted.png	examples/foundation/.proof/delivery-2a973c5/round-2-creation/delivered/.astack/foundation-setup/evidence/script-readiness/web-persisted.png	31228	31228	f598ed74aeca91bcf91f48b0b51f5b48fd16aea2ddfa44887863f7cfa764c8e6	f598ed74aeca91bcf91f48b0b51f5b48fd16aea2ddfa44887863f7cfa764c8e6	none	f598ed74aeca91bcf91f48b0b51f5b48fd16aea2ddfa44887863f7cfa764c8e6	f598ed74aeca91bcf91f48b0b51f5b48fd16aea2ddfa44887863f7cfa764c8e6	none	project	round-2-creation/retention.json
round-2-creation/delivered/.astack/foundation-setup/evidence/toolchain.md	examples/foundation/.proof/delivery-2a973c5/round-2-creation/delivered/.astack/foundation-setup/evidence/toolchain.md	1029	1028	39b7218135bea820288184d8df414c9fbc294432d2cd2709eadcf7dc76cefc24	a1c95dd4d248e61a97d504ee998c10c1922f8f1c21cf956b379a6ae93cb8244a	host-user-prefix:1	39b7218135bea820288184d8df414c9fbc294432d2cd2709eadcf7dc76cefc24	39b7218135bea820288184d8df414c9fbc294432d2cd2709eadcf7dc76cefc24	none	project	round-2-creation/retention.json
round-2-creation/delivered/.astack/project.md	examples/foundation/.proof/delivery-2a973c5/round-2-creation/delivered/.astack/project.md	3250	3250	3378bf4d24cd36ac5243a57e7297a6614625d32707caf1af2807afc403672db4	3378bf4d24cd36ac5243a57e7297a6614625d32707caf1af2807afc403672db4	none	3378bf4d24cd36ac5243a57e7297a6614625d32707caf1af2807afc403672db4	3378bf4d24cd36ac5243a57e7297a6614625d32707caf1af2807afc403672db4	none	project	round-2-creation/retention.json
round-2-creation/delivered/.astack/scaffold.json	examples/foundation/.proof/delivery-2a973c5/round-2-creation/delivered/.astack/scaffold.json	274	274	fd925cb43ab0d699fcda4ef3b851a15983ac6c09501e24f059ee21736b907d52	fd925cb43ab0d699fcda4ef3b851a15983ac6c09501e24f059ee21736b907d52	none	fd925cb43ab0d699fcda4ef3b851a15983ac6c09501e24f059ee21736b907d52	fd925cb43ab0d699fcda4ef3b851a15983ac6c09501e24f059ee21736b907d52	none	project	round-2-creation/retention.json
round-2-creation/delivered/.codex/skills/astack-work-items/SKILL.md	examples/foundation/.proof/delivery-2a973c5/round-2-creation/delivered/.codex/skills/astack-work-items/SKILL.md	1242	1242	d6d82b88246cd96512e1a0c5a022c2f3a7d80a1eb164e905dc0d4232d6133fb2	d6d82b88246cd96512e1a0c5a022c2f3a7d80a1eb164e905dc0d4232d6133fb2	none	d6d82b88246cd96512e1a0c5a022c2f3a7d80a1eb164e905dc0d4232d6133fb2	d6d82b88246cd96512e1a0c5a022c2f3a7d80a1eb164e905dc0d4232d6133fb2	none	project	round-2-creation/retention.json
round-2-creation/delivered/.codex/skills/astack-work-items/control.ts	examples/foundation/.proof/delivery-2a973c5/round-2-creation/delivered/.codex/skills/astack-work-items/control.ts	1271	1271	78daca53062dfb26bc78cfaf8bb8d70b2b2af2fa266484cc3c4e190591f0fcce	78daca53062dfb26bc78cfaf8bb8d70b2b2af2fa266484cc3c4e190591f0fcce	none	78daca53062dfb26bc78cfaf8bb8d70b2b2af2fa266484cc3c4e190591f0fcce	78daca53062dfb26bc78cfaf8bb8d70b2b2af2fa266484cc3c4e190591f0fcce	none	project	round-2-creation/retention.json
round-2-creation/delivered/.gitignore	examples/foundation/.proof/delivery-2a973c5/round-2-creation/delivered/.gitignore	133	133	d7cfccfef537709ee2dd5dc14c0406dc2bd50fee52c785f481010b2689a9db7b	d7cfccfef537709ee2dd5dc14c0406dc2bd50fee52c785f481010b2689a9db7b	none	d7cfccfef537709ee2dd5dc14c0406dc2bd50fee52c785f481010b2689a9db7b	d7cfccfef537709ee2dd5dc14c0406dc2bd50fee52c785f481010b2689a9db7b	none	project	round-2-creation/retention.json
round-2-creation/delivered/.husky/pre-commit	examples/foundation/.proof/delivery-2a973c5/round-2-creation/delivered/.husky/pre-commit	194	194	49db70e604bf06f5bda03778a71d8bb249cd4af481ca976e5b35cb754532b042	49db70e604bf06f5bda03778a71d8bb249cd4af481ca976e5b35cb754532b042	none	49db70e604bf06f5bda03778a71d8bb249cd4af481ca976e5b35cb754532b042	49db70e604bf06f5bda03778a71d8bb249cd4af481ca976e5b35cb754532b042	none	project	round-2-creation/retention.json
round-2-creation/delivered/.prettierignore	examples/foundation/.proof/delivery-2a973c5/round-2-creation/delivered/.prettierignore	101	101	077f2966b94e14c1bf40a136c4a9fecfb41e793e32d18d07413873994263d7ad	077f2966b94e14c1bf40a136c4a9fecfb41e793e32d18d07413873994263d7ad	none	077f2966b94e14c1bf40a136c4a9fecfb41e793e32d18d07413873994263d7ad	077f2966b94e14c1bf40a136c4a9fecfb41e793e32d18d07413873994263d7ad	none	project	round-2-creation/retention.json
round-2-creation/delivered/.prettierrc.json	examples/foundation/.proof/delivery-2a973c5/round-2-creation/delivered/.prettierrc.json	48	48	32dcd743a0ffca59a737c87abcfcc3f57a0cede5cedb6a8b1b68d32a3b6d4506	32dcd743a0ffca59a737c87abcfcc3f57a0cede5cedb6a8b1b68d32a3b6d4506	none	32dcd743a0ffca59a737c87abcfcc3f57a0cede5cedb6a8b1b68d32a3b6d4506	32dcd743a0ffca59a737c87abcfcc3f57a0cede5cedb6a8b1b68d32a3b6d4506	none	project	round-2-creation/retention.json
round-2-creation/delivered/.proof/enforcement/report.json	examples/foundation/.proof/delivery-2a973c5/round-2-creation/delivered/.proof/enforcement/report.json	2796	2796	0680ffa9f109130faac34f42b676a0e3b208de81cfd23f1d55f46ad4cf549aff	0680ffa9f109130faac34f42b676a0e3b208de81cfd23f1d55f46ad4cf549aff	none	0680ffa9f109130faac34f42b676a0e3b208de81cfd23f1d55f46ad4cf549aff	0680ffa9f109130faac34f42b676a0e3b208de81cfd23f1d55f46ad4cf549aff	none	project	round-2-creation/retention.json
round-2-creation/delivered/README.md	examples/foundation/.proof/delivery-2a973c5/round-2-creation/delivered/README.md	9653	9653	0773d22018948946391712250b072bac2afb730a5c91e4a1c570edfa7f835f18	0773d22018948946391712250b072bac2afb730a5c91e4a1c570edfa7f835f18	none	0773d22018948946391712250b072bac2afb730a5c91e4a1c570edfa7f835f18	0773d22018948946391712250b072bac2afb730a5c91e4a1c570edfa7f835f18	none	project	round-2-creation/retention.json
round-2-creation/delivered/apps/mcp-ui/index.html	examples/foundation/.proof/delivery-2a973c5/round-2-creation/delivered/apps/mcp-ui/index.html	295	295	94fe15c034fde9461e7c54c4bbb6e13eceb9bc5ba6305cafa4a7ef146aa4a82e	94fe15c034fde9461e7c54c4bbb6e13eceb9bc5ba6305cafa4a7ef146aa4a82e	none	94fe15c034fde9461e7c54c4bbb6e13eceb9bc5ba6305cafa4a7ef146aa4a82e	94fe15c034fde9461e7c54c4bbb6e13eceb9bc5ba6305cafa4a7ef146aa4a82e	none	project	round-2-creation/retention.json
round-2-creation/delivered/apps/mcp-ui/package.json	examples/foundation/.proof/delivery-2a973c5/round-2-creation/delivered/apps/mcp-ui/package.json	446	446	ad665bb56b8ee65c856b1bdcd6c88c8f33cd36f2df2c40e7e12872a9592f5f06	ad665bb56b8ee65c856b1bdcd6c88c8f33cd36f2df2c40e7e12872a9592f5f06	none	ad665bb56b8ee65c856b1bdcd6c88c8f33cd36f2df2c40e7e12872a9592f5f06	ad665bb56b8ee65c856b1bdcd6c88c8f33cd36f2df2c40e7e12872a9592f5f06	none	project	round-2-creation/retention.json
round-2-creation/delivered/apps/mcp-ui/src/main.tsx	examples/foundation/.proof/delivery-2a973c5/round-2-creation/delivered/apps/mcp-ui/src/main.tsx	5593	5593	97dd3c35aa605b8983daf0acf06ebe30dcd6aa05a5eabc1e04688b37cc64c37d	97dd3c35aa605b8983daf0acf06ebe30dcd6aa05a5eabc1e04688b37cc64c37d	none	97dd3c35aa605b8983daf0acf06ebe30dcd6aa05a5eabc1e04688b37cc64c37d	97dd3c35aa605b8983daf0acf06ebe30dcd6aa05a5eabc1e04688b37cc64c37d	none	project	round-2-creation/retention.json
round-2-creation/delivered/apps/mcp-ui/tsconfig.json	examples/foundation/.proof/delivery-2a973c5/round-2-creation/delivered/apps/mcp-ui/tsconfig.json	167	167	5e0bda48b8b922b60fd2156cd7b2ae77be6501767a0addb9daf2d2b7d6354e25	5e0bda48b8b922b60fd2156cd7b2ae77be6501767a0addb9daf2d2b7d6354e25	none	5e0bda48b8b922b60fd2156cd7b2ae77be6501767a0addb9daf2d2b7d6354e25	5e0bda48b8b922b60fd2156cd7b2ae77be6501767a0addb9daf2d2b7d6354e25	none	project	round-2-creation/retention.json
round-2-creation/delivered/apps/mcp-ui/vite.config.ts	examples/foundation/.proof/delivery-2a973c5/round-2-creation/delivered/apps/mcp-ui/vite.config.ts	264	264	2a55d4c288492c76c16e4093db62b199cd65e5849db0ba2d465127b0d9c694e1	2a55d4c288492c76c16e4093db62b199cd65e5849db0ba2d465127b0d9c694e1	none	2a55d4c288492c76c16e4093db62b199cd65e5849db0ba2d465127b0d9c694e1	2a55d4c288492c76c16e4093db62b199cd65e5849db0ba2d465127b0d9c694e1	none	project	round-2-creation/retention.json
round-2-creation/delivered/apps/web/.env.example	examples/foundation/.proof/delivery-2a973c5/round-2-creation/delivered/apps/web/.env.example	275	275	b0a0ce4f487271efc054bfed28174b7ca284096bb0b551aacc84d2b128720096	b0a0ce4f487271efc054bfed28174b7ca284096bb0b551aacc84d2b128720096	none	b0a0ce4f487271efc054bfed28174b7ca284096bb0b551aacc84d2b128720096	b0a0ce4f487271efc054bfed28174b7ca284096bb0b551aacc84d2b128720096	none	project	round-2-creation/retention.json
round-2-creation/delivered/apps/web/index.html	examples/foundation/.proof/delivery-2a973c5/round-2-creation/delivered/apps/web/index.html	295	295	94fe15c034fde9461e7c54c4bbb6e13eceb9bc5ba6305cafa4a7ef146aa4a82e	94fe15c034fde9461e7c54c4bbb6e13eceb9bc5ba6305cafa4a7ef146aa4a82e	none	94fe15c034fde9461e7c54c4bbb6e13eceb9bc5ba6305cafa4a7ef146aa4a82e	94fe15c034fde9461e7c54c4bbb6e13eceb9bc5ba6305cafa4a7ef146aa4a82e	none	project	round-2-creation/retention.json
round-2-creation/delivered/apps/web/package.json	examples/foundation/.proof/delivery-2a973c5/round-2-creation/delivered/apps/web/package.json	620	620	3ffd23e1a624defe1b6b33f3c2516038e74a623341d3fe74fa68ed540412ae11	3ffd23e1a624defe1b6b33f3c2516038e74a623341d3fe74fa68ed540412ae11	none	3ffd23e1a624defe1b6b33f3c2516038e74a623341d3fe74fa68ed540412ae11	3ffd23e1a624defe1b6b33f3c2516038e74a623341d3fe74fa68ed540412ae11	none	project	round-2-creation/retention.json
round-2-creation/delivered/apps/web/src/main.tsx	examples/foundation/.proof/delivery-2a973c5/round-2-creation/delivered/apps/web/src/main.tsx	2812	2812	d35db9680fea6c3ce2082d6d9e391b1c3dfe22db5968b28ba2da8da0d76cf9be	d35db9680fea6c3ce2082d6d9e391b1c3dfe22db5968b28ba2da8da0d76cf9be	none	d35db9680fea6c3ce2082d6d9e391b1c3dfe22db5968b28ba2da8da0d76cf9be	d35db9680fea6c3ce2082d6d9e391b1c3dfe22db5968b28ba2da8da0d76cf9be	none	project	round-2-creation/retention.json
round-2-creation/delivered/apps/web/src/router.tsx	examples/foundation/.proof/delivery-2a973c5/round-2-creation/delivered/apps/web/src/router.tsx	720	720	d53d6c942972eff2e39f9e9bddaecd54e8210dccf36c86ffd4d2ae239f363798	d53d6c942972eff2e39f9e9bddaecd54e8210dccf36c86ffd4d2ae239f363798	none	d53d6c942972eff2e39f9e9bddaecd54e8210dccf36c86ffd4d2ae239f363798	d53d6c942972eff2e39f9e9bddaecd54e8210dccf36c86ffd4d2ae239f363798	none	project	round-2-creation/retention.json
round-2-creation/delivered/apps/web/src/work-items.tsx	examples/foundation/.proof/delivery-2a973c5/round-2-creation/delivered/apps/web/src/work-items.tsx	6033	6033	7ec61a361e5cc4a9c001eed4a7f3530215829d6f1e6c446110167c64b41c33a8	7ec61a361e5cc4a9c001eed4a7f3530215829d6f1e6c446110167c64b41c33a8	none	7ec61a361e5cc4a9c001eed4a7f3530215829d6f1e6c446110167c64b41c33a8	7ec61a361e5cc4a9c001eed4a7f3530215829d6f1e6c446110167c64b41c33a8	none	project	round-2-creation/retention.json
round-2-creation/delivered/apps/web/tsconfig.json	examples/foundation/.proof/delivery-2a973c5/round-2-creation/delivered/apps/web/tsconfig.json	167	167	5e0bda48b8b922b60fd2156cd7b2ae77be6501767a0addb9daf2d2b7d6354e25	5e0bda48b8b922b60fd2156cd7b2ae77be6501767a0addb9daf2d2b7d6354e25	none	5e0bda48b8b922b60fd2156cd7b2ae77be6501767a0addb9daf2d2b7d6354e25	5e0bda48b8b922b60fd2156cd7b2ae77be6501767a0addb9daf2d2b7d6354e25	none	project	round-2-creation/retention.json
round-2-creation/delivered/apps/web/vite.config.ts	examples/foundation/.proof/delivery-2a973c5/round-2-creation/delivered/apps/web/vite.config.ts	186	186	c536b6cd2d08f8c39877d1fffeba7feed91a23f288582a98547f294ab4c609d1	c536b6cd2d08f8c39877d1fffeba7feed91a23f288582a98547f294ab4c609d1	none	c536b6cd2d08f8c39877d1fffeba7feed91a23f288582a98547f294ab4c609d1	c536b6cd2d08f8c39877d1fffeba7feed91a23f288582a98547f294ab4c609d1	none	project	round-2-creation/retention.json
round-2-creation/delivered/bun.lock	examples/foundation/.proof/delivery-2a973c5/round-2-creation/delivered/bun.lock	171715	171715	1ed2f09c0b4b4dbd5864f39dbde996958ea6cf2f17bfb33cef64586236d78034	1ed2f09c0b4b4dbd5864f39dbde996958ea6cf2f17bfb33cef64586236d78034	none	1ed2f09c0b4b4dbd5864f39dbde996958ea6cf2f17bfb33cef64586236d78034	1ed2f09c0b4b4dbd5864f39dbde996958ea6cf2f17bfb33cef64586236d78034	none	project	round-2-creation/retention.json
round-2-creation/delivered/eslint.config.mjs	examples/foundation/.proof/delivery-2a973c5/round-2-creation/delivered/eslint.config.mjs	56	56	ffe4ebb5a5c522749f8242d2e16ad3bb46a241e862684891301e831f912cba08	ffe4ebb5a5c522749f8242d2e16ad3bb46a241e862684891301e831f912cba08	none	ffe4ebb5a5c522749f8242d2e16ad3bb46a241e862684891301e831f912cba08	ffe4ebb5a5c522749f8242d2e16ad3bb46a241e862684891301e831f912cba08	none	project	round-2-creation/retention.json
round-2-creation/delivered/lint-staged.config.mjs	examples/foundation/.proof/delivery-2a973c5/round-2-creation/delivered/lint-staged.config.mjs	209	209	81c09831a1333b8058aa111e906125e42bb9e5759f17c62318c21d62225bce00	81c09831a1333b8058aa111e906125e42bb9e5759f17c62318c21d62225bce00	none	81c09831a1333b8058aa111e906125e42bb9e5759f17c62318c21d62225bce00	81c09831a1333b8058aa111e906125e42bb9e5759f17c62318c21d62225bce00	none	project	round-2-creation/retention.json
round-2-creation/delivered/package.json	examples/foundation/.proof/delivery-2a973c5/round-2-creation/delivered/package.json	2189	2189	7c7db212cb2107c0c0e6ee3bc81cc0d8cc894aa25afd35b6df5e21046de9ddcf	7c7db212cb2107c0c0e6ee3bc81cc0d8cc894aa25afd35b6df5e21046de9ddcf	none	7c7db212cb2107c0c0e6ee3bc81cc0d8cc894aa25afd35b6df5e21046de9ddcf	7c7db212cb2107c0c0e6ee3bc81cc0d8cc894aa25afd35b6df5e21046de9ddcf	none	project	round-2-creation/retention.json
round-2-creation/delivered/packages/backend/.env.example	examples/foundation/.proof/delivery-2a973c5/round-2-creation/delivered/packages/backend/.env.example	200	200	b8ae67eee31602ab2897a2ff95082c6bd88181efc7a4fb3bbdd4e90fb6f708f8	b8ae67eee31602ab2897a2ff95082c6bd88181efc7a4fb3bbdd4e90fb6f708f8	none	b8ae67eee31602ab2897a2ff95082c6bd88181efc7a4fb3bbdd4e90fb6f708f8	b8ae67eee31602ab2897a2ff95082c6bd88181efc7a4fb3bbdd4e90fb6f708f8	none	project	round-2-creation/retention.json
round-2-creation/delivered/packages/backend/.gitignore	examples/foundation/.proof/delivery-2a973c5/round-2-creation/delivered/packages/backend/.gitignore	12	12	c1be9a7b83075864153509fa626722510fd2507fe18e4548a4a89e11023048ea	c1be9a7b83075864153509fa626722510fd2507fe18e4548a4a89e11023048ea	none	c1be9a7b83075864153509fa626722510fd2507fe18e4548a4a89e11023048ea	c1be9a7b83075864153509fa626722510fd2507fe18e4548a4a89e11023048ea	none	project	round-2-creation/retention.json
round-2-creation/delivered/packages/backend/convex.json	examples/foundation/.proof/delivery-2a973c5/round-2-creation/delivered/packages/backend/convex.json	135	135	fa3e766ef4d424da2f57361dca5369f073981fac42dd0a4e4641d8867faf51f3	fa3e766ef4d424da2f57361dca5369f073981fac42dd0a4e4641d8867faf51f3	none	fa3e766ef4d424da2f57361dca5369f073981fac42dd0a4e4641d8867faf51f3	fa3e766ef4d424da2f57361dca5369f073981fac42dd0a4e4641d8867faf51f3	none	project	round-2-creation/retention.json
round-2-creation/delivered/packages/backend/convex/_generated/api.ts	examples/foundation/.proof/delivery-2a973c5/round-2-creation/delivered/packages/backend/convex/_generated/api.ts	1400	1400	b51f59d5f03959d7978ef51ce4bb1918d5e966fcfd6c3510fe5847b65c11fbd2	b51f59d5f03959d7978ef51ce4bb1918d5e966fcfd6c3510fe5847b65c11fbd2	none	b51f59d5f03959d7978ef51ce4bb1918d5e966fcfd6c3510fe5847b65c11fbd2	b51f59d5f03959d7978ef51ce4bb1918d5e966fcfd6c3510fe5847b65c11fbd2	none	project	round-2-creation/retention.json
round-2-creation/delivered/packages/backend/convex/_generated/dataModel.ts	examples/foundation/.proof/delivery-2a973c5/round-2-creation/delivered/packages/backend/convex/_generated/dataModel.ts	1736	1736	db177073d16a4393c7a96bcdc3a2a904e88c2432d54d138ca7715cc431982c17	db177073d16a4393c7a96bcdc3a2a904e88c2432d54d138ca7715cc431982c17	none	db177073d16a4393c7a96bcdc3a2a904e88c2432d54d138ca7715cc431982c17	db177073d16a4393c7a96bcdc3a2a904e88c2432d54d138ca7715cc431982c17	none	project	round-2-creation/retention.json
round-2-creation/delivered/packages/backend/convex/_generated/server.ts	examples/foundation/.proof/delivery-2a973c5/round-2-creation/delivered/packages/backend/convex/_generated/server.ts	6349	6349	4ef510cd49241e28128a9a462daadaa9743c628f3df5c2a3fa4ad3c9af6b9cc4	4ef510cd49241e28128a9a462daadaa9743c628f3df5c2a3fa4ad3c9af6b9cc4	none	4ef510cd49241e28128a9a462daadaa9743c628f3df5c2a3fa4ad3c9af6b9cc4	4ef510cd49241e28128a9a462daadaa9743c628f3df5c2a3fa4ad3c9af6b9cc4	none	project	round-2-creation/retention.json
round-2-creation/delivered/packages/backend/convex/auth.config.ts	examples/foundation/.proof/delivery-2a973c5/round-2-creation/delivered/packages/backend/convex/auth.config.ts	2331	2331	d6881c29a3b941cf0d2ad3e59d4eb26d4804c5731d5b09d4ff4035aa37edd123	d6881c29a3b941cf0d2ad3e59d4eb26d4804c5731d5b09d4ff4035aa37edd123	none	d6881c29a3b941cf0d2ad3e59d4eb26d4804c5731d5b09d4ff4035aa37edd123	d6881c29a3b941cf0d2ad3e59d4eb26d4804c5731d5b09d4ff4035aa37edd123	none	project	round-2-creation/retention.json
round-2-creation/delivered/packages/backend/convex/http.ts	examples/foundation/.proof/delivery-2a973c5/round-2-creation/delivered/packages/backend/convex/http.ts	5047	5047	29d52f06c182108924650627a0c07532b58deac43092827fd2a6e77663e3a434	29d52f06c182108924650627a0c07532b58deac43092827fd2a6e77663e3a434	none	f7a33e2c070ec9cd4431835917a6fd672fd5b5390f636b06c41d3a6beb1315df	29d52f06c182108924650627a0c07532b58deac43092827fd2a6e77663e3a434	credential-redaction	project	round-2-creation/retention.json
round-2-creation/delivered/packages/backend/convex/lib/identity.ts	examples/foundation/.proof/delivery-2a973c5/round-2-creation/delivered/packages/backend/convex/lib/identity.ts	1287	1287	c07154240f019b4a4dafb1514ed4194c6e8479b9f69251c4d4d3c27252fe53da	c07154240f019b4a4dafb1514ed4194c6e8479b9f69251c4d4d3c27252fe53da	none	c07154240f019b4a4dafb1514ed4194c6e8479b9f69251c4d4d3c27252fe53da	c07154240f019b4a4dafb1514ed4194c6e8479b9f69251c4d4d3c27252fe53da	none	project	round-2-creation/retention.json
round-2-creation/delivered/packages/backend/convex/lib/mcp.ts	examples/foundation/.proof/delivery-2a973c5/round-2-creation/delivered/packages/backend/convex/lib/mcp.ts	4599	4599	c5d6396b01551d057fa2cb63b175e6b5bb9c20cddcd06367a44cc1c301b11aae	c5d6396b01551d057fa2cb63b175e6b5bb9c20cddcd06367a44cc1c301b11aae	none	c5d6396b01551d057fa2cb63b175e6b5bb9c20cddcd06367a44cc1c301b11aae	c5d6396b01551d057fa2cb63b175e6b5bb9c20cddcd06367a44cc1c301b11aae	none	project	round-2-creation/retention.json
round-2-creation/delivered/packages/backend/convex/schema.ts	examples/foundation/.proof/delivery-2a973c5/round-2-creation/delivered/packages/backend/convex/schema.ts	296	296	dbb8465c66ac2b6b16cd4029797c4a9d2d618c6ebefbfb61820d24e780ea3298	dbb8465c66ac2b6b16cd4029797c4a9d2d618c6ebefbfb61820d24e780ea3298	none	dbb8465c66ac2b6b16cd4029797c4a9d2d618c6ebefbfb61820d24e780ea3298	dbb8465c66ac2b6b16cd4029797c4a9d2d618c6ebefbfb61820d24e780ea3298	none	project	round-2-creation/retention.json
round-2-creation/delivered/packages/backend/convex/tsconfig.json	examples/foundation/.proof/delivery-2a973c5/round-2-creation/delivered/packages/backend/convex/tsconfig.json	223	223	94563947ccb3f355ca83a8bb6b85632d6d77a5de9864c973eabeb3dc6a3b68a0	94563947ccb3f355ca83a8bb6b85632d6d77a5de9864c973eabeb3dc6a3b68a0	none	94563947ccb3f355ca83a8bb6b85632d6d77a5de9864c973eabeb3dc6a3b68a0	94563947ccb3f355ca83a8bb6b85632d6d77a5de9864c973eabeb3dc6a3b68a0	none	project	round-2-creation/retention.json
round-2-creation/delivered/packages/backend/convex/workItems.ts	examples/foundation/.proof/delivery-2a973c5/round-2-creation/delivered/packages/backend/convex/workItems.ts	2394	2394	091b683e3f92d4412cd04b8ea2dc2b86729eeb8e21cf32a903f76393087a0963	091b683e3f92d4412cd04b8ea2dc2b86729eeb8e21cf32a903f76393087a0963	none	091b683e3f92d4412cd04b8ea2dc2b86729eeb8e21cf32a903f76393087a0963	091b683e3f92d4412cd04b8ea2dc2b86729eeb8e21cf32a903f76393087a0963	none	project	round-2-creation/retention.json
round-2-creation/delivered/packages/backend/package.json	examples/foundation/.proof/delivery-2a973c5/round-2-creation/delivered/packages/backend/package.json	580	580	31b5657d4efecc5dfa7ba55e3d1b88a366950649e1b40e407808888a7c40b655	31b5657d4efecc5dfa7ba55e3d1b88a366950649e1b40e407808888a7c40b655	none	31b5657d4efecc5dfa7ba55e3d1b88a366950649e1b40e407808888a7c40b655	31b5657d4efecc5dfa7ba55e3d1b88a366950649e1b40e407808888a7c40b655	none	project	round-2-creation/retention.json
round-2-creation/delivered/packages/backend/tsconfig.json	examples/foundation/.proof/delivery-2a973c5/round-2-creation/delivered/packages/backend/tsconfig.json	128	128	4fd3e7337d33f357829d7bb17c24e8c46c5bed068caac3035f7703320a8a5f27	4fd3e7337d33f357829d7bb17c24e8c46c5bed068caac3035f7703320a8a5f27	none	4fd3e7337d33f357829d7bb17c24e8c46c5bed068caac3035f7703320a8a5f27	4fd3e7337d33f357829d7bb17c24e8c46c5bed068caac3035f7703320a8a5f27	none	project	round-2-creation/retention.json
round-2-creation/delivered/packages/config/eslint.mjs	examples/foundation/.proof/delivery-2a973c5/round-2-creation/delivered/packages/config/eslint.mjs	6543	6543	37ab4a3ca105bb08cea6e4c78c94c5994114a1212b73a322975fea90df0a7bbf	37ab4a3ca105bb08cea6e4c78c94c5994114a1212b73a322975fea90df0a7bbf	none	37ab4a3ca105bb08cea6e4c78c94c5994114a1212b73a322975fea90df0a7bbf	37ab4a3ca105bb08cea6e4c78c94c5994114a1212b73a322975fea90df0a7bbf	none	project	round-2-creation/retention.json
round-2-creation/delivered/packages/config/package.json	examples/foundation/.proof/delivery-2a973c5/round-2-creation/delivered/packages/config/package.json	226	226	a4f44539cae3b8097d700d6c2103b1789695a95cb7212d1725c0c7a4a8f10050	a4f44539cae3b8097d700d6c2103b1789695a95cb7212d1725c0c7a4a8f10050	none	a4f44539cae3b8097d700d6c2103b1789695a95cb7212d1725c0c7a4a8f10050	a4f44539cae3b8097d700d6c2103b1789695a95cb7212d1725c0c7a4a8f10050	none	project	round-2-creation/retention.json
round-2-creation/delivered/packages/config/typescript.json	examples/foundation/.proof/delivery-2a973c5/round-2-creation/delivered/packages/config/typescript.json	479	479	c30e08e49e06495f66993ffc8d55d0e48e9f0ac28d1ed8a105b5fb5cdd97ef09	c30e08e49e06495f66993ffc8d55d0e48e9f0ac28d1ed8a105b5fb5cdd97ef09	none	c30e08e49e06495f66993ffc8d55d0e48e9f0ac28d1ed8a105b5fb5cdd97ef09	c30e08e49e06495f66993ffc8d55d0e48e9f0ac28d1ed8a105b5fb5cdd97ef09	none	project	round-2-creation/retention.json
round-2-creation/delivered/packages/domain/package.json	examples/foundation/.proof/delivery-2a973c5/round-2-creation/delivered/packages/domain/package.json	259	259	6b38a411cf16da1daad0a07f6f0e5de738bd523b5d44525e58bc94f8bc13a8ac	6b38a411cf16da1daad0a07f6f0e5de738bd523b5d44525e58bc94f8bc13a8ac	none	6b38a411cf16da1daad0a07f6f0e5de738bd523b5d44525e58bc94f8bc13a8ac	6b38a411cf16da1daad0a07f6f0e5de738bd523b5d44525e58bc94f8bc13a8ac	none	project	round-2-creation/retention.json
round-2-creation/delivered/packages/domain/src/index.ts	examples/foundation/.proof/delivery-2a973c5/round-2-creation/delivered/packages/domain/src/index.ts	650	650	5b1e707a9bdab248b40f1414a646c96d3d2fc9651b363bee3d6c1d657d200479	5b1e707a9bdab248b40f1414a646c96d3d2fc9651b363bee3d6c1d657d200479	none	5b1e707a9bdab248b40f1414a646c96d3d2fc9651b363bee3d6c1d657d200479	5b1e707a9bdab248b40f1414a646c96d3d2fc9651b363bee3d6c1d657d200479	none	project	round-2-creation/retention.json
round-2-creation/delivered/packages/domain/tsconfig.json	examples/foundation/.proof/delivery-2a973c5/round-2-creation/delivered/packages/domain/tsconfig.json	72	72	9f05a0b0992a69d35ccfd30a7341d9c36fc7eaefb1634d54d6a92030ab4906a4	9f05a0b0992a69d35ccfd30a7341d9c36fc7eaefb1634d54d6a92030ab4906a4	none	9f05a0b0992a69d35ccfd30a7341d9c36fc7eaefb1634d54d6a92030ab4906a4	9f05a0b0992a69d35ccfd30a7341d9c36fc7eaefb1634d54d6a92030ab4906a4	none	project	round-2-creation/retention.json
round-2-creation/delivered/packages/ui/.storybook/main.ts	examples/foundation/.proof/delivery-2a973c5/round-2-creation/delivered/packages/ui/.storybook/main.ts	370	370	5e7138e85e2d936a889a4d9fc83a60343a58adc8ac1378253af4f34de94ca452	5e7138e85e2d936a889a4d9fc83a60343a58adc8ac1378253af4f34de94ca452	none	5e7138e85e2d936a889a4d9fc83a60343a58adc8ac1378253af4f34de94ca452	5e7138e85e2d936a889a4d9fc83a60343a58adc8ac1378253af4f34de94ca452	none	project	round-2-creation/retention.json
round-2-creation/delivered/packages/ui/package.json	examples/foundation/.proof/delivery-2a973c5/round-2-creation/delivered/packages/ui/package.json	571	571	7d0dacda9d20b8cb71adaf6c7fb60d01c081db8d7121ca2a97ea275785b9dd01	7d0dacda9d20b8cb71adaf6c7fb60d01c081db8d7121ca2a97ea275785b9dd01	none	7d0dacda9d20b8cb71adaf6c7fb60d01c081db8d7121ca2a97ea275785b9dd01	7d0dacda9d20b8cb71adaf6c7fb60d01c081db8d7121ca2a97ea275785b9dd01	none	project	round-2-creation/retention.json
round-2-creation/delivered/packages/ui/src/WorkItemList.stories.tsx	examples/foundation/.proof/delivery-2a973c5/round-2-creation/delivered/packages/ui/src/WorkItemList.stories.tsx	835	835	1dee67d82ea987c646572e6aad354403e92513764fda882c76c93746a5f816c6	1dee67d82ea987c646572e6aad354403e92513764fda882c76c93746a5f816c6	none	1dee67d82ea987c646572e6aad354403e92513764fda882c76c93746a5f816c6	1dee67d82ea987c646572e6aad354403e92513764fda882c76c93746a5f816c6	none	project	round-2-creation/retention.json
round-2-creation/delivered/packages/ui/src/index.tsx	examples/foundation/.proof/delivery-2a973c5/round-2-creation/delivered/packages/ui/src/index.tsx	2843	2843	482517b2f2e77d1e7f4cdf3437dc171d989db1e6dae2bd2a21555f25e29e392c	482517b2f2e77d1e7f4cdf3437dc171d989db1e6dae2bd2a21555f25e29e392c	none	482517b2f2e77d1e7f4cdf3437dc171d989db1e6dae2bd2a21555f25e29e392c	482517b2f2e77d1e7f4cdf3437dc171d989db1e6dae2bd2a21555f25e29e392c	none	project	round-2-creation/retention.json
round-2-creation/delivered/packages/ui/src/styles.css	examples/foundation/.proof/delivery-2a973c5/round-2-creation/delivered/packages/ui/src/styles.css	3723	3723	ca2eee3281dc72525d1b850e97f56253d45ad269b47fa99c353d29bc60f26e61	ca2eee3281dc72525d1b850e97f56253d45ad269b47fa99c353d29bc60f26e61	none	ca2eee3281dc72525d1b850e97f56253d45ad269b47fa99c353d29bc60f26e61	ca2eee3281dc72525d1b850e97f56253d45ad269b47fa99c353d29bc60f26e61	none	project	round-2-creation/retention.json
round-2-creation/delivered/packages/ui/src/styles.d.ts	examples/foundation/.proof/delivery-2a973c5/round-2-creation/delivered/packages/ui/src/styles.d.ts	24	24	da5bf71d48cf909584a01c80b445f730507068f5b34c920f352e2bfcf0315e4c	da5bf71d48cf909584a01c80b445f730507068f5b34c920f352e2bfcf0315e4c	none	da5bf71d48cf909584a01c80b445f730507068f5b34c920f352e2bfcf0315e4c	da5bf71d48cf909584a01c80b445f730507068f5b34c920f352e2bfcf0315e4c	none	project	round-2-creation/retention.json
round-2-creation/delivered/packages/ui/tsconfig.json	examples/foundation/.proof/delivery-2a973c5/round-2-creation/delivered/packages/ui/tsconfig.json	181	181	d196a02fc942af46994f25a0e87b7cb14782e9412148b0a3e356887e615a8265	d196a02fc942af46994f25a0e87b7cb14782e9412148b0a3e356887e615a8265	none	d196a02fc942af46994f25a0e87b7cb14782e9412148b0a3e356887e615a8265	d196a02fc942af46994f25a0e87b7cb14782e9412148b0a3e356887e615a8265	none	project	round-2-creation/retention.json
round-2-creation/delivered/scripts/check.ts	examples/foundation/.proof/delivery-2a973c5/round-2-creation/delivered/scripts/check.ts	4480	4480	9c3cd5de3158b763735ec46563ed24aeecd6d516505e48f18750882e0c02ac68	9c3cd5de3158b763735ec46563ed24aeecd6d516505e48f18750882e0c02ac68	none	9c3cd5de3158b763735ec46563ed24aeecd6d516505e48f18750882e0c02ac68	9c3cd5de3158b763735ec46563ed24aeecd6d516505e48f18750882e0c02ac68	none	project	round-2-creation/retention.json
round-2-creation/delivered/scripts/embed-ui.ts	examples/foundation/.proof/delivery-2a973c5/round-2-creation/delivered/scripts/embed-ui.ts	572	572	8d56596ecc114a462c188bbecb4fbb8e61443bf2bbac8c1939dfc1a841b17e9b	8d56596ecc114a462c188bbecb4fbb8e61443bf2bbac8c1939dfc1a841b17e9b	none	8d56596ecc114a462c188bbecb4fbb8e61443bf2bbac8c1939dfc1a841b17e9b	8d56596ecc114a462c188bbecb4fbb8e61443bf2bbac8c1939dfc1a841b17e9b	none	project	round-2-creation/retention.json
round-2-creation/delivered/scripts/enforcement.ts	examples/foundation/.proof/delivery-2a973c5/round-2-creation/delivered/scripts/enforcement.ts	5942	5942	87cf27f64208be19c709ca571abaa5264bd692aa2b755a58906dc5580bd96ce5	87cf27f64208be19c709ca571abaa5264bd692aa2b755a58906dc5580bd96ce5	none	87cf27f64208be19c709ca571abaa5264bd692aa2b755a58906dc5580bd96ce5	87cf27f64208be19c709ca571abaa5264bd692aa2b755a58906dc5580bd96ce5	none	project	round-2-creation/retention.json
round-2-creation/delivered/scripts/http-transport.ts	examples/foundation/.proof/delivery-2a973c5/round-2-creation/delivered/scripts/http-transport.ts	1383	1383	85ef0e5caad04b0f014acb7471208eea113f29bcaadce0a2d9a13a27a4851289	85ef0e5caad04b0f014acb7471208eea113f29bcaadce0a2d9a13a27a4851289	none	85ef0e5caad04b0f014acb7471208eea113f29bcaadce0a2d9a13a27a4851289	85ef0e5caad04b0f014acb7471208eea113f29bcaadce0a2d9a13a27a4851289	none	project	round-2-creation/retention.json
round-2-creation/delivered/scripts/install-hooks.ts	examples/foundation/.proof/delivery-2a973c5/round-2-creation/delivered/scripts/install-hooks.ts	5553	5553	f243b8720f3fdd779b8374178d8f4eeb7dcd014eb65136972ab6d46f2b5f994b	f243b8720f3fdd779b8374178d8f4eeb7dcd014eb65136972ab6d46f2b5f994b	none	f243b8720f3fdd779b8374178d8f4eeb7dcd014eb65136972ab6d46f2b5f994b	f243b8720f3fdd779b8374178d8f4eeb7dcd014eb65136972ab6d46f2b5f994b	none	project	round-2-creation/retention.json
round-2-creation/delivered/scripts/mcp-host-browser.ts	examples/foundation/.proof/delivery-2a973c5/round-2-creation/delivered/scripts/mcp-host-browser.ts	7093	7093	686bef7d89f8198b86cee7a1d8b41407fbde7cb5e71e86f35cd0553484a6a03e	686bef7d89f8198b86cee7a1d8b41407fbde7cb5e71e86f35cd0553484a6a03e	none	686bef7d89f8198b86cee7a1d8b41407fbde7cb5e71e86f35cd0553484a6a03e	686bef7d89f8198b86cee7a1d8b41407fbde7cb5e71e86f35cd0553484a6a03e	none	project	round-2-creation/retention.json
round-2-creation/delivered/scripts/mcp-host.ts	examples/foundation/.proof/delivery-2a973c5/round-2-creation/delivered/scripts/mcp-host.ts	2901	2901	b09829d7958d5faa4ecb9e4f2adf62b956b4007e0bcf2cf09ef4780b073f8958	b09829d7958d5faa4ecb9e4f2adf62b956b4007e0bcf2cf09ef4780b073f8958	none	b09829d7958d5faa4ecb9e4f2adf62b956b4007e0bcf2cf09ef4780b073f8958	b09829d7958d5faa4ecb9e4f2adf62b956b4007e0bcf2cf09ef4780b073f8958	none	project	round-2-creation/retention.json
round-2-creation/delivered/scripts/prepare-check.ts	examples/foundation/.proof/delivery-2a973c5/round-2-creation/delivered/scripts/prepare-check.ts	406	406	347f97d470d664397c7a3b0258fb5885858b4fb4e6c43b89e248432a8c1457ff	347f97d470d664397c7a3b0258fb5885858b4fb4e6c43b89e248432a8c1457ff	none	347f97d470d664397c7a3b0258fb5885858b4fb4e6c43b89e248432a8c1457ff	347f97d470d664397c7a3b0258fb5885858b4fb4e6c43b89e248432a8c1457ff	none	project	round-2-creation/retention.json
round-2-creation/delivered/scripts/readiness.ts	examples/foundation/.proof/delivery-2a973c5/round-2-creation/delivered/scripts/readiness.ts	36358	36358	0de74fbffba3ae963bedb2cef9af0c673c34c5eabc3e6a7e9670d8cb38549ee5	0de74fbffba3ae963bedb2cef9af0c673c34c5eabc3e6a7e9670d8cb38549ee5	none	0de74fbffba3ae963bedb2cef9af0c673c34c5eabc3e6a7e9670d8cb38549ee5	0de74fbffba3ae963bedb2cef9af0c673c34c5eabc3e6a7e9670d8cb38549ee5	none	project	round-2-creation/retention.json
round-2-creation/delivered/scripts/runtime.ts	examples/foundation/.proof/delivery-2a973c5/round-2-creation/delivered/scripts/runtime.ts	13722	13722	cd21060931e9a9955e8340623fbc63371de9c96620e298641ab18edfd7dee228	cd21060931e9a9955e8340623fbc63371de9c96620e298641ab18edfd7dee228	none	cd21060931e9a9955e8340623fbc63371de9c96620e298641ab18edfd7dee228	cd21060931e9a9955e8340623fbc63371de9c96620e298641ab18edfd7dee228	none	project	round-2-creation/retention.json
round-2-creation/delivered/scripts/source-identity.ts	examples/foundation/.proof/delivery-2a973c5/round-2-creation/delivered/scripts/source-identity.ts	1553	1553	74dee120839a291c38c7e0982747441e1617cd2264dfb9683f6df3574656fe8a	74dee120839a291c38c7e0982747441e1617cd2264dfb9683f6df3574656fe8a	none	74dee120839a291c38c7e0982747441e1617cd2264dfb9683f6df3574656fe8a	74dee120839a291c38c7e0982747441e1617cd2264dfb9683f6df3574656fe8a	none	project	round-2-creation/retention.json
round-2-creation/delivered/scripts/trials.ts	examples/foundation/.proof/delivery-2a973c5/round-2-creation/delivered/scripts/trials.ts	52414	52414	723291a72a3cf646dfc911d90fe033c7c01b9eb7d6c6daa0bf6b52a5e1f6fd8e	723291a72a3cf646dfc911d90fe033c7c01b9eb7d6c6daa0bf6b52a5e1f6fd8e	none	723291a72a3cf646dfc911d90fe033c7c01b9eb7d6c6daa0bf6b52a5e1f6fd8e	723291a72a3cf646dfc911d90fe033c7c01b9eb7d6c6daa0bf6b52a5e1f6fd8e	none	project	round-2-creation/retention.json
round-2-creation/delivered/tests/domain.test.ts	examples/foundation/.proof/delivery-2a973c5/round-2-creation/delivered/tests/domain.test.ts	720	720	1f944425bc0b6538246fd90b2b13d3ea87db0d9271befff106c68bc748d58dc7	1f944425bc0b6538246fd90b2b13d3ea87db0d9271befff106c68bc748d58dc7	none	1f944425bc0b6538246fd90b2b13d3ea87db0d9271befff106c68bc748d58dc7	1f944425bc0b6538246fd90b2b13d3ea87db0d9271befff106c68bc748d58dc7	none	project	round-2-creation/retention.json
round-2-creation/delivered/tests/proof-policy.test.ts	examples/foundation/.proof/delivery-2a973c5/round-2-creation/delivered/tests/proof-policy.test.ts	9088	9088	687a123fbf358830938718fcf354ed4bdaa372f5a81d852fb8d0139810bf72a9	687a123fbf358830938718fcf354ed4bdaa372f5a81d852fb8d0139810bf72a9	none	cf003fc7b7a859435fa0a73dbbd5f122d3f00ca6e66a367d5e7863f5690d1175	687a123fbf358830938718fcf354ed4bdaa372f5a81d852fb8d0139810bf72a9	credential-redaction	project	round-2-creation/retention.json
round-2-creation/delivered/tests/provenance.test.ts	examples/foundation/.proof/delivery-2a973c5/round-2-creation/delivered/tests/provenance.test.ts	1385	1385	dd94880e1c05c48a8ae8f5f4f03c573e978b185f59cdd3a76e13f51495028fd2	dd94880e1c05c48a8ae8f5f4f03c573e978b185f59cdd3a76e13f51495028fd2	none	dd94880e1c05c48a8ae8f5f4f03c573e978b185f59cdd3a76e13f51495028fd2	dd94880e1c05c48a8ae8f5f4f03c573e978b185f59cdd3a76e13f51495028fd2	none	project	round-2-creation/retention.json
round-2-creation/delivered/tests/trials.test.ts	examples/foundation/.proof/delivery-2a973c5/round-2-creation/delivered/tests/trials.test.ts	38325	38325	1ad2dcedc818fd63ef4e8cb7e5634d1ebbbb324f70e8bf437ad11cf3f01e306c	1ad2dcedc818fd63ef4e8cb7e5634d1ebbbb324f70e8bf437ad11cf3f01e306c	none	2c2f109233cae27959f757ad38f8c7d2bbba886b3c0d8f836abd700cfb9896a0	1ad2dcedc818fd63ef4e8cb7e5634d1ebbbb324f70e8bf437ad11cf3f01e306c	credential-redaction	project	round-2-creation/retention.json
round-2-creation/delivered/tsconfig.json	examples/foundation/.proof/delivery-2a973c5/round-2-creation/delivered/tsconfig.json	255	255	4240a50aa7aac54aa69314488ca4ec20774566777d0ea914f03df46173f69ebd	4240a50aa7aac54aa69314488ca4ec20774566777d0ea914f03df46173f69ebd	none	4240a50aa7aac54aa69314488ca4ec20774566777d0ea914f03df46173f69ebd	4240a50aa7aac54aa69314488ca4ec20774566777d0ea914f03df46173f69ebd	none	project	round-2-creation/retention.json
round-2-creation/delivered/turbo.json	examples/foundation/.proof/delivery-2a973c5/round-2-creation/delivered/turbo.json	655	655	448cad77683c89e74ad9ed77a55cdd262ab03f86c15a668d3257cd9d354d3e03	448cad77683c89e74ad9ed77a55cdd262ab03f86c15a668d3257cd9d354d3e03	none	448cad77683c89e74ad9ed77a55cdd262ab03f86c15a668d3257cd9d354d3e03	448cad77683c89e74ad9ed77a55cdd262ab03f86c15a668d3257cd9d354d3e03	none	project	round-2-creation/retention.json
round-2-creation/retention.json	examples/foundation/.proof/delivery-2a973c5/round-2-creation/retention.json	37874	37874	fe931fed3ddee403ec65ae7f207996e9c35e92ee2e7d7b8d8cc50c320fc20dba	fe931fed3ddee403ec65ae7f207996e9c35e92ee2e7d7b8d8cc50c320fc20dba	none			none	saved-run-record	none
round-2-creation/review/events.jsonl	examples/foundation/.proof/delivery-2a973c5/round-2-creation/review/events.jsonl	352534	351156	5816321dbf7beae0c2710671e67249bb6083607fa3dbd39572ffc1561441502c	ad8134618cbb14f01150cb72b65fd3b93da7a8ef3eb80e6a7f163b6a6dab0619	host-user-prefix:265,macos-temporary-root:29	66a7fe9a596edf6d8a1d050bed1bcc08b7f22f00fe60031f3cc79878860eb05b	5816321dbf7beae0c2710671e67249bb6083607fa3dbd39572ffc1561441502c	credential-redaction	CLI-review	report.json
round-2-creation/review/final.json	examples/foundation/.proof/delivery-2a973c5/round-2-creation/review/final.json	4891	4891	211a69d3c9b24cefe3fda9881993cad5d20cca1c97b477206dad7cde02d99342	211a69d3c9b24cefe3fda9881993cad5d20cca1c97b477206dad7cde02d99342	none	211a69d3c9b24cefe3fda9881993cad5d20cca1c97b477206dad7cde02d99342	211a69d3c9b24cefe3fda9881993cad5d20cca1c97b477206dad7cde02d99342	none	CLI-review	report.json
round-2-creation/review/prompt.txt	examples/foundation/.proof/delivery-2a973c5/round-2-creation/review/prompt.txt	8709	8596	402b8ea71355a807dde31340cfe2fdd2a1ac889ce7d4ea4ae1b8117664f1e3bd	13bf6b5964944217269e124dd797854f50ba45927d08ff611a34722610b35b66	host-user-prefix:2,macos-temporary-root:3			none	saved-run-record	none
round-2-creation/review/schema.json	examples/foundation/.proof/delivery-2a973c5/round-2-creation/review/schema.json	2255	2255	8bd8c27669638fc084dfe40d134d5a9fd53a260ec0a67a31d1260ed528a1a250	8bd8c27669638fc084dfe40d134d5a9fd53a260ec0a67a31d1260ed528a1a250	none			none	saved-run-record	none
round-2-creation/review/stderr.log	examples/foundation/.proof/delivery-2a973c5/round-2-creation/review/stderr.log	1846	1843	81ebb3d0064a8dfa513527f0abe77d69d4f4f6f6554a54f67263a4e9f16142f7	96378da79fe2ab4cbc1028c52f105231ae6e919ca3864541441000139cd5448f	host-user-prefix:3	81ebb3d0064a8dfa513527f0abe77d69d4f4f6f6554a54f67263a4e9f16142f7	81ebb3d0064a8dfa513527f0abe77d69d4f4f6f6554a54f67263a4e9f16142f7	none	CLI-review	report.json
round-2-creation/task.txt	examples/foundation/.proof/delivery-2a973c5/round-2-creation/task.txt	460	423	c5dce4101789f9ccbd54870ee9c792517ee4534fded4b56d180913bbdc3173aa	934411ac65750e557e2079c66ca5dd529d07318d3837f7392bd683eb746ee515	macos-temporary-root:1			none	saved-run-record	none
round-2-creation/task/events.jsonl	examples/foundation/.proof/delivery-2a973c5/round-2-creation/task/events.jsonl	432587	431590	05b3791ac58e1006edc09891905d72d56e2fb517ffb6337620678a3bfad8715a	7d16e8253572363eae2d59f85cb47fbd1552d18b754a15d769740b60194f6635	host-user-prefix:45,macos-temporary-root:24	f043f418ee13fdd3faecf17a0bcbc1f7c2aec8a9485ebf7566a892bf3be8a5bd	05b3791ac58e1006edc09891905d72d56e2fb517ffb6337620678a3bfad8715a	credential-redaction	CLI-task	report.json
round-2-creation/task/final.json	examples/foundation/.proof/delivery-2a973c5/round-2-creation/task/final.json	1062	1062	c7e8b027d3e7d26c69972b0cb58fdb49332b3e5c746a963f31877c6b33d1791d	c7e8b027d3e7d26c69972b0cb58fdb49332b3e5c746a963f31877c6b33d1791d	none	c7e8b027d3e7d26c69972b0cb58fdb49332b3e5c746a963f31877c6b33d1791d	c7e8b027d3e7d26c69972b0cb58fdb49332b3e5c746a963f31877c6b33d1791d	none	CLI-task	report.json
round-2-creation/task/prompt.txt	examples/foundation/.proof/delivery-2a973c5/round-2-creation/task/prompt.txt	948	911	bb0be821aeff4d4a370bc0665f85eba94fc27f276d7deae2cbfb44dda7b219d5	4c27dda3710a1fbe9d2adbda0d86e392df0c873718dad9cd1e5bc6c17af2eebf	macos-temporary-root:1			none	saved-run-record	none
round-2-creation/task/schema.json	examples/foundation/.proof/delivery-2a973c5/round-2-creation/task/schema.json	745	745	09d88e02a278f8f9f9c9e73dfadc39517f75c9a27a230302ee897a6dada2275b	09d88e02a278f8f9f9c9e73dfadc39517f75c9a27a230302ee897a6dada2275b	none			none	saved-run-record	none
round-2-creation/task/stderr.log	examples/foundation/.proof/delivery-2a973c5/round-2-creation/task/stderr.log	1048	1046	1cefcc7e174151d5b8353e78166ec6e33674b24de3c219d5e70c366251d83ce3	3c93c3f3028b4dc41a49953edbf083cd85f7dbb2de21ab4ffa8882ce3ba193c2	host-user-prefix:2	1cefcc7e174151d5b8353e78166ec6e33674b24de3c219d5e70c366251d83ce3	1cefcc7e174151d5b8353e78166ec6e33674b24de3c219d5e70c366251d83ce3	none	CLI-task	report.json
round-2-creation/workspace-evidence/delivered-files.json	examples/foundation/.proof/delivery-2a973c5/round-2-creation/workspace-evidence/delivered-files.json	2	2	44136fa355b3678a1146ad16f7e8649e94fb4fc21fe77e8310c060f61caaff8a	44136fa355b3678a1146ad16f7e8649e94fb4fc21fe77e8310c060f61caaff8a	none			none	saved-run-record	none
round-2-creation/workspace-evidence/retention.json	examples/foundation/.proof/delivery-2a973c5/round-2-creation/workspace-evidence/retention.json	1098	1098	1c8938534e595ac6edcca478929829c053b84ec1e80e5f3b9af645278c7ede3e	1c8938534e595ac6edcca478929829c053b84ec1e80e5f3b9af645278c7ede3e	none			none	saved-run-record	none
round-2-feature/acceptance.json	examples/foundation/.proof/delivery-2a973c5/round-2-feature/acceptance.json	4773	4698	14d8eb9e7310ed4ea494715b7588e034f41f671558fca4fdae5449c488a32e75	63923e5e5d81d727fa98277250d73846c8863b95d3dbe7f87121b3e40aee9ced	host-user-prefix:1,macos-temporary-root:2			none	saved-run-record	none
round-2-feature/acceptance/command.log	examples/foundation/.proof/delivery-2a973c5/round-2-feature/acceptance/command.log	4027	4027	1ad4f40e82a8484681405c8a4a72f6145632a8eddf3545b330a72e2c28de9cb1	1ad4f40e82a8484681405c8a4a72f6145632a8eddf3545b330a72e2c28de9cb1	none			none	saved-run-record	none
round-2-feature/acceptance/mcp-app-host.png	examples/foundation/.proof/delivery-2a973c5/round-2-feature/acceptance/mcp-app-host.png	38394	38394	fa469dd6aebe1f3bf669b88dd999150c75885c368f0466260618361062b27a55	fa469dd6aebe1f3bf669b88dd999150c75885c368f0466260618361062b27a55	none			none	saved-run-record	none
round-2-feature/acceptance/mcp-host-observations.json	examples/foundation/.proof/delivery-2a973c5/round-2-feature/acceptance/mcp-host-observations.json	1412	1412	85bc25d34f5217a1aaf5b729a69dc2f0f22f32d2a73cd93547e6697e7b3cd441	85bc25d34f5217a1aaf5b729a69dc2f0f22f32d2a73cd93547e6697e7b3cd441	none			none	saved-run-record	none
round-2-feature/acceptance/report.json	examples/foundation/.proof/delivery-2a973c5/round-2-feature/acceptance/report.json	4027	4027	1ad4f40e82a8484681405c8a4a72f6145632a8eddf3545b330a72e2c28de9cb1	1ad4f40e82a8484681405c8a4a72f6145632a8eddf3545b330a72e2c28de9cb1	none			none	saved-run-record	none
round-2-feature/acceptance/runtime.log	examples/foundation/.proof/delivery-2a973c5/round-2-feature/acceptance/runtime.log	1884	1884	d5bd76d58d90a5b263709eda65b5f6e04b82faafdeb98a5c263fded6948ea8ab	d5bd76d58d90a5b263709eda65b5f6e04b82faafdeb98a5c263fded6948ea8ab	none			none	saved-run-record	none
round-2-feature/acceptance/title-edit.png	examples/foundation/.proof/delivery-2a973c5/round-2-feature/acceptance/title-edit.png	37734	37734	279e063a4a78fa6f4c237a4986fbb202b7e7e556062f59906999336b01697512	279e063a4a78fa6f4c237a4986fbb202b7e7e556062f59906999336b01697512	none			none	saved-run-record	none
round-2-feature/acceptance/web-persisted.png	examples/foundation/.proof/delivery-2a973c5/round-2-feature/acceptance/web-persisted.png	31706	31706	61e5242befee4bc26ef76ddb2664418382beded1c6066f8387d62db6c2a09a93	61e5242befee4bc26ef76ddb2664418382beded1c6066f8387d62db6c2a09a93	none			none	saved-run-record	none
round-2-feature/change.diff	examples/foundation/.proof/delivery-2a973c5/round-2-feature/change.diff	23200	23200	ebeb88afadb4260ceb5703455c3b579a3759c1f8492cd31891e49942dc5141bb	ebeb88afadb4260ceb5703455c3b579a3759c1f8492cd31891e49942dc5141bb	none	ebeb88afadb4260ceb5703455c3b579a3759c1f8492cd31891e49942dc5141bb	ebeb88afadb4260ceb5703455c3b579a3759c1f8492cd31891e49942dc5141bb	none	Git-diff	report.json
round-2-feature/delivered-files.json	examples/foundation/.proof/delivery-2a973c5/round-2-feature/delivered-files.json	9630	9630	f2531edce8a5bf70c15140b9de67451c64571ffa193e4a1cfc4de503f28b5ceb	f2531edce8a5bf70c15140b9de67451c64571ffa193e4a1cfc4de503f28b5ceb	none			none	saved-run-record	none
round-2-feature/delivered/.astack/feature-map/work-items/README.md	examples/foundation/.proof/delivery-2a973c5/round-2-feature/delivered/.astack/feature-map/work-items/README.md	383	383	f22f22985ef1a9782e4c6a9a074bd90328e7cde7644dfa3719c926410782bed5	f22f22985ef1a9782e4c6a9a074bd90328e7cde7644dfa3719c926410782bed5	none	f22f22985ef1a9782e4c6a9a074bd90328e7cde7644dfa3719c926410782bed5	f22f22985ef1a9782e4c6a9a074bd90328e7cde7644dfa3719c926410782bed5	none	project	round-2-feature/retention.json
round-2-feature/delivered/.astack/feature-map/work-items/work-items.md	examples/foundation/.proof/delivery-2a973c5/round-2-feature/delivered/.astack/feature-map/work-items/work-items.md	2180	2180	7874042ffd0545fd726936d2fde99b6631fff4a72563674cfef01f71eabfbc36	7874042ffd0545fd726936d2fde99b6631fff4a72563674cfef01f71eabfbc36	none	7874042ffd0545fd726936d2fde99b6631fff4a72563674cfef01f71eabfbc36	7874042ffd0545fd726936d2fde99b6631fff4a72563674cfef01f71eabfbc36	none	project	round-2-feature/retention.json
round-2-feature/delivered/.astack/project.md	examples/foundation/.proof/delivery-2a973c5/round-2-feature/delivered/.astack/project.md	1881	1881	0d2931ffbf8e47893c14bfdffcce6bc27504421601f968056e5ca903df894d9f	0d2931ffbf8e47893c14bfdffcce6bc27504421601f968056e5ca903df894d9f	none	0d2931ffbf8e47893c14bfdffcce6bc27504421601f968056e5ca903df894d9f	0d2931ffbf8e47893c14bfdffcce6bc27504421601f968056e5ca903df894d9f	none	project	round-2-feature/retention.json
round-2-feature/delivered/.astack/scaffold.json	examples/foundation/.proof/delivery-2a973c5/round-2-feature/delivered/.astack/scaffold.json	274	274	fd925cb43ab0d699fcda4ef3b851a15983ac6c09501e24f059ee21736b907d52	fd925cb43ab0d699fcda4ef3b851a15983ac6c09501e24f059ee21736b907d52	none	fd925cb43ab0d699fcda4ef3b851a15983ac6c09501e24f059ee21736b907d52	fd925cb43ab0d699fcda4ef3b851a15983ac6c09501e24f059ee21736b907d52	none	project	round-2-feature/retention.json
round-2-feature/delivered/.codex/skills/astack-work-items/SKILL.md	examples/foundation/.proof/delivery-2a973c5/round-2-feature/delivered/.codex/skills/astack-work-items/SKILL.md	1242	1242	d6d82b88246cd96512e1a0c5a022c2f3a7d80a1eb164e905dc0d4232d6133fb2	d6d82b88246cd96512e1a0c5a022c2f3a7d80a1eb164e905dc0d4232d6133fb2	none	d6d82b88246cd96512e1a0c5a022c2f3a7d80a1eb164e905dc0d4232d6133fb2	d6d82b88246cd96512e1a0c5a022c2f3a7d80a1eb164e905dc0d4232d6133fb2	none	project	round-2-feature/retention.json
round-2-feature/delivered/.codex/skills/astack-work-items/control.ts	examples/foundation/.proof/delivery-2a973c5/round-2-feature/delivered/.codex/skills/astack-work-items/control.ts	1632	1632	0824abab55ce25569a72ae4ba61b0b1f88ce2acf01591434827979f32abaee6f	0824abab55ce25569a72ae4ba61b0b1f88ce2acf01591434827979f32abaee6f	none	0824abab55ce25569a72ae4ba61b0b1f88ce2acf01591434827979f32abaee6f	0824abab55ce25569a72ae4ba61b0b1f88ce2acf01591434827979f32abaee6f	none	project	round-2-feature/retention.json
round-2-feature/delivered/.gitignore	examples/foundation/.proof/delivery-2a973c5/round-2-feature/delivered/.gitignore	133	133	d7cfccfef537709ee2dd5dc14c0406dc2bd50fee52c785f481010b2689a9db7b	d7cfccfef537709ee2dd5dc14c0406dc2bd50fee52c785f481010b2689a9db7b	none	d7cfccfef537709ee2dd5dc14c0406dc2bd50fee52c785f481010b2689a9db7b	d7cfccfef537709ee2dd5dc14c0406dc2bd50fee52c785f481010b2689a9db7b	none	project	round-2-feature/retention.json
round-2-feature/delivered/.husky/pre-commit	examples/foundation/.proof/delivery-2a973c5/round-2-feature/delivered/.husky/pre-commit	194	194	49db70e604bf06f5bda03778a71d8bb249cd4af481ca976e5b35cb754532b042	49db70e604bf06f5bda03778a71d8bb249cd4af481ca976e5b35cb754532b042	none	49db70e604bf06f5bda03778a71d8bb249cd4af481ca976e5b35cb754532b042	49db70e604bf06f5bda03778a71d8bb249cd4af481ca976e5b35cb754532b042	none	project	round-2-feature/retention.json
round-2-feature/delivered/.prettierignore	examples/foundation/.proof/delivery-2a973c5/round-2-feature/delivered/.prettierignore	101	101	077f2966b94e14c1bf40a136c4a9fecfb41e793e32d18d07413873994263d7ad	077f2966b94e14c1bf40a136c4a9fecfb41e793e32d18d07413873994263d7ad	none	077f2966b94e14c1bf40a136c4a9fecfb41e793e32d18d07413873994263d7ad	077f2966b94e14c1bf40a136c4a9fecfb41e793e32d18d07413873994263d7ad	none	project	round-2-feature/retention.json
round-2-feature/delivered/.prettierrc.json	examples/foundation/.proof/delivery-2a973c5/round-2-feature/delivered/.prettierrc.json	48	48	32dcd743a0ffca59a737c87abcfcc3f57a0cede5cedb6a8b1b68d32a3b6d4506	32dcd743a0ffca59a737c87abcfcc3f57a0cede5cedb6a8b1b68d32a3b6d4506	none	32dcd743a0ffca59a737c87abcfcc3f57a0cede5cedb6a8b1b68d32a3b6d4506	32dcd743a0ffca59a737c87abcfcc3f57a0cede5cedb6a8b1b68d32a3b6d4506	none	project	round-2-feature/retention.json
round-2-feature/delivered/.proof/title-edit-final/mcp-app-host.png	examples/foundation/.proof/delivery-2a973c5/round-2-feature/delivered/.proof/title-edit-final/mcp-app-host.png	38841	38841	46eb5096caa91cfa7a7e0e7d2ab3d779fbedb6dcffe33d9da6bc7cc5f0cc1ce3	46eb5096caa91cfa7a7e0e7d2ab3d779fbedb6dcffe33d9da6bc7cc5f0cc1ce3	none	46eb5096caa91cfa7a7e0e7d2ab3d779fbedb6dcffe33d9da6bc7cc5f0cc1ce3	46eb5096caa91cfa7a7e0e7d2ab3d779fbedb6dcffe33d9da6bc7cc5f0cc1ce3	none	project	round-2-feature/retention.json
round-2-feature/delivered/.proof/title-edit-final/mcp-host-observations.json	examples/foundation/.proof/delivery-2a973c5/round-2-feature/delivered/.proof/title-edit-final/mcp-host-observations.json	1412	1412	19bcd9c678b5f39a643efa561f3c42a3838ef14f29581f56c1ba9df94a390b23	19bcd9c678b5f39a643efa561f3c42a3838ef14f29581f56c1ba9df94a390b23	none	19bcd9c678b5f39a643efa561f3c42a3838ef14f29581f56c1ba9df94a390b23	19bcd9c678b5f39a643efa561f3c42a3838ef14f29581f56c1ba9df94a390b23	none	project	round-2-feature/retention.json
round-2-feature/delivered/.proof/title-edit-final/report.json	examples/foundation/.proof/delivery-2a973c5/round-2-feature/delivered/.proof/title-edit-final/report.json	4602	4602	65186f7da28fb5e8e4e94297fe9baaf8b27781dd131576d7e1c59fd756b8abcc	65186f7da28fb5e8e4e94297fe9baaf8b27781dd131576d7e1c59fd756b8abcc	none	65186f7da28fb5e8e4e94297fe9baaf8b27781dd131576d7e1c59fd756b8abcc	65186f7da28fb5e8e4e94297fe9baaf8b27781dd131576d7e1c59fd756b8abcc	none	project	round-2-feature/retention.json
round-2-feature/delivered/.proof/title-edit-final/runtime.log	examples/foundation/.proof/delivery-2a973c5/round-2-feature/delivered/.proof/title-edit-final/runtime.log	1884	1884	fad099724cdfd02a556519ad700560760a974011aa53bc54b0b37398d556e799	fad099724cdfd02a556519ad700560760a974011aa53bc54b0b37398d556e799	none	fad099724cdfd02a556519ad700560760a974011aa53bc54b0b37398d556e799	fad099724cdfd02a556519ad700560760a974011aa53bc54b0b37398d556e799	none	project	round-2-feature/retention.json
round-2-feature/delivered/.proof/title-edit-final/title-edit-persisted.png	examples/foundation/.proof/delivery-2a973c5/round-2-feature/delivered/.proof/title-edit-final/title-edit-persisted.png	34086	34086	c4e5a9c8d9fd50d70e11741d492e529940cbd065a17a8b4cd09820626730dfb5	c4e5a9c8d9fd50d70e11741d492e529940cbd065a17a8b4cd09820626730dfb5	none	c4e5a9c8d9fd50d70e11741d492e529940cbd065a17a8b4cd09820626730dfb5	c4e5a9c8d9fd50d70e11741d492e529940cbd065a17a8b4cd09820626730dfb5	none	project	round-2-feature/retention.json
round-2-feature/delivered/.proof/title-edit-final/title-edit.png	examples/foundation/.proof/delivery-2a973c5/round-2-feature/delivered/.proof/title-edit-final/title-edit.png	37734	37734	279e063a4a78fa6f4c237a4986fbb202b7e7e556062f59906999336b01697512	279e063a4a78fa6f4c237a4986fbb202b7e7e556062f59906999336b01697512	none	279e063a4a78fa6f4c237a4986fbb202b7e7e556062f59906999336b01697512	279e063a4a78fa6f4c237a4986fbb202b7e7e556062f59906999336b01697512	none	project	round-2-feature/retention.json
round-2-feature/delivered/.proof/title-edit-final/web-persisted.png	examples/foundation/.proof/delivery-2a973c5/round-2-feature/delivered/.proof/title-edit-final/web-persisted.png	31965	31965	3469dd58590b39ff6f8fb145da389089ff090bb385e2811d9b7306ca56d359b4	3469dd58590b39ff6f8fb145da389089ff090bb385e2811d9b7306ca56d359b4	none	3469dd58590b39ff6f8fb145da389089ff090bb385e2811d9b7306ca56d359b4	3469dd58590b39ff6f8fb145da389089ff090bb385e2811d9b7306ca56d359b4	none	project	round-2-feature/retention.json
round-2-feature/delivered/.proof/title-edit-initial/mcp-app-host.png	examples/foundation/.proof/delivery-2a973c5/round-2-feature/delivered/.proof/title-edit-initial/mcp-app-host.png	38555	38555	4bc57521d3c427f68a02dece703dddca6ca713a6ec4ff70dc53b2465393f49c8	4bc57521d3c427f68a02dece703dddca6ca713a6ec4ff70dc53b2465393f49c8	none	4bc57521d3c427f68a02dece703dddca6ca713a6ec4ff70dc53b2465393f49c8	4bc57521d3c427f68a02dece703dddca6ca713a6ec4ff70dc53b2465393f49c8	none	project	round-2-feature/retention.json
round-2-feature/delivered/.proof/title-edit-initial/mcp-host-observations.json	examples/foundation/.proof/delivery-2a973c5/round-2-feature/delivered/.proof/title-edit-initial/mcp-host-observations.json	1412	1412	694e3b4faf018193fea9949113630132e964082b7b2b9fd5a80f77c5e8673876	694e3b4faf018193fea9949113630132e964082b7b2b9fd5a80f77c5e8673876	none	694e3b4faf018193fea9949113630132e964082b7b2b9fd5a80f77c5e8673876	694e3b4faf018193fea9949113630132e964082b7b2b9fd5a80f77c5e8673876	none	project	round-2-feature/retention.json
round-2-feature/delivered/.proof/title-edit-initial/report.json	examples/foundation/.proof/delivery-2a973c5/round-2-feature/delivered/.proof/title-edit-initial/report.json	4027	4027	261ffb3817c92f26959f401537448f029060d13394b9768977ffbde1b5fc00fe	261ffb3817c92f26959f401537448f029060d13394b9768977ffbde1b5fc00fe	none	261ffb3817c92f26959f401537448f029060d13394b9768977ffbde1b5fc00fe	261ffb3817c92f26959f401537448f029060d13394b9768977ffbde1b5fc00fe	none	project	round-2-feature/retention.json
round-2-feature/delivered/.proof/title-edit-initial/runtime.log	examples/foundation/.proof/delivery-2a973c5/round-2-feature/delivered/.proof/title-edit-initial/runtime.log	1883	1883	a53659d85419bd57b03db5a5a21e8d37a29743963ef06e8b805e395b50e47a21	a53659d85419bd57b03db5a5a21e8d37a29743963ef06e8b805e395b50e47a21	none	a53659d85419bd57b03db5a5a21e8d37a29743963ef06e8b805e395b50e47a21	a53659d85419bd57b03db5a5a21e8d37a29743963ef06e8b805e395b50e47a21	none	project	round-2-feature/retention.json
round-2-feature/delivered/.proof/title-edit-initial/title-edit.png	examples/foundation/.proof/delivery-2a973c5/round-2-feature/delivered/.proof/title-edit-initial/title-edit.png	33175	33175	ee008cd68f13a824a0a676048f95347711730c971c23776efa66a28ab6276fa9	ee008cd68f13a824a0a676048f95347711730c971c23776efa66a28ab6276fa9	none	ee008cd68f13a824a0a676048f95347711730c971c23776efa66a28ab6276fa9	ee008cd68f13a824a0a676048f95347711730c971c23776efa66a28ab6276fa9	none	project	round-2-feature/retention.json
round-2-feature/delivered/.proof/title-edit-initial/web-persisted.png	examples/foundation/.proof/delivery-2a973c5/round-2-feature/delivered/.proof/title-edit-initial/web-persisted.png	31661	31661	babfea4908df4c307adb5b4030991d6569ae8c66fa50e893c65cce4e958a30cb	babfea4908df4c307adb5b4030991d6569ae8c66fa50e893c65cce4e958a30cb	none	babfea4908df4c307adb5b4030991d6569ae8c66fa50e893c65cce4e958a30cb	babfea4908df4c307adb5b4030991d6569ae8c66fa50e893c65cce4e958a30cb	none	project	round-2-feature/retention.json
round-2-feature/delivered/.proof/title-edit/mcp-app-host.png	examples/foundation/.proof/delivery-2a973c5/round-2-feature/delivered/.proof/title-edit/mcp-app-host.png	38130	38130	2364f6ab9c0559bbb375c897ada044e53e76f6a935d10d16dc5dce2f817fd813	2364f6ab9c0559bbb375c897ada044e53e76f6a935d10d16dc5dce2f817fd813	none	2364f6ab9c0559bbb375c897ada044e53e76f6a935d10d16dc5dce2f817fd813	2364f6ab9c0559bbb375c897ada044e53e76f6a935d10d16dc5dce2f817fd813	none	project	round-2-feature/retention.json
round-2-feature/delivered/.proof/title-edit/mcp-host-observations.json	examples/foundation/.proof/delivery-2a973c5/round-2-feature/delivered/.proof/title-edit/mcp-host-observations.json	1412	1412	93dd127a7e467e8d50d5c651b070644cb9f7a100fe9c5286b8d387120be05c70	93dd127a7e467e8d50d5c651b070644cb9f7a100fe9c5286b8d387120be05c70	none	93dd127a7e467e8d50d5c651b070644cb9f7a100fe9c5286b8d387120be05c70	93dd127a7e467e8d50d5c651b070644cb9f7a100fe9c5286b8d387120be05c70	none	project	round-2-feature/retention.json
round-2-feature/delivered/.proof/title-edit/report.json	examples/foundation/.proof/delivery-2a973c5/round-2-feature/delivered/.proof/title-edit/report.json	3741	3741	6a44fcaf6e9776a44f4cd6e382a20817338b0647d2c54b006145a87802a7692d	6a44fcaf6e9776a44f4cd6e382a20817338b0647d2c54b006145a87802a7692d	none	6a44fcaf6e9776a44f4cd6e382a20817338b0647d2c54b006145a87802a7692d	6a44fcaf6e9776a44f4cd6e382a20817338b0647d2c54b006145a87802a7692d	none	project	round-2-feature/retention.json
round-2-feature/delivered/.proof/title-edit/runtime.log	examples/foundation/.proof/delivery-2a973c5/round-2-feature/delivered/.proof/title-edit/runtime.log	1884	1884	8f8e165cf70fa46e93e61ffadd3941cee5ac542564a94ce857c6f4b00bb30dad	8f8e165cf70fa46e93e61ffadd3941cee5ac542564a94ce857c6f4b00bb30dad	none	8f8e165cf70fa46e93e61ffadd3941cee5ac542564a94ce857c6f4b00bb30dad	8f8e165cf70fa46e93e61ffadd3941cee5ac542564a94ce857c6f4b00bb30dad	none	project	round-2-feature/retention.json
round-2-feature/delivered/.proof/title-edit/title-edit-persisted.png	examples/foundation/.proof/delivery-2a973c5/round-2-feature/delivered/.proof/title-edit/title-edit-persisted.png	33508	33508	933fe33085494874d1798da792d58a8c0bbffcfd9914def45c5d8e8de0b1bc70	933fe33085494874d1798da792d58a8c0bbffcfd9914def45c5d8e8de0b1bc70	none	933fe33085494874d1798da792d58a8c0bbffcfd9914def45c5d8e8de0b1bc70	933fe33085494874d1798da792d58a8c0bbffcfd9914def45c5d8e8de0b1bc70	none	project	round-2-feature/retention.json
round-2-feature/delivered/.proof/title-edit/title-edit.png	examples/foundation/.proof/delivery-2a973c5/round-2-feature/delivered/.proof/title-edit/title-edit.png	37734	37734	279e063a4a78fa6f4c237a4986fbb202b7e7e556062f59906999336b01697512	279e063a4a78fa6f4c237a4986fbb202b7e7e556062f59906999336b01697512	none	279e063a4a78fa6f4c237a4986fbb202b7e7e556062f59906999336b01697512	279e063a4a78fa6f4c237a4986fbb202b7e7e556062f59906999336b01697512	none	project	round-2-feature/retention.json
round-2-feature/delivered/.proof/title-edit/web-persisted.png	examples/foundation/.proof/delivery-2a973c5/round-2-feature/delivered/.proof/title-edit/web-persisted.png	31218	31218	f063c0cafd49e228aaf4e1d7587999c19ac9a460cf015b02bb5021fb35db1dc9	f063c0cafd49e228aaf4e1d7587999c19ac9a460cf015b02bb5021fb35db1dc9	none	f063c0cafd49e228aaf4e1d7587999c19ac9a460cf015b02bb5021fb35db1dc9	f063c0cafd49e228aaf4e1d7587999c19ac9a460cf015b02bb5021fb35db1dc9	none	project	round-2-feature/retention.json
round-2-feature/delivered/README.md	examples/foundation/.proof/delivery-2a973c5/round-2-feature/delivered/README.md	9653	9653	0773d22018948946391712250b072bac2afb730a5c91e4a1c570edfa7f835f18	0773d22018948946391712250b072bac2afb730a5c91e4a1c570edfa7f835f18	none	0773d22018948946391712250b072bac2afb730a5c91e4a1c570edfa7f835f18	0773d22018948946391712250b072bac2afb730a5c91e4a1c570edfa7f835f18	none	project	round-2-feature/retention.json
round-2-feature/delivered/apps/mcp-ui/index.html	examples/foundation/.proof/delivery-2a973c5/round-2-feature/delivered/apps/mcp-ui/index.html	295	295	94fe15c034fde9461e7c54c4bbb6e13eceb9bc5ba6305cafa4a7ef146aa4a82e	94fe15c034fde9461e7c54c4bbb6e13eceb9bc5ba6305cafa4a7ef146aa4a82e	none	94fe15c034fde9461e7c54c4bbb6e13eceb9bc5ba6305cafa4a7ef146aa4a82e	94fe15c034fde9461e7c54c4bbb6e13eceb9bc5ba6305cafa4a7ef146aa4a82e	none	project	round-2-feature/retention.json
round-2-feature/delivered/apps/mcp-ui/package.json	examples/foundation/.proof/delivery-2a973c5/round-2-feature/delivered/apps/mcp-ui/package.json	446	446	ad665bb56b8ee65c856b1bdcd6c88c8f33cd36f2df2c40e7e12872a9592f5f06	ad665bb56b8ee65c856b1bdcd6c88c8f33cd36f2df2c40e7e12872a9592f5f06	none	ad665bb56b8ee65c856b1bdcd6c88c8f33cd36f2df2c40e7e12872a9592f5f06	ad665bb56b8ee65c856b1bdcd6c88c8f33cd36f2df2c40e7e12872a9592f5f06	none	project	round-2-feature/retention.json
round-2-feature/delivered/apps/mcp-ui/src/main.tsx	examples/foundation/.proof/delivery-2a973c5/round-2-feature/delivered/apps/mcp-ui/src/main.tsx	5593	5593	97dd3c35aa605b8983daf0acf06ebe30dcd6aa05a5eabc1e04688b37cc64c37d	97dd3c35aa605b8983daf0acf06ebe30dcd6aa05a5eabc1e04688b37cc64c37d	none	97dd3c35aa605b8983daf0acf06ebe30dcd6aa05a5eabc1e04688b37cc64c37d	97dd3c35aa605b8983daf0acf06ebe30dcd6aa05a5eabc1e04688b37cc64c37d	none	project	round-2-feature/retention.json
round-2-feature/delivered/apps/mcp-ui/tsconfig.json	examples/foundation/.proof/delivery-2a973c5/round-2-feature/delivered/apps/mcp-ui/tsconfig.json	167	167	5e0bda48b8b922b60fd2156cd7b2ae77be6501767a0addb9daf2d2b7d6354e25	5e0bda48b8b922b60fd2156cd7b2ae77be6501767a0addb9daf2d2b7d6354e25	none	5e0bda48b8b922b60fd2156cd7b2ae77be6501767a0addb9daf2d2b7d6354e25	5e0bda48b8b922b60fd2156cd7b2ae77be6501767a0addb9daf2d2b7d6354e25	none	project	round-2-feature/retention.json
round-2-feature/delivered/apps/mcp-ui/vite.config.ts	examples/foundation/.proof/delivery-2a973c5/round-2-feature/delivered/apps/mcp-ui/vite.config.ts	264	264	2a55d4c288492c76c16e4093db62b199cd65e5849db0ba2d465127b0d9c694e1	2a55d4c288492c76c16e4093db62b199cd65e5849db0ba2d465127b0d9c694e1	none	2a55d4c288492c76c16e4093db62b199cd65e5849db0ba2d465127b0d9c694e1	2a55d4c288492c76c16e4093db62b199cd65e5849db0ba2d465127b0d9c694e1	none	project	round-2-feature/retention.json
round-2-feature/delivered/apps/web/.env.example	examples/foundation/.proof/delivery-2a973c5/round-2-feature/delivered/apps/web/.env.example	275	275	b0a0ce4f487271efc054bfed28174b7ca284096bb0b551aacc84d2b128720096	b0a0ce4f487271efc054bfed28174b7ca284096bb0b551aacc84d2b128720096	none	b0a0ce4f487271efc054bfed28174b7ca284096bb0b551aacc84d2b128720096	b0a0ce4f487271efc054bfed28174b7ca284096bb0b551aacc84d2b128720096	none	project	round-2-feature/retention.json
round-2-feature/delivered/apps/web/index.html	examples/foundation/.proof/delivery-2a973c5/round-2-feature/delivered/apps/web/index.html	295	295	94fe15c034fde9461e7c54c4bbb6e13eceb9bc5ba6305cafa4a7ef146aa4a82e	94fe15c034fde9461e7c54c4bbb6e13eceb9bc5ba6305cafa4a7ef146aa4a82e	none	94fe15c034fde9461e7c54c4bbb6e13eceb9bc5ba6305cafa4a7ef146aa4a82e	94fe15c034fde9461e7c54c4bbb6e13eceb9bc5ba6305cafa4a7ef146aa4a82e	none	project	round-2-feature/retention.json
round-2-feature/delivered/apps/web/package.json	examples/foundation/.proof/delivery-2a973c5/round-2-feature/delivered/apps/web/package.json	620	620	3ffd23e1a624defe1b6b33f3c2516038e74a623341d3fe74fa68ed540412ae11	3ffd23e1a624defe1b6b33f3c2516038e74a623341d3fe74fa68ed540412ae11	none	3ffd23e1a624defe1b6b33f3c2516038e74a623341d3fe74fa68ed540412ae11	3ffd23e1a624defe1b6b33f3c2516038e74a623341d3fe74fa68ed540412ae11	none	project	round-2-feature/retention.json
round-2-feature/delivered/apps/web/src/main.tsx	examples/foundation/.proof/delivery-2a973c5/round-2-feature/delivered/apps/web/src/main.tsx	2812	2812	d35db9680fea6c3ce2082d6d9e391b1c3dfe22db5968b28ba2da8da0d76cf9be	d35db9680fea6c3ce2082d6d9e391b1c3dfe22db5968b28ba2da8da0d76cf9be	none	d35db9680fea6c3ce2082d6d9e391b1c3dfe22db5968b28ba2da8da0d76cf9be	d35db9680fea6c3ce2082d6d9e391b1c3dfe22db5968b28ba2da8da0d76cf9be	none	project	round-2-feature/retention.json
round-2-feature/delivered/apps/web/src/router.tsx	examples/foundation/.proof/delivery-2a973c5/round-2-feature/delivered/apps/web/src/router.tsx	720	720	d53d6c942972eff2e39f9e9bddaecd54e8210dccf36c86ffd4d2ae239f363798	d53d6c942972eff2e39f9e9bddaecd54e8210dccf36c86ffd4d2ae239f363798	none	d53d6c942972eff2e39f9e9bddaecd54e8210dccf36c86ffd4d2ae239f363798	d53d6c942972eff2e39f9e9bddaecd54e8210dccf36c86ffd4d2ae239f363798	none	project	round-2-feature/retention.json
round-2-feature/delivered/apps/web/src/work-items.tsx	examples/foundation/.proof/delivery-2a973c5/round-2-feature/delivered/apps/web/src/work-items.tsx	9656	9656	59591d875076afe15f3999e026a8b3bbb782978634d8e2fa43603ac6229d1bd5	59591d875076afe15f3999e026a8b3bbb782978634d8e2fa43603ac6229d1bd5	none	59591d875076afe15f3999e026a8b3bbb782978634d8e2fa43603ac6229d1bd5	59591d875076afe15f3999e026a8b3bbb782978634d8e2fa43603ac6229d1bd5	none	project	round-2-feature/retention.json
round-2-feature/delivered/apps/web/tsconfig.json	examples/foundation/.proof/delivery-2a973c5/round-2-feature/delivered/apps/web/tsconfig.json	167	167	5e0bda48b8b922b60fd2156cd7b2ae77be6501767a0addb9daf2d2b7d6354e25	5e0bda48b8b922b60fd2156cd7b2ae77be6501767a0addb9daf2d2b7d6354e25	none	5e0bda48b8b922b60fd2156cd7b2ae77be6501767a0addb9daf2d2b7d6354e25	5e0bda48b8b922b60fd2156cd7b2ae77be6501767a0addb9daf2d2b7d6354e25	none	project	round-2-feature/retention.json
round-2-feature/delivered/apps/web/vite.config.ts	examples/foundation/.proof/delivery-2a973c5/round-2-feature/delivered/apps/web/vite.config.ts	186	186	c536b6cd2d08f8c39877d1fffeba7feed91a23f288582a98547f294ab4c609d1	c536b6cd2d08f8c39877d1fffeba7feed91a23f288582a98547f294ab4c609d1	none	c536b6cd2d08f8c39877d1fffeba7feed91a23f288582a98547f294ab4c609d1	c536b6cd2d08f8c39877d1fffeba7feed91a23f288582a98547f294ab4c609d1	none	project	round-2-feature/retention.json
round-2-feature/delivered/bun.lock	examples/foundation/.proof/delivery-2a973c5/round-2-feature/delivered/bun.lock	171715	171715	1ed2f09c0b4b4dbd5864f39dbde996958ea6cf2f17bfb33cef64586236d78034	1ed2f09c0b4b4dbd5864f39dbde996958ea6cf2f17bfb33cef64586236d78034	none	1ed2f09c0b4b4dbd5864f39dbde996958ea6cf2f17bfb33cef64586236d78034	1ed2f09c0b4b4dbd5864f39dbde996958ea6cf2f17bfb33cef64586236d78034	none	project	round-2-feature/retention.json
round-2-feature/delivered/eslint.config.mjs	examples/foundation/.proof/delivery-2a973c5/round-2-feature/delivered/eslint.config.mjs	56	56	ffe4ebb5a5c522749f8242d2e16ad3bb46a241e862684891301e831f912cba08	ffe4ebb5a5c522749f8242d2e16ad3bb46a241e862684891301e831f912cba08	none	ffe4ebb5a5c522749f8242d2e16ad3bb46a241e862684891301e831f912cba08	ffe4ebb5a5c522749f8242d2e16ad3bb46a241e862684891301e831f912cba08	none	project	round-2-feature/retention.json
round-2-feature/delivered/lint-staged.config.mjs	examples/foundation/.proof/delivery-2a973c5/round-2-feature/delivered/lint-staged.config.mjs	209	209	81c09831a1333b8058aa111e906125e42bb9e5759f17c62318c21d62225bce00	81c09831a1333b8058aa111e906125e42bb9e5759f17c62318c21d62225bce00	none	81c09831a1333b8058aa111e906125e42bb9e5759f17c62318c21d62225bce00	81c09831a1333b8058aa111e906125e42bb9e5759f17c62318c21d62225bce00	none	project	round-2-feature/retention.json
round-2-feature/delivered/package.json	examples/foundation/.proof/delivery-2a973c5/round-2-feature/delivered/package.json	2189	2189	7c7db212cb2107c0c0e6ee3bc81cc0d8cc894aa25afd35b6df5e21046de9ddcf	7c7db212cb2107c0c0e6ee3bc81cc0d8cc894aa25afd35b6df5e21046de9ddcf	none	7c7db212cb2107c0c0e6ee3bc81cc0d8cc894aa25afd35b6df5e21046de9ddcf	7c7db212cb2107c0c0e6ee3bc81cc0d8cc894aa25afd35b6df5e21046de9ddcf	none	project	round-2-feature/retention.json
round-2-feature/delivered/packages/backend/.env.example	examples/foundation/.proof/delivery-2a973c5/round-2-feature/delivered/packages/backend/.env.example	200	200	b8ae67eee31602ab2897a2ff95082c6bd88181efc7a4fb3bbdd4e90fb6f708f8	b8ae67eee31602ab2897a2ff95082c6bd88181efc7a4fb3bbdd4e90fb6f708f8	none	b8ae67eee31602ab2897a2ff95082c6bd88181efc7a4fb3bbdd4e90fb6f708f8	b8ae67eee31602ab2897a2ff95082c6bd88181efc7a4fb3bbdd4e90fb6f708f8	none	project	round-2-feature/retention.json
round-2-feature/delivered/packages/backend/.gitignore	examples/foundation/.proof/delivery-2a973c5/round-2-feature/delivered/packages/backend/.gitignore	12	12	c1be9a7b83075864153509fa626722510fd2507fe18e4548a4a89e11023048ea	c1be9a7b83075864153509fa626722510fd2507fe18e4548a4a89e11023048ea	none	c1be9a7b83075864153509fa626722510fd2507fe18e4548a4a89e11023048ea	c1be9a7b83075864153509fa626722510fd2507fe18e4548a4a89e11023048ea	none	project	round-2-feature/retention.json
round-2-feature/delivered/packages/backend/convex.json	examples/foundation/.proof/delivery-2a973c5/round-2-feature/delivered/packages/backend/convex.json	135	135	fa3e766ef4d424da2f57361dca5369f073981fac42dd0a4e4641d8867faf51f3	fa3e766ef4d424da2f57361dca5369f073981fac42dd0a4e4641d8867faf51f3	none	fa3e766ef4d424da2f57361dca5369f073981fac42dd0a4e4641d8867faf51f3	fa3e766ef4d424da2f57361dca5369f073981fac42dd0a4e4641d8867faf51f3	none	project	round-2-feature/retention.json
round-2-feature/delivered/packages/backend/convex/_generated/api.ts	examples/foundation/.proof/delivery-2a973c5/round-2-feature/delivered/packages/backend/convex/_generated/api.ts	1400	1400	b51f59d5f03959d7978ef51ce4bb1918d5e966fcfd6c3510fe5847b65c11fbd2	b51f59d5f03959d7978ef51ce4bb1918d5e966fcfd6c3510fe5847b65c11fbd2	none	b51f59d5f03959d7978ef51ce4bb1918d5e966fcfd6c3510fe5847b65c11fbd2	b51f59d5f03959d7978ef51ce4bb1918d5e966fcfd6c3510fe5847b65c11fbd2	none	project	round-2-feature/retention.json
round-2-feature/delivered/packages/backend/convex/_generated/dataModel.ts	examples/foundation/.proof/delivery-2a973c5/round-2-feature/delivered/packages/backend/convex/_generated/dataModel.ts	1736	1736	db177073d16a4393c7a96bcdc3a2a904e88c2432d54d138ca7715cc431982c17	db177073d16a4393c7a96bcdc3a2a904e88c2432d54d138ca7715cc431982c17	none	db177073d16a4393c7a96bcdc3a2a904e88c2432d54d138ca7715cc431982c17	db177073d16a4393c7a96bcdc3a2a904e88c2432d54d138ca7715cc431982c17	none	project	round-2-feature/retention.json
round-2-feature/delivered/packages/backend/convex/_generated/server.ts	examples/foundation/.proof/delivery-2a973c5/round-2-feature/delivered/packages/backend/convex/_generated/server.ts	6349	6349	4ef510cd49241e28128a9a462daadaa9743c628f3df5c2a3fa4ad3c9af6b9cc4	4ef510cd49241e28128a9a462daadaa9743c628f3df5c2a3fa4ad3c9af6b9cc4	none	4ef510cd49241e28128a9a462daadaa9743c628f3df5c2a3fa4ad3c9af6b9cc4	4ef510cd49241e28128a9a462daadaa9743c628f3df5c2a3fa4ad3c9af6b9cc4	none	project	round-2-feature/retention.json
round-2-feature/delivered/packages/backend/convex/auth.config.ts	examples/foundation/.proof/delivery-2a973c5/round-2-feature/delivered/packages/backend/convex/auth.config.ts	2331	2331	d6881c29a3b941cf0d2ad3e59d4eb26d4804c5731d5b09d4ff4035aa37edd123	d6881c29a3b941cf0d2ad3e59d4eb26d4804c5731d5b09d4ff4035aa37edd123	none	d6881c29a3b941cf0d2ad3e59d4eb26d4804c5731d5b09d4ff4035aa37edd123	d6881c29a3b941cf0d2ad3e59d4eb26d4804c5731d5b09d4ff4035aa37edd123	none	project	round-2-feature/retention.json
round-2-feature/delivered/packages/backend/convex/http.ts	examples/foundation/.proof/delivery-2a973c5/round-2-feature/delivered/packages/backend/convex/http.ts	5047	5047	29d52f06c182108924650627a0c07532b58deac43092827fd2a6e77663e3a434	29d52f06c182108924650627a0c07532b58deac43092827fd2a6e77663e3a434	none	f7a33e2c070ec9cd4431835917a6fd672fd5b5390f636b06c41d3a6beb1315df	29d52f06c182108924650627a0c07532b58deac43092827fd2a6e77663e3a434	credential-redaction	project	round-2-feature/retention.json
round-2-feature/delivered/packages/backend/convex/lib/identity.ts	examples/foundation/.proof/delivery-2a973c5/round-2-feature/delivered/packages/backend/convex/lib/identity.ts	1287	1287	c07154240f019b4a4dafb1514ed4194c6e8479b9f69251c4d4d3c27252fe53da	c07154240f019b4a4dafb1514ed4194c6e8479b9f69251c4d4d3c27252fe53da	none	c07154240f019b4a4dafb1514ed4194c6e8479b9f69251c4d4d3c27252fe53da	c07154240f019b4a4dafb1514ed4194c6e8479b9f69251c4d4d3c27252fe53da	none	project	round-2-feature/retention.json
round-2-feature/delivered/packages/backend/convex/lib/mcp.ts	examples/foundation/.proof/delivery-2a973c5/round-2-feature/delivered/packages/backend/convex/lib/mcp.ts	5394	5394	60be24da6980dc032805cfc4f5d11c2686bde8af88723d21f1be678ed734e9e9	60be24da6980dc032805cfc4f5d11c2686bde8af88723d21f1be678ed734e9e9	none	60be24da6980dc032805cfc4f5d11c2686bde8af88723d21f1be678ed734e9e9	60be24da6980dc032805cfc4f5d11c2686bde8af88723d21f1be678ed734e9e9	none	project	round-2-feature/retention.json
round-2-feature/delivered/packages/backend/convex/schema.ts	examples/foundation/.proof/delivery-2a973c5/round-2-feature/delivered/packages/backend/convex/schema.ts	296	296	dbb8465c66ac2b6b16cd4029797c4a9d2d618c6ebefbfb61820d24e780ea3298	dbb8465c66ac2b6b16cd4029797c4a9d2d618c6ebefbfb61820d24e780ea3298	none	dbb8465c66ac2b6b16cd4029797c4a9d2d618c6ebefbfb61820d24e780ea3298	dbb8465c66ac2b6b16cd4029797c4a9d2d618c6ebefbfb61820d24e780ea3298	none	project	round-2-feature/retention.json
round-2-feature/delivered/packages/backend/convex/tsconfig.json	examples/foundation/.proof/delivery-2a973c5/round-2-feature/delivered/packages/backend/convex/tsconfig.json	223	223	94563947ccb3f355ca83a8bb6b85632d6d77a5de9864c973eabeb3dc6a3b68a0	94563947ccb3f355ca83a8bb6b85632d6d77a5de9864c973eabeb3dc6a3b68a0	none	94563947ccb3f355ca83a8bb6b85632d6d77a5de9864c973eabeb3dc6a3b68a0	94563947ccb3f355ca83a8bb6b85632d6d77a5de9864c973eabeb3dc6a3b68a0	none	project	round-2-feature/retention.json
round-2-feature/delivered/packages/backend/convex/workItems.ts	examples/foundation/.proof/delivery-2a973c5/round-2-feature/delivered/packages/backend/convex/workItems.ts	3096	3096	dd75a08f48869bc0530895226ec87afaa2ab487940ac8a2edc6fd78587fbd357	dd75a08f48869bc0530895226ec87afaa2ab487940ac8a2edc6fd78587fbd357	none	dd75a08f48869bc0530895226ec87afaa2ab487940ac8a2edc6fd78587fbd357	dd75a08f48869bc0530895226ec87afaa2ab487940ac8a2edc6fd78587fbd357	none	project	round-2-feature/retention.json
round-2-feature/delivered/packages/backend/package.json	examples/foundation/.proof/delivery-2a973c5/round-2-feature/delivered/packages/backend/package.json	580	580	31b5657d4efecc5dfa7ba55e3d1b88a366950649e1b40e407808888a7c40b655	31b5657d4efecc5dfa7ba55e3d1b88a366950649e1b40e407808888a7c40b655	none	31b5657d4efecc5dfa7ba55e3d1b88a366950649e1b40e407808888a7c40b655	31b5657d4efecc5dfa7ba55e3d1b88a366950649e1b40e407808888a7c40b655	none	project	round-2-feature/retention.json
round-2-feature/delivered/packages/backend/tsconfig.json	examples/foundation/.proof/delivery-2a973c5/round-2-feature/delivered/packages/backend/tsconfig.json	128	128	4fd3e7337d33f357829d7bb17c24e8c46c5bed068caac3035f7703320a8a5f27	4fd3e7337d33f357829d7bb17c24e8c46c5bed068caac3035f7703320a8a5f27	none	4fd3e7337d33f357829d7bb17c24e8c46c5bed068caac3035f7703320a8a5f27	4fd3e7337d33f357829d7bb17c24e8c46c5bed068caac3035f7703320a8a5f27	none	project	round-2-feature/retention.json
round-2-feature/delivered/packages/config/eslint.mjs	examples/foundation/.proof/delivery-2a973c5/round-2-feature/delivered/packages/config/eslint.mjs	6543	6543	37ab4a3ca105bb08cea6e4c78c94c5994114a1212b73a322975fea90df0a7bbf	37ab4a3ca105bb08cea6e4c78c94c5994114a1212b73a322975fea90df0a7bbf	none	37ab4a3ca105bb08cea6e4c78c94c5994114a1212b73a322975fea90df0a7bbf	37ab4a3ca105bb08cea6e4c78c94c5994114a1212b73a322975fea90df0a7bbf	none	project	round-2-feature/retention.json
round-2-feature/delivered/packages/config/package.json	examples/foundation/.proof/delivery-2a973c5/round-2-feature/delivered/packages/config/package.json	226	226	a4f44539cae3b8097d700d6c2103b1789695a95cb7212d1725c0c7a4a8f10050	a4f44539cae3b8097d700d6c2103b1789695a95cb7212d1725c0c7a4a8f10050	none	a4f44539cae3b8097d700d6c2103b1789695a95cb7212d1725c0c7a4a8f10050	a4f44539cae3b8097d700d6c2103b1789695a95cb7212d1725c0c7a4a8f10050	none	project	round-2-feature/retention.json
round-2-feature/delivered/packages/config/typescript.json	examples/foundation/.proof/delivery-2a973c5/round-2-feature/delivered/packages/config/typescript.json	479	479	c30e08e49e06495f66993ffc8d55d0e48e9f0ac28d1ed8a105b5fb5cdd97ef09	c30e08e49e06495f66993ffc8d55d0e48e9f0ac28d1ed8a105b5fb5cdd97ef09	none	c30e08e49e06495f66993ffc8d55d0e48e9f0ac28d1ed8a105b5fb5cdd97ef09	c30e08e49e06495f66993ffc8d55d0e48e9f0ac28d1ed8a105b5fb5cdd97ef09	none	project	round-2-feature/retention.json
round-2-feature/delivered/packages/domain/package.json	examples/foundation/.proof/delivery-2a973c5/round-2-feature/delivered/packages/domain/package.json	259	259	6b38a411cf16da1daad0a07f6f0e5de738bd523b5d44525e58bc94f8bc13a8ac	6b38a411cf16da1daad0a07f6f0e5de738bd523b5d44525e58bc94f8bc13a8ac	none	6b38a411cf16da1daad0a07f6f0e5de738bd523b5d44525e58bc94f8bc13a8ac	6b38a411cf16da1daad0a07f6f0e5de738bd523b5d44525e58bc94f8bc13a8ac	none	project	round-2-feature/retention.json
round-2-feature/delivered/packages/domain/src/index.ts	examples/foundation/.proof/delivery-2a973c5/round-2-feature/delivered/packages/domain/src/index.ts	650	650	5b1e707a9bdab248b40f1414a646c96d3d2fc9651b363bee3d6c1d657d200479	5b1e707a9bdab248b40f1414a646c96d3d2fc9651b363bee3d6c1d657d200479	none	5b1e707a9bdab248b40f1414a646c96d3d2fc9651b363bee3d6c1d657d200479	5b1e707a9bdab248b40f1414a646c96d3d2fc9651b363bee3d6c1d657d200479	none	project	round-2-feature/retention.json
round-2-feature/delivered/packages/domain/tsconfig.json	examples/foundation/.proof/delivery-2a973c5/round-2-feature/delivered/packages/domain/tsconfig.json	72	72	9f05a0b0992a69d35ccfd30a7341d9c36fc7eaefb1634d54d6a92030ab4906a4	9f05a0b0992a69d35ccfd30a7341d9c36fc7eaefb1634d54d6a92030ab4906a4	none	9f05a0b0992a69d35ccfd30a7341d9c36fc7eaefb1634d54d6a92030ab4906a4	9f05a0b0992a69d35ccfd30a7341d9c36fc7eaefb1634d54d6a92030ab4906a4	none	project	round-2-feature/retention.json
round-2-feature/delivered/packages/ui/.storybook/main.ts	examples/foundation/.proof/delivery-2a973c5/round-2-feature/delivered/packages/ui/.storybook/main.ts	370	370	5e7138e85e2d936a889a4d9fc83a60343a58adc8ac1378253af4f34de94ca452	5e7138e85e2d936a889a4d9fc83a60343a58adc8ac1378253af4f34de94ca452	none	5e7138e85e2d936a889a4d9fc83a60343a58adc8ac1378253af4f34de94ca452	5e7138e85e2d936a889a4d9fc83a60343a58adc8ac1378253af4f34de94ca452	none	project	round-2-feature/retention.json
round-2-feature/delivered/packages/ui/package.json	examples/foundation/.proof/delivery-2a973c5/round-2-feature/delivered/packages/ui/package.json	571	571	7d0dacda9d20b8cb71adaf6c7fb60d01c081db8d7121ca2a97ea275785b9dd01	7d0dacda9d20b8cb71adaf6c7fb60d01c081db8d7121ca2a97ea275785b9dd01	none	7d0dacda9d20b8cb71adaf6c7fb60d01c081db8d7121ca2a97ea275785b9dd01	7d0dacda9d20b8cb71adaf6c7fb60d01c081db8d7121ca2a97ea275785b9dd01	none	project	round-2-feature/retention.json
round-2-feature/delivered/packages/ui/src/WorkItemList.stories.tsx	examples/foundation/.proof/delivery-2a973c5/round-2-feature/delivered/packages/ui/src/WorkItemList.stories.tsx	835	835	1dee67d82ea987c646572e6aad354403e92513764fda882c76c93746a5f816c6	1dee67d82ea987c646572e6aad354403e92513764fda882c76c93746a5f816c6	none	1dee67d82ea987c646572e6aad354403e92513764fda882c76c93746a5f816c6	1dee67d82ea987c646572e6aad354403e92513764fda882c76c93746a5f816c6	none	project	round-2-feature/retention.json
round-2-feature/delivered/packages/ui/src/index.tsx	examples/foundation/.proof/delivery-2a973c5/round-2-feature/delivered/packages/ui/src/index.tsx	4110	4110	c98fd96d971929f1253b58c318036ea9ac233c92f1e0bb8bcc51bb779ae8afb7	c98fd96d971929f1253b58c318036ea9ac233c92f1e0bb8bcc51bb779ae8afb7	none	c98fd96d971929f1253b58c318036ea9ac233c92f1e0bb8bcc51bb779ae8afb7	c98fd96d971929f1253b58c318036ea9ac233c92f1e0bb8bcc51bb779ae8afb7	none	project	round-2-feature/retention.json
round-2-feature/delivered/packages/ui/src/styles.css	examples/foundation/.proof/delivery-2a973c5/round-2-feature/delivered/packages/ui/src/styles.css	4232	4232	9b303618735a306d081a9246a0234e4c6d4aa0fa93ca3fd3f39d6a27994da35a	9b303618735a306d081a9246a0234e4c6d4aa0fa93ca3fd3f39d6a27994da35a	none	9b303618735a306d081a9246a0234e4c6d4aa0fa93ca3fd3f39d6a27994da35a	9b303618735a306d081a9246a0234e4c6d4aa0fa93ca3fd3f39d6a27994da35a	none	project	round-2-feature/retention.json
round-2-feature/delivered/packages/ui/src/styles.d.ts	examples/foundation/.proof/delivery-2a973c5/round-2-feature/delivered/packages/ui/src/styles.d.ts	24	24	da5bf71d48cf909584a01c80b445f730507068f5b34c920f352e2bfcf0315e4c	da5bf71d48cf909584a01c80b445f730507068f5b34c920f352e2bfcf0315e4c	none	da5bf71d48cf909584a01c80b445f730507068f5b34c920f352e2bfcf0315e4c	da5bf71d48cf909584a01c80b445f730507068f5b34c920f352e2bfcf0315e4c	none	project	round-2-feature/retention.json
round-2-feature/delivered/packages/ui/tsconfig.json	examples/foundation/.proof/delivery-2a973c5/round-2-feature/delivered/packages/ui/tsconfig.json	181	181	d196a02fc942af46994f25a0e87b7cb14782e9412148b0a3e356887e615a8265	d196a02fc942af46994f25a0e87b7cb14782e9412148b0a3e356887e615a8265	none	d196a02fc942af46994f25a0e87b7cb14782e9412148b0a3e356887e615a8265	d196a02fc942af46994f25a0e87b7cb14782e9412148b0a3e356887e615a8265	none	project	round-2-feature/retention.json
round-2-feature/delivered/scripts/check.ts	examples/foundation/.proof/delivery-2a973c5/round-2-feature/delivered/scripts/check.ts	4480	4480	9c3cd5de3158b763735ec46563ed24aeecd6d516505e48f18750882e0c02ac68	9c3cd5de3158b763735ec46563ed24aeecd6d516505e48f18750882e0c02ac68	none	9c3cd5de3158b763735ec46563ed24aeecd6d516505e48f18750882e0c02ac68	9c3cd5de3158b763735ec46563ed24aeecd6d516505e48f18750882e0c02ac68	none	project	round-2-feature/retention.json
round-2-feature/delivered/scripts/embed-ui.ts	examples/foundation/.proof/delivery-2a973c5/round-2-feature/delivered/scripts/embed-ui.ts	572	572	8d56596ecc114a462c188bbecb4fbb8e61443bf2bbac8c1939dfc1a841b17e9b	8d56596ecc114a462c188bbecb4fbb8e61443bf2bbac8c1939dfc1a841b17e9b	none	8d56596ecc114a462c188bbecb4fbb8e61443bf2bbac8c1939dfc1a841b17e9b	8d56596ecc114a462c188bbecb4fbb8e61443bf2bbac8c1939dfc1a841b17e9b	none	project	round-2-feature/retention.json
round-2-feature/delivered/scripts/enforcement.ts	examples/foundation/.proof/delivery-2a973c5/round-2-feature/delivered/scripts/enforcement.ts	5942	5942	87cf27f64208be19c709ca571abaa5264bd692aa2b755a58906dc5580bd96ce5	87cf27f64208be19c709ca571abaa5264bd692aa2b755a58906dc5580bd96ce5	none	87cf27f64208be19c709ca571abaa5264bd692aa2b755a58906dc5580bd96ce5	87cf27f64208be19c709ca571abaa5264bd692aa2b755a58906dc5580bd96ce5	none	project	round-2-feature/retention.json
round-2-feature/delivered/scripts/http-transport.ts	examples/foundation/.proof/delivery-2a973c5/round-2-feature/delivered/scripts/http-transport.ts	1383	1383	85ef0e5caad04b0f014acb7471208eea113f29bcaadce0a2d9a13a27a4851289	85ef0e5caad04b0f014acb7471208eea113f29bcaadce0a2d9a13a27a4851289	none	85ef0e5caad04b0f014acb7471208eea113f29bcaadce0a2d9a13a27a4851289	85ef0e5caad04b0f014acb7471208eea113f29bcaadce0a2d9a13a27a4851289	none	project	round-2-feature/retention.json
round-2-feature/delivered/scripts/install-hooks.ts	examples/foundation/.proof/delivery-2a973c5/round-2-feature/delivered/scripts/install-hooks.ts	5553	5553	f243b8720f3fdd779b8374178d8f4eeb7dcd014eb65136972ab6d46f2b5f994b	f243b8720f3fdd779b8374178d8f4eeb7dcd014eb65136972ab6d46f2b5f994b	none	f243b8720f3fdd779b8374178d8f4eeb7dcd014eb65136972ab6d46f2b5f994b	f243b8720f3fdd779b8374178d8f4eeb7dcd014eb65136972ab6d46f2b5f994b	none	project	round-2-feature/retention.json
round-2-feature/delivered/scripts/mcp-host-browser.ts	examples/foundation/.proof/delivery-2a973c5/round-2-feature/delivered/scripts/mcp-host-browser.ts	7093	7093	686bef7d89f8198b86cee7a1d8b41407fbde7cb5e71e86f35cd0553484a6a03e	686bef7d89f8198b86cee7a1d8b41407fbde7cb5e71e86f35cd0553484a6a03e	none	686bef7d89f8198b86cee7a1d8b41407fbde7cb5e71e86f35cd0553484a6a03e	686bef7d89f8198b86cee7a1d8b41407fbde7cb5e71e86f35cd0553484a6a03e	none	project	round-2-feature/retention.json
round-2-feature/delivered/scripts/mcp-host.ts	examples/foundation/.proof/delivery-2a973c5/round-2-feature/delivered/scripts/mcp-host.ts	2901	2901	b09829d7958d5faa4ecb9e4f2adf62b956b4007e0bcf2cf09ef4780b073f8958	b09829d7958d5faa4ecb9e4f2adf62b956b4007e0bcf2cf09ef4780b073f8958	none	b09829d7958d5faa4ecb9e4f2adf62b956b4007e0bcf2cf09ef4780b073f8958	b09829d7958d5faa4ecb9e4f2adf62b956b4007e0bcf2cf09ef4780b073f8958	none	project	round-2-feature/retention.json
round-2-feature/delivered/scripts/prepare-check.ts	examples/foundation/.proof/delivery-2a973c5/round-2-feature/delivered/scripts/prepare-check.ts	406	406	347f97d470d664397c7a3b0258fb5885858b4fb4e6c43b89e248432a8c1457ff	347f97d470d664397c7a3b0258fb5885858b4fb4e6c43b89e248432a8c1457ff	none	347f97d470d664397c7a3b0258fb5885858b4fb4e6c43b89e248432a8c1457ff	347f97d470d664397c7a3b0258fb5885858b4fb4e6c43b89e248432a8c1457ff	none	project	round-2-feature/retention.json
round-2-feature/delivered/scripts/readiness.ts	examples/foundation/.proof/delivery-2a973c5/round-2-feature/delivered/scripts/readiness.ts	42875	42875	0560b85a3eebe310725aaafdbcfffa3ed96f31ee31ddba5621defb8a3fb63bd3	0560b85a3eebe310725aaafdbcfffa3ed96f31ee31ddba5621defb8a3fb63bd3	none	0560b85a3eebe310725aaafdbcfffa3ed96f31ee31ddba5621defb8a3fb63bd3	0560b85a3eebe310725aaafdbcfffa3ed96f31ee31ddba5621defb8a3fb63bd3	none	project	round-2-feature/retention.json
round-2-feature/delivered/scripts/runtime.ts	examples/foundation/.proof/delivery-2a973c5/round-2-feature/delivered/scripts/runtime.ts	13722	13722	cd21060931e9a9955e8340623fbc63371de9c96620e298641ab18edfd7dee228	cd21060931e9a9955e8340623fbc63371de9c96620e298641ab18edfd7dee228	none	cd21060931e9a9955e8340623fbc63371de9c96620e298641ab18edfd7dee228	cd21060931e9a9955e8340623fbc63371de9c96620e298641ab18edfd7dee228	none	project	round-2-feature/retention.json
round-2-feature/delivered/scripts/source-identity.ts	examples/foundation/.proof/delivery-2a973c5/round-2-feature/delivered/scripts/source-identity.ts	1553	1553	74dee120839a291c38c7e0982747441e1617cd2264dfb9683f6df3574656fe8a	74dee120839a291c38c7e0982747441e1617cd2264dfb9683f6df3574656fe8a	none	74dee120839a291c38c7e0982747441e1617cd2264dfb9683f6df3574656fe8a	74dee120839a291c38c7e0982747441e1617cd2264dfb9683f6df3574656fe8a	none	project	round-2-feature/retention.json
round-2-feature/delivered/scripts/trials.ts	examples/foundation/.proof/delivery-2a973c5/round-2-feature/delivered/scripts/trials.ts	52414	52414	723291a72a3cf646dfc911d90fe033c7c01b9eb7d6c6daa0bf6b52a5e1f6fd8e	723291a72a3cf646dfc911d90fe033c7c01b9eb7d6c6daa0bf6b52a5e1f6fd8e	none	723291a72a3cf646dfc911d90fe033c7c01b9eb7d6c6daa0bf6b52a5e1f6fd8e	723291a72a3cf646dfc911d90fe033c7c01b9eb7d6c6daa0bf6b52a5e1f6fd8e	none	project	round-2-feature/retention.json
round-2-feature/delivered/tests/domain.test.ts	examples/foundation/.proof/delivery-2a973c5/round-2-feature/delivered/tests/domain.test.ts	720	720	1f944425bc0b6538246fd90b2b13d3ea87db0d9271befff106c68bc748d58dc7	1f944425bc0b6538246fd90b2b13d3ea87db0d9271befff106c68bc748d58dc7	none	1f944425bc0b6538246fd90b2b13d3ea87db0d9271befff106c68bc748d58dc7	1f944425bc0b6538246fd90b2b13d3ea87db0d9271befff106c68bc748d58dc7	none	project	round-2-feature/retention.json
round-2-feature/delivered/tests/proof-policy.test.ts	examples/foundation/.proof/delivery-2a973c5/round-2-feature/delivered/tests/proof-policy.test.ts	9088	9088	687a123fbf358830938718fcf354ed4bdaa372f5a81d852fb8d0139810bf72a9	687a123fbf358830938718fcf354ed4bdaa372f5a81d852fb8d0139810bf72a9	none	cf003fc7b7a859435fa0a73dbbd5f122d3f00ca6e66a367d5e7863f5690d1175	687a123fbf358830938718fcf354ed4bdaa372f5a81d852fb8d0139810bf72a9	credential-redaction	project	round-2-feature/retention.json
round-2-feature/delivered/tests/provenance.test.ts	examples/foundation/.proof/delivery-2a973c5/round-2-feature/delivered/tests/provenance.test.ts	1385	1385	dd94880e1c05c48a8ae8f5f4f03c573e978b185f59cdd3a76e13f51495028fd2	dd94880e1c05c48a8ae8f5f4f03c573e978b185f59cdd3a76e13f51495028fd2	none	dd94880e1c05c48a8ae8f5f4f03c573e978b185f59cdd3a76e13f51495028fd2	dd94880e1c05c48a8ae8f5f4f03c573e978b185f59cdd3a76e13f51495028fd2	none	project	round-2-feature/retention.json
round-2-feature/delivered/tests/trials.test.ts	examples/foundation/.proof/delivery-2a973c5/round-2-feature/delivered/tests/trials.test.ts	38325	38325	1ad2dcedc818fd63ef4e8cb7e5634d1ebbbb324f70e8bf437ad11cf3f01e306c	1ad2dcedc818fd63ef4e8cb7e5634d1ebbbb324f70e8bf437ad11cf3f01e306c	none	2c2f109233cae27959f757ad38f8c7d2bbba886b3c0d8f836abd700cfb9896a0	1ad2dcedc818fd63ef4e8cb7e5634d1ebbbb324f70e8bf437ad11cf3f01e306c	credential-redaction	project	round-2-feature/retention.json
round-2-feature/delivered/tsconfig.json	examples/foundation/.proof/delivery-2a973c5/round-2-feature/delivered/tsconfig.json	255	255	4240a50aa7aac54aa69314488ca4ec20774566777d0ea914f03df46173f69ebd	4240a50aa7aac54aa69314488ca4ec20774566777d0ea914f03df46173f69ebd	none	4240a50aa7aac54aa69314488ca4ec20774566777d0ea914f03df46173f69ebd	4240a50aa7aac54aa69314488ca4ec20774566777d0ea914f03df46173f69ebd	none	project	round-2-feature/retention.json
round-2-feature/delivered/turbo.json	examples/foundation/.proof/delivery-2a973c5/round-2-feature/delivered/turbo.json	655	655	448cad77683c89e74ad9ed77a55cdd262ab03f86c15a668d3257cd9d354d3e03	448cad77683c89e74ad9ed77a55cdd262ab03f86c15a668d3257cd9d354d3e03	none	448cad77683c89e74ad9ed77a55cdd262ab03f86c15a668d3257cd9d354d3e03	448cad77683c89e74ad9ed77a55cdd262ab03f86c15a668d3257cd9d354d3e03	none	project	round-2-feature/retention.json
round-2-feature/retention.json	examples/foundation/.proof/delivery-2a973c5/round-2-feature/retention.json	33587	33587	7a13e4b43d1849b49439933bffbcd9070e96fa4abdfaaf8b5673588976433853	7a13e4b43d1849b49439933bffbcd9070e96fa4abdfaaf8b5673588976433853	none			none	saved-run-record	none
round-2-feature/review/events.jsonl	examples/foundation/.proof/delivery-2a973c5/round-2-feature/review/events.jsonl	321836	320786	241f7598b56c47e890cbfc99be52b8b43f7e4d1cfa32fc9d1b68dfd413d27d8a	ee5f35ab0a3e55d4189adad5425664dbd5cff86a6ead79bcf9959174b8ea188b	host-user-prefix:127,macos-temporary-root:23	eb46b78621bcf63a92d2165cbc85f353a3d230f06c65648fb270be6cfaf4ada7	241f7598b56c47e890cbfc99be52b8b43f7e4d1cfa32fc9d1b68dfd413d27d8a	credential-redaction	CLI-review	report.json
round-2-feature/review/final.json	examples/foundation/.proof/delivery-2a973c5/round-2-feature/review/final.json	3265	3265	a6d6749542a7b3dd76868893edd43ea5dc676ae3255ef702ea580dd697504e3c	a6d6749542a7b3dd76868893edd43ea5dc676ae3255ef702ea580dd697504e3c	none	a6d6749542a7b3dd76868893edd43ea5dc676ae3255ef702ea580dd697504e3c	a6d6749542a7b3dd76868893edd43ea5dc676ae3255ef702ea580dd697504e3c	none	CLI-review	report.json
round-2-feature/review/prompt.txt	examples/foundation/.proof/delivery-2a973c5/round-2-feature/review/prompt.txt	9914	9793	0024722be39d801723daafd98025256db7a5dd494163d512e94b1a673a2a8f20	492d23b628894f6cbc81ab0b84644731a79bacd6948ef8535d007f3aac4fc060	host-user-prefix:2,macos-temporary-root:3			none	saved-run-record	none
round-2-feature/review/schema.json	examples/foundation/.proof/delivery-2a973c5/round-2-feature/review/schema.json	2255	2255	8bd8c27669638fc084dfe40d134d5a9fd53a260ec0a67a31d1260ed528a1a250	8bd8c27669638fc084dfe40d134d5a9fd53a260ec0a67a31d1260ed528a1a250	none			none	saved-run-record	none
round-2-feature/review/stderr.log	examples/foundation/.proof/delivery-2a973c5/round-2-feature/review/stderr.log	1220	1218	be705a6ee64f02d9859c2e883617451a613b967505f28c0ef264e62b0e6619c8	bbeb4eccaef7977fb564d494553e14afe59fbc3048848e53d929c63d98b3cd48	host-user-prefix:2	be705a6ee64f02d9859c2e883617451a613b967505f28c0ef264e62b0e6619c8	be705a6ee64f02d9859c2e883617451a613b967505f28c0ef264e62b0e6619c8	none	CLI-review	report.json
round-2-feature/task.txt	examples/foundation/.proof/delivery-2a973c5/round-2-feature/task.txt	573	573	ac578083ddbcd1ac2d271389c7a35a517bab498c2dd9d9aa55019aec186c07cc	ac578083ddbcd1ac2d271389c7a35a517bab498c2dd9d9aa55019aec186c07cc	none			none	saved-run-record	none
round-2-feature/task/events.jsonl	examples/foundation/.proof/delivery-2a973c5/round-2-feature/task/events.jsonl	355281	353280	dae4237f7c9b95baded77708a616e053330aacec0ddddb52f95cc2fb49c3f7ba	ab3156927dfb6d908e414e168571d7e086bae6c232a42d28e25e530a020ec0d7	host-user-prefix:724,macos-temporary-root:33	ca4342a3aa727e218e6cb9cce8a7376b9c710ad83d922526a3dec2c9b68c074c	dae4237f7c9b95baded77708a616e053330aacec0ddddb52f95cc2fb49c3f7ba	credential-redaction	CLI-task	report.json
round-2-feature/task/final.json	examples/foundation/.proof/delivery-2a973c5/round-2-feature/task/final.json	1234	1189	c5dcc05ccd5ef1934853b33feff5aed46641303945518465d7949724e719740b	208ffedf81f9c3f09a296e64134cf354b4ebf7c6e059e556e0e572adc38c8a38	macos-temporary-root:1	c5dcc05ccd5ef1934853b33feff5aed46641303945518465d7949724e719740b	c5dcc05ccd5ef1934853b33feff5aed46641303945518465d7949724e719740b	none	CLI-task	report.json
round-2-feature/task/prompt.txt	examples/foundation/.proof/delivery-2a973c5/round-2-feature/task/prompt.txt	1061	1061	3a3059c1ce7b9c01f1649a4fc858ce04cd95c78903749d86c9a6f6fac230a8e1	3a3059c1ce7b9c01f1649a4fc858ce04cd95c78903749d86c9a6f6fac230a8e1	none			none	saved-run-record	none
round-2-feature/task/schema.json	examples/foundation/.proof/delivery-2a973c5/round-2-feature/task/schema.json	745	745	09d88e02a278f8f9f9c9e73dfadc39517f75c9a27a230302ee897a6dada2275b	09d88e02a278f8f9f9c9e73dfadc39517f75c9a27a230302ee897a6dada2275b	none			none	saved-run-record	none
round-2-feature/task/stderr.log	examples/foundation/.proof/delivery-2a973c5/round-2-feature/task/stderr.log	1330	1327	289b2ffbdacaa7a5634898c9bf46f3865f0e997440ceea82036543040c15fe08	d7bd4d50b035188adb3003c2ecaefb279e3cbac9e31a3ac422b6f7e89b9414dc	host-user-prefix:3	289b2ffbdacaa7a5634898c9bf46f3865f0e997440ceea82036543040c15fe08	289b2ffbdacaa7a5634898c9bf46f3865f0e997440ceea82036543040c15fe08	none	CLI-task	report.json
rubric.md	examples/foundation/.proof/delivery-2a973c5/rubric.md	2217	2217	8aa129b3809a7e2da895c0d51fb16e3dac8194b2f57d59290974a41068ea6bdb	8aa129b3809a7e2da895c0d51fb16e3dac8194b2f57d59290974a41068ea6bdb	none			none	saved-run-record	none
