reference	Set up job	﻿2026-10-05T10:17:53.1018733Z Current runner version: '2.337.0'
reference	Set up job	2026-10-05T10:17:53.1041557Z ##[group]Runner Image Provisioner
reference	Set up job	2026-10-05T10:17:53.1042429Z Hosted Compute Agent
reference	Set up job	2026-10-05T10:17:53.1042966Z Version: 20260901.588
reference	Set up job	2026-10-05T10:17:53.1043640Z Commit: f88ec8081b781fac6c440065ac7ff9e710ce3d0b
reference	Set up job	2026-10-05T10:17:53.1044475Z Build Date: 2026-09-01T19:56:44Z
reference	Set up job	2026-10-05T10:17:53.1045320Z Worker ID: {147d419a-7292-4d49-beb3-8517749f971c}
reference	Set up job	2026-10-05T10:17:53.1046205Z Azure Region: northcentralus
reference	Set up job	2026-10-05T10:17:53.1047016Z ##[endgroup]
reference	Set up job	2026-10-05T10:17:53.1049158Z ##[group]Operating System
reference	Set up job	2026-10-05T10:17:53.1049995Z Ubuntu
reference	Set up job	2026-10-05T10:17:53.1050900Z 24.04.5
reference	Set up job	2026-10-05T10:17:53.1051678Z LTS
reference	Set up job	2026-10-05T10:17:53.1052391Z ##[endgroup]
reference	Set up job	2026-10-05T10:17:53.1053221Z ##[group]Runner Image
reference	Set up job	2026-10-05T10:17:53.1054069Z Image: ubuntu-24.04
reference	Set up job	2026-10-05T10:17:53.1054822Z Version: 20260927.320.1
reference	Set up job	2026-10-05T10:17:53.1056339Z Included Software: https://github.com/actions/runner-images/blob/ubuntu24/20260927.320/images/ubuntu/Ubuntu2404-Readme.md
reference	Set up job	2026-10-05T10:17:53.1058650Z Image Release: https://github.com/actions/runner-images/releases/tag/ubuntu24%2F20260927.320
reference	Set up job	2026-10-05T10:17:53.1059890Z ##[endgroup]
reference	Set up job	2026-10-05T10:17:53.1061579Z ##[group]GITHUB_TOKEN Permissions
reference	Set up job	2026-10-05T10:17:53.1064375Z Contents: read
reference	Set up job	2026-10-05T10:17:53.1065220Z Metadata: read
reference	Set up job	2026-10-05T10:17:53.1065952Z ##[endgroup]
reference	Set up job	2026-10-05T10:17:53.1068597Z Secret source: Actions
reference	Set up job	2026-10-05T10:17:53.1069856Z Cache mode: write
reference	Set up job	2026-10-05T10:17:53.1071249Z Prepare workflow directory
reference	Set up job	2026-10-05T10:17:53.1441894Z Prepare all required actions
reference	Set up job	2026-10-05T10:17:53.1509480Z Getting action download info
reference	Set up job	2026-10-05T10:17:53.4052835Z Download action repository 'actions/checkout@11bd71901bbe5b1630ceea73d27597364c9af683' (SHA:11bd71901bbe5b1630ceea73d27597364c9af683)
reference	Set up job	2026-10-05T10:17:53.5551776Z Download action repository 'actions/setup-node@49933ea5288caeca8642d1e84afbd3f7d6820020' (SHA:49933ea5288caeca8642d1e84afbd3f7d6820020)
reference	Set up job	2026-10-05T10:17:53.6918018Z Download action repository 'oven-sh/setup-bun@735343b667d3e6f658f44d0eca948eb6282f2b76' (SHA:735343b667d3e6f658f44d0eca948eb6282f2b76)
reference	Set up job	2026-10-05T10:17:54.0277918Z Download action repository 'actions/upload-artifact@ea165f8d65b6e75b540449e92b4886f43607fa02' (SHA:ea165f8d65b6e75b540449e92b4886f43607fa02)
reference	Set up job	2026-10-05T10:17:54.2912526Z Complete job name: reference
reference	Run actions/checkout@11bd71901bbe5b1630ceea73d27597364c9af683	﻿2026-10-05T10:17:54.3623676Z ##[group]Run actions/checkout@11bd71901bbe5b1630ceea73d27597364c9af683
reference	Run actions/checkout@11bd71901bbe5b1630ceea73d27597364c9af683	2026-10-05T10:17:54.3624676Z with:
reference	Run actions/checkout@11bd71901bbe5b1630ceea73d27597364c9af683	2026-10-05T10:17:54.3625221Z   repository: applification/astack
reference	Run actions/checkout@11bd71901bbe5b1630ceea73d27597364c9af683	2026-10-05T10:17:54.3628917Z   token: ***
reference	Run actions/checkout@11bd71901bbe5b1630ceea73d27597364c9af683	2026-10-05T10:17:54.3629378Z   ssh-strict: true
reference	Run actions/checkout@11bd71901bbe5b1630ceea73d27597364c9af683	2026-10-05T10:17:54.3629910Z   ssh-user: git
reference	Run actions/checkout@11bd71901bbe5b1630ceea73d27597364c9af683	2026-10-05T10:17:54.3630399Z   persist-credentials: true
reference	Run actions/checkout@11bd71901bbe5b1630ceea73d27597364c9af683	2026-10-05T10:17:54.3631089Z   clean: true
reference	Run actions/checkout@11bd71901bbe5b1630ceea73d27597364c9af683	2026-10-05T10:17:54.3631625Z   sparse-checkout-cone-mode: true
reference	Run actions/checkout@11bd71901bbe5b1630ceea73d27597364c9af683	2026-10-05T10:17:54.3632174Z   fetch-depth: 1
reference	Run actions/checkout@11bd71901bbe5b1630ceea73d27597364c9af683	2026-10-05T10:17:54.3632664Z   fetch-tags: false
reference	Run actions/checkout@11bd71901bbe5b1630ceea73d27597364c9af683	2026-10-05T10:17:54.3633154Z   show-progress: true
reference	Run actions/checkout@11bd71901bbe5b1630ceea73d27597364c9af683	2026-10-05T10:17:54.3633681Z   lfs: false
reference	Run actions/checkout@11bd71901bbe5b1630ceea73d27597364c9af683	2026-10-05T10:17:54.3634229Z   submodules: false
reference	Run actions/checkout@11bd71901bbe5b1630ceea73d27597364c9af683	2026-10-05T10:17:54.3634717Z   set-safe-directory: true
reference	Run actions/checkout@11bd71901bbe5b1630ceea73d27597364c9af683	2026-10-05T10:17:54.3635424Z ##[endgroup]
reference	Run actions/checkout@11bd71901bbe5b1630ceea73d27597364c9af683	2026-10-05T10:17:54.4667522Z Syncing repository: applification/astack
reference	Run actions/checkout@11bd71901bbe5b1630ceea73d27597364c9af683	2026-10-05T10:17:54.4669799Z ##[group]Getting Git version info
reference	Run actions/checkout@11bd71901bbe5b1630ceea73d27597364c9af683	2026-10-05T10:17:54.4670892Z Working directory is '/home/runner/work/astack/astack'
reference	Run actions/checkout@11bd71901bbe5b1630ceea73d27597364c9af683	2026-10-05T10:17:54.4672309Z [command]/usr/bin/git version
reference	Run actions/checkout@11bd71901bbe5b1630ceea73d27597364c9af683	2026-10-05T10:17:54.4754851Z git version 2.55.0
reference	Run actions/checkout@11bd71901bbe5b1630ceea73d27597364c9af683	2026-10-05T10:17:54.4777238Z ##[endgroup]
reference	Run actions/checkout@11bd71901bbe5b1630ceea73d27597364c9af683	2026-10-05T10:17:54.4789674Z Temporarily overriding HOME='/home/runner/work/_temp/aad598ef-d59f-499a-b453-a3dfe5954d72' before making global git config changes
reference	Run actions/checkout@11bd71901bbe5b1630ceea73d27597364c9af683	2026-10-05T10:17:54.4792483Z Adding repository directory to the temporary git global config as a safe directory
reference	Run actions/checkout@11bd71901bbe5b1630ceea73d27597364c9af683	2026-10-05T10:17:54.4795262Z [command]/usr/bin/git config --global --add safe.directory /home/runner/work/astack/astack
reference	Run actions/checkout@11bd71901bbe5b1630ceea73d27597364c9af683	2026-10-05T10:17:54.4852154Z Deleting the contents of '/home/runner/work/astack/astack'
reference	Run actions/checkout@11bd71901bbe5b1630ceea73d27597364c9af683	2026-10-05T10:17:54.4855794Z ##[group]Initializing the repository
reference	Run actions/checkout@11bd71901bbe5b1630ceea73d27597364c9af683	2026-10-05T10:17:54.4861264Z [command]/usr/bin/git init /home/runner/work/astack/astack
reference	Run actions/checkout@11bd71901bbe5b1630ceea73d27597364c9af683	2026-10-05T10:17:54.4972189Z hint: Using 'master' as the name for the initial branch. This default branch name
reference	Run actions/checkout@11bd71901bbe5b1630ceea73d27597364c9af683	2026-10-05T10:17:54.4973483Z hint: will change to "main" in Git 3.0. To configure the initial branch name
reference	Run actions/checkout@11bd71901bbe5b1630ceea73d27597364c9af683	2026-10-05T10:17:54.4974520Z hint: to use in all of your new repositories, which will suppress this warning,
reference	Run actions/checkout@11bd71901bbe5b1630ceea73d27597364c9af683	2026-10-05T10:17:54.4975670Z hint: call:
reference	Run actions/checkout@11bd71901bbe5b1630ceea73d27597364c9af683	2026-10-05T10:17:54.4976212Z hint:
reference	Run actions/checkout@11bd71901bbe5b1630ceea73d27597364c9af683	2026-10-05T10:17:54.4977075Z hint: 	git config --global init.defaultBranch <name>
reference	Run actions/checkout@11bd71901bbe5b1630ceea73d27597364c9af683	2026-10-05T10:17:54.4977751Z hint:
reference	Run actions/checkout@11bd71901bbe5b1630ceea73d27597364c9af683	2026-10-05T10:17:54.4978414Z hint: Names commonly chosen instead of 'master' are 'main', 'trunk' and
reference	Run actions/checkout@11bd71901bbe5b1630ceea73d27597364c9af683	2026-10-05T10:17:54.4979369Z hint: 'development'. The just-created branch can be renamed via this command:
reference	Run actions/checkout@11bd71901bbe5b1630ceea73d27597364c9af683	2026-10-05T10:17:54.4980215Z hint:
reference	Run actions/checkout@11bd71901bbe5b1630ceea73d27597364c9af683	2026-10-05T10:17:54.4980958Z hint: 	git branch -m <name>
reference	Run actions/checkout@11bd71901bbe5b1630ceea73d27597364c9af683	2026-10-05T10:17:54.4981497Z hint:
reference	Run actions/checkout@11bd71901bbe5b1630ceea73d27597364c9af683	2026-10-05T10:17:54.4982258Z hint: Disable this message with "git config set advice.defaultBranchName false"
reference	Run actions/checkout@11bd71901bbe5b1630ceea73d27597364c9af683	2026-10-05T10:17:54.4994057Z Initialized empty Git repository in /home/runner/work/astack/astack/.git/
reference	Run actions/checkout@11bd71901bbe5b1630ceea73d27597364c9af683	2026-10-05T10:17:54.5003970Z [command]/usr/bin/git remote add origin https://github.com/applification/astack
reference	Run actions/checkout@11bd71901bbe5b1630ceea73d27597364c9af683	2026-10-05T10:17:54.5061857Z ##[endgroup]
reference	Run actions/checkout@11bd71901bbe5b1630ceea73d27597364c9af683	2026-10-05T10:17:54.5063519Z ##[group]Disabling automatic garbage collection
reference	Run actions/checkout@11bd71901bbe5b1630ceea73d27597364c9af683	2026-10-05T10:17:54.5065323Z [command]/usr/bin/git config --local gc.auto 0
reference	Run actions/checkout@11bd71901bbe5b1630ceea73d27597364c9af683	2026-10-05T10:17:54.5100690Z ##[endgroup]
reference	Run actions/checkout@11bd71901bbe5b1630ceea73d27597364c9af683	2026-10-05T10:17:54.5101969Z ##[group]Setting up auth
reference	Run actions/checkout@11bd71901bbe5b1630ceea73d27597364c9af683	2026-10-05T10:17:54.5108521Z [command]/usr/bin/git config --local --name-only --get-regexp core\.sshCommand
reference	Run actions/checkout@11bd71901bbe5b1630ceea73d27597364c9af683	2026-10-05T10:17:54.5140292Z [command]/usr/bin/git submodule foreach --recursive sh -c "git config --local --name-only --get-regexp 'core\.sshCommand' && git config --local --unset-all 'core.sshCommand' || :"
reference	Run actions/checkout@11bd71901bbe5b1630ceea73d27597364c9af683	2026-10-05T10:17:54.5642603Z [command]/usr/bin/git config --local --name-only --get-regexp http\.https\:\/\/github\.com\/\.extraheader
reference	Run actions/checkout@11bd71901bbe5b1630ceea73d27597364c9af683	2026-10-05T10:17:54.5670912Z [command]/usr/bin/git submodule foreach --recursive sh -c "git config --local --name-only --get-regexp 'http\.https\:\/\/github\.com\/\.extraheader' && git config --local --unset-all 'http.https://github.com/.extraheader' || :"
reference	Run actions/checkout@11bd71901bbe5b1630ceea73d27597364c9af683	2026-10-05T10:17:54.5854903Z [command]/usr/bin/git config --local http.https://github.com/.extraheader AUTHORIZATION: basic ***
reference	Run actions/checkout@11bd71901bbe5b1630ceea73d27597364c9af683	2026-10-05T10:17:54.5897390Z ##[endgroup]
reference	Run actions/checkout@11bd71901bbe5b1630ceea73d27597364c9af683	2026-10-05T10:17:54.5898999Z ##[group]Fetching the repository
reference	Run actions/checkout@11bd71901bbe5b1630ceea73d27597364c9af683	2026-10-05T10:17:54.5908246Z [command]/usr/bin/git -c protocol.version=2 fetch --no-tags --prune --no-recurse-submodules --depth=1 origin +5d7ae96d8bf50ca0928d86cd5fa81e20eda121fa:refs/remotes/pull/15/merge
reference	Run actions/checkout@11bd71901bbe5b1630ceea73d27597364c9af683	2026-10-05T10:17:56.1493536Z From https://github.com/applification/astack
reference	Run actions/checkout@11bd71901bbe5b1630ceea73d27597364c9af683	2026-10-05T10:17:56.1494806Z  * [new ref]         5d7ae96d8bf50ca0928d86cd5fa81e20eda121fa -> pull/15/merge
reference	Run actions/checkout@11bd71901bbe5b1630ceea73d27597364c9af683	2026-10-05T10:17:56.1498749Z ##[endgroup]
reference	Run actions/checkout@11bd71901bbe5b1630ceea73d27597364c9af683	2026-10-05T10:17:56.1501955Z ##[group]Determining the checkout info
reference	Run actions/checkout@11bd71901bbe5b1630ceea73d27597364c9af683	2026-10-05T10:17:56.1503040Z ##[endgroup]
reference	Run actions/checkout@11bd71901bbe5b1630ceea73d27597364c9af683	2026-10-05T10:17:56.1507304Z [command]/usr/bin/git sparse-checkout disable
reference	Run actions/checkout@11bd71901bbe5b1630ceea73d27597364c9af683	2026-10-05T10:17:56.1557492Z [command]/usr/bin/git config --local --unset-all extensions.worktreeConfig
reference	Run actions/checkout@11bd71901bbe5b1630ceea73d27597364c9af683	2026-10-05T10:17:56.1588841Z ##[group]Checking out the ref
reference	Run actions/checkout@11bd71901bbe5b1630ceea73d27597364c9af683	2026-10-05T10:17:56.1592482Z [command]/usr/bin/git checkout --progress --force refs/remotes/pull/15/merge
reference	Run actions/checkout@11bd71901bbe5b1630ceea73d27597364c9af683	2026-10-05T10:17:56.3016680Z Note: switching to 'refs/remotes/pull/15/merge'.
reference	Run actions/checkout@11bd71901bbe5b1630ceea73d27597364c9af683	2026-10-05T10:17:56.3017186Z 
reference	Run actions/checkout@11bd71901bbe5b1630ceea73d27597364c9af683	2026-10-05T10:17:56.3017537Z You are in 'detached HEAD' state. You can look around, make experimental
reference	Run actions/checkout@11bd71901bbe5b1630ceea73d27597364c9af683	2026-10-05T10:17:56.3018238Z changes and commit them, and you can discard any commits you make in this
reference	Run actions/checkout@11bd71901bbe5b1630ceea73d27597364c9af683	2026-10-05T10:17:56.3018945Z state without impacting any branches by switching back to a branch.
reference	Run actions/checkout@11bd71901bbe5b1630ceea73d27597364c9af683	2026-10-05T10:17:56.3019298Z 
reference	Run actions/checkout@11bd71901bbe5b1630ceea73d27597364c9af683	2026-10-05T10:17:56.3021556Z If you want to create a new branch to retain commits you create, you may
reference	Run actions/checkout@11bd71901bbe5b1630ceea73d27597364c9af683	2026-10-05T10:17:56.3022371Z do so (now or later) by using -c with the switch command. Example:
reference	Run actions/checkout@11bd71901bbe5b1630ceea73d27597364c9af683	2026-10-05T10:17:56.3022723Z 
reference	Run actions/checkout@11bd71901bbe5b1630ceea73d27597364c9af683	2026-10-05T10:17:56.3023422Z   git switch -c <new-branch-name>
reference	Run actions/checkout@11bd71901bbe5b1630ceea73d27597364c9af683	2026-10-05T10:17:56.3023677Z 
reference	Run actions/checkout@11bd71901bbe5b1630ceea73d27597364c9af683	2026-10-05T10:17:56.3023866Z Or undo this operation with:
reference	Run actions/checkout@11bd71901bbe5b1630ceea73d27597364c9af683	2026-10-05T10:17:56.3024118Z 
reference	Run actions/checkout@11bd71901bbe5b1630ceea73d27597364c9af683	2026-10-05T10:17:56.3024315Z   git switch -
reference	Run actions/checkout@11bd71901bbe5b1630ceea73d27597364c9af683	2026-10-05T10:17:56.3024543Z 
reference	Run actions/checkout@11bd71901bbe5b1630ceea73d27597364c9af683	2026-10-05T10:17:56.3024863Z Turn off this advice by setting config variable advice.detachedHead to false
reference	Run actions/checkout@11bd71901bbe5b1630ceea73d27597364c9af683	2026-10-05T10:17:56.3025240Z 
reference	Run actions/checkout@11bd71901bbe5b1630ceea73d27597364c9af683	2026-10-05T10:17:56.3025669Z HEAD is now at 5d7ae96 Merge 254c719ed6f07e25df8eef656bb7f174a75ea381 into f29f52dc5ee5b73feb1b24d301cb61f1a578549f
reference	Run actions/checkout@11bd71901bbe5b1630ceea73d27597364c9af683	2026-10-05T10:17:56.3030028Z ##[endgroup]
reference	Run actions/checkout@11bd71901bbe5b1630ceea73d27597364c9af683	2026-10-05T10:17:56.3070841Z [command]/usr/bin/git log -1 --format=%H
reference	Run actions/checkout@11bd71901bbe5b1630ceea73d27597364c9af683	2026-10-05T10:17:56.3094677Z 5d7ae96d8bf50ca0928d86cd5fa81e20eda121fa
reference	Run actions/setup-node@49933ea5288caeca8642d1e84afbd3f7d6820020	﻿2026-10-05T10:17:56.3370796Z ##[group]Run actions/setup-node@49933ea5288caeca8642d1e84afbd3f7d6820020
reference	Run actions/setup-node@49933ea5288caeca8642d1e84afbd3f7d6820020	2026-10-05T10:17:56.3371431Z with:
reference	Run actions/setup-node@49933ea5288caeca8642d1e84afbd3f7d6820020	2026-10-05T10:17:56.3371806Z   node-version: 24
reference	Run actions/setup-node@49933ea5288caeca8642d1e84afbd3f7d6820020	2026-10-05T10:17:56.3372170Z   always-auth: false
reference	Run actions/setup-node@49933ea5288caeca8642d1e84afbd3f7d6820020	2026-10-05T10:17:56.3372570Z   check-latest: false
reference	Run actions/setup-node@49933ea5288caeca8642d1e84afbd3f7d6820020	2026-10-05T10:17:56.3375215Z   token: ***
reference	Run actions/setup-node@49933ea5288caeca8642d1e84afbd3f7d6820020	2026-10-05T10:17:56.3375990Z ##[endgroup]
reference	Run actions/setup-node@49933ea5288caeca8642d1e84afbd3f7d6820020	2026-10-05T10:17:56.4813867Z Found in cache @ /opt/hostedtoolcache/node/24.21.0/x64
reference	Run actions/setup-node@49933ea5288caeca8642d1e84afbd3f7d6820020	2026-10-05T10:17:56.4817448Z (node:2201) [DEP0040] DeprecationWarning: The `punycode` module is deprecated. Please use a userland alternative instead.
reference	Run actions/setup-node@49933ea5288caeca8642d1e84afbd3f7d6820020	2026-10-05T10:17:56.4818382Z (Use `node --trace-deprecation ...` to show where the warning was created)
reference	Run actions/setup-node@49933ea5288caeca8642d1e84afbd3f7d6820020	2026-10-05T10:17:56.4820942Z ##[group]Environment details
reference	Run actions/setup-node@49933ea5288caeca8642d1e84afbd3f7d6820020	2026-10-05T10:17:56.9024805Z node: v24.21.0
reference	Run actions/setup-node@49933ea5288caeca8642d1e84afbd3f7d6820020	2026-10-05T10:17:56.9025409Z npm: 11.19.0
reference	Run actions/setup-node@49933ea5288caeca8642d1e84afbd3f7d6820020	2026-10-05T10:17:56.9025958Z yarn: 1.22.22
reference	Run actions/setup-node@49933ea5288caeca8642d1e84afbd3f7d6820020	2026-10-05T10:17:56.9027094Z ##[endgroup]
reference	Run oven-sh/setup-bun@735343b667d3e6f658f44d0eca948eb6282f2b76	﻿2026-10-05T10:17:56.9166203Z ##[group]Run oven-sh/setup-bun@735343b667d3e6f658f44d0eca948eb6282f2b76
reference	Run oven-sh/setup-bun@735343b667d3e6f658f44d0eca948eb6282f2b76	2026-10-05T10:17:56.9166770Z with:
reference	Run oven-sh/setup-bun@735343b667d3e6f658f44d0eca948eb6282f2b76	2026-10-05T10:17:56.9167069Z   bun-version: 1.4.0
reference	Run oven-sh/setup-bun@735343b667d3e6f658f44d0eca948eb6282f2b76	2026-10-05T10:17:56.9167396Z   no-cache: false
reference	Run oven-sh/setup-bun@735343b667d3e6f658f44d0eca948eb6282f2b76	2026-10-05T10:17:56.9167743Z ##[endgroup]
reference	Run oven-sh/setup-bun@735343b667d3e6f658f44d0eca948eb6282f2b76	2026-10-05T10:17:57.0461040Z (node:2234) [DEP0040] DeprecationWarning: The `punycode` module is deprecated. Please use a userland alternative instead.
reference	Run oven-sh/setup-bun@735343b667d3e6f658f44d0eca948eb6282f2b76	2026-10-05T10:17:57.0462504Z (Use `node --trace-deprecation ...` to show where the warning was created)
reference	Run oven-sh/setup-bun@735343b667d3e6f658f44d0eca948eb6282f2b76	2026-10-05T10:17:57.1679528Z Cache hit for: EOLjXeUBTjlzb5UinCZPCVPwsyw=
reference	Run oven-sh/setup-bun@735343b667d3e6f658f44d0eca948eb6282f2b76	2026-10-05T10:17:57.1777997Z (node:2234) [DEP0169] DeprecationWarning: `url.parse()` behavior is not standardized and prone to errors that have security implications. Use the WHATWG URL API instead. CVEs are not issued for `url.parse()` vulnerabilities.
reference	Run oven-sh/setup-bun@735343b667d3e6f658f44d0eca948eb6282f2b76	2026-10-05T10:17:57.7403697Z Received 35658633 of 35658633 (100.0%), 74.4 MBs/sec
reference	Run oven-sh/setup-bun@735343b667d3e6f658f44d0eca948eb6282f2b76	2026-10-05T10:17:57.7404738Z Cache Size: ~34 MB (35658633 B)
reference	Run oven-sh/setup-bun@735343b667d3e6f658f44d0eca948eb6282f2b76	2026-10-05T10:17:57.7439667Z [command]/usr/bin/tar -xf /home/runner/work/_temp/083a0c1e-0bf5-48d6-bc8a-2c54c43d58b4/cache.tzst -P -C /home/runner/work/astack/astack --use-compress-program unzstd
reference	Run oven-sh/setup-bun@735343b667d3e6f658f44d0eca948eb6282f2b76	2026-10-05T10:17:57.8721853Z Cache restored successfully
reference	Run oven-sh/setup-bun@735343b667d3e6f658f44d0eca948eb6282f2b76	2026-10-05T10:17:57.8744508Z [command]/home/runner/.bun/bin/bun --revision
reference	Run oven-sh/setup-bun@735343b667d3e6f658f44d0eca948eb6282f2b76	2026-10-05T10:17:57.8780886Z 1.4.0+34cbb9a40
reference	Run oven-sh/setup-bun@735343b667d3e6f658f44d0eca948eb6282f2b76	2026-10-05T10:17:57.8783445Z Using a cached version of Bun: 1.4.0+34cbb9a40
reference	Create a fresh independent profile	﻿2026-10-05T10:17:57.8897308Z ##[group]Run bun scripts/create-foundation.ts "$RUNNER_TEMP/astack-foundation"
reference	Create a fresh independent profile	2026-10-05T10:17:57.8898118Z ^[[36;1mbun scripts/create-foundation.ts "$RUNNER_TEMP/astack-foundation"^[[0m
reference	Create a fresh independent profile	2026-10-05T10:17:57.9111918Z shell: /usr/bin/bash -e {0}
reference	Create a fresh independent profile	2026-10-05T10:17:57.9112355Z ##[endgroup]
reference	Create a fresh independent profile	2026-10-05T10:17:57.9881898Z Created astack-foundation at /home/runner/work/_temp/astack-foundation. Run bun install --frozen-lockfile, then bun run check:ci and bun run readiness. WorkOS setup is described in README.md.
reference	Install pinned dependencies and browser	﻿2026-10-05T10:17:57.9939531Z ##[group]Run cd "$RUNNER_TEMP/astack-foundation"
reference	Install pinned dependencies and browser	2026-10-05T10:17:57.9940072Z ^[[36;1mcd "$RUNNER_TEMP/astack-foundation"^[[0m
reference	Install pinned dependencies and browser	2026-10-05T10:17:57.9940669Z ^[[36;1mbun install --frozen-lockfile^[[0m
reference	Install pinned dependencies and browser	2026-10-05T10:17:57.9941283Z ^[[36;1mbunx --no-install playwright install chromium --with-deps^[[0m
reference	Install pinned dependencies and browser	2026-10-05T10:17:57.9985461Z shell: /usr/bin/bash -e {0}
reference	Install pinned dependencies and browser	2026-10-05T10:17:57.9985847Z ##[endgroup]
reference	Install pinned dependencies and browser	2026-10-05T10:17:58.0079183Z bun install v1.4.0 (34cbb9a40)
reference	Install pinned dependencies and browser	2026-10-05T10:18:00.6929534Z 
reference	Install pinned dependencies and browser	2026-10-05T10:18:00.6932201Z $ bun scripts/install-hooks.ts
reference	Install pinned dependencies and browser	2026-10-05T10:18:00.7089451Z Hooks not installed: no Git repository. Run git init, then bun run hooks:install.
reference	Install pinned dependencies and browser	2026-10-05T10:18:00.7098534Z 
reference	Install pinned dependencies and browser	2026-10-05T10:18:00.7099121Z + @eslint/js@9.39.4
reference	Install pinned dependencies and browser	2026-10-05T10:18:00.7099757Z + @storybook/react-vite@10.6.1
reference	Install pinned dependencies and browser	2026-10-05T10:18:00.7100309Z + @tailwindcss/vite@4.3.3
reference	Install pinned dependencies and browser	2026-10-05T10:18:00.7100916Z + @types/bun@1.4.2
reference	Install pinned dependencies and browser	2026-10-05T10:18:00.7108124Z + @types/node@24.13.6
reference	Install pinned dependencies and browser	2026-10-05T10:18:00.7109075Z + @types/react@19.3.0
reference	Install pinned dependencies and browser	2026-10-05T10:18:00.7110054Z + @types/react-dom@19.3.0
reference	Install pinned dependencies and browser	2026-10-05T10:18:00.7111113Z + @typescript/native@7.0.2
reference	Install pinned dependencies and browser	2026-10-05T10:18:00.7112127Z + @vitejs/plugin-react@6.1.1
reference	Install pinned dependencies and browser	2026-10-05T10:18:00.7113114Z + commander@15.0.0
reference	Install pinned dependencies and browser	2026-10-05T10:18:00.7113803Z + eslint@9.39.4
reference	Install pinned dependencies and browser	2026-10-05T10:18:00.7114819Z + eslint-plugin-jsx-a11y@6.10.2
reference	Install pinned dependencies and browser	2026-10-05T10:18:00.7115668Z + eslint-plugin-react@7.37.5
reference	Install pinned dependencies and browser	2026-10-05T10:18:00.7116550Z + eslint-plugin-react-hooks@7.1.1
reference	Install pinned dependencies and browser	2026-10-05T10:18:00.7117453Z + husky@9.1.7
reference	Install pinned dependencies and browser	2026-10-05T10:18:00.7118232Z + lint-staged@17.6.0
reference	Install pinned dependencies and browser	2026-10-05T10:18:00.7119267Z + playwright@1.63.0
reference	Install pinned dependencies and browser	2026-10-05T10:18:00.7120064Z + prettier@3.9.9
reference	Install pinned dependencies and browser	2026-10-05T10:18:00.7121027Z + storybook@10.6.1
reference	Install pinned dependencies and browser	2026-10-05T10:18:00.7121999Z + tailwindcss@4.3.3
reference	Install pinned dependencies and browser	2026-10-05T10:18:00.7122796Z + turbo@2.11.7
reference	Install pinned dependencies and browser	2026-10-05T10:18:00.7123510Z + typescript@6.0.2
reference	Install pinned dependencies and browser	2026-10-05T10:18:00.7124304Z + typescript-eslint@8.71.0
reference	Install pinned dependencies and browser	2026-10-05T10:18:00.7125007Z + vite@8.3.2
reference	Install pinned dependencies and browser	2026-10-05T10:18:00.7125694Z + vite-plugin-singlefile@2.3.3
reference	Install pinned dependencies and browser	2026-10-05T10:18:00.7126682Z + @modelcontextprotocol/ext-apps@1.7.5
reference	Install pinned dependencies and browser	2026-10-05T10:18:00.7127585Z + @modelcontextprotocol/sdk@1.32.0
reference	Install pinned dependencies and browser	2026-10-05T10:18:00.7128217Z + convex@1.46.0
reference	Install pinned dependencies and browser	2026-10-05T10:18:00.7128804Z + jose@6.2.12
reference	Install pinned dependencies and browser	2026-10-05T10:18:00.7129393Z + zod@4.6.5
reference	Install pinned dependencies and browser	2026-10-05T10:18:00.7129703Z 
reference	Install pinned dependencies and browser	2026-10-05T10:18:00.7130425Z 521 packages installed [2.70s]
reference	Install pinned dependencies and browser	2026-10-05T10:18:01.1851110Z Installing dependencies...
reference	Install pinned dependencies and browser	2026-10-05T10:18:01.1967659Z Switching to root user to install dependencies...
reference	Install pinned dependencies and browser	2026-10-05T10:18:01.2776461Z Get:1 file:/etc/apt/apt-mirrors.txt Mirrorlist [144 B]
reference	Install pinned dependencies and browser	2026-10-05T10:18:01.3307962Z Hit:2 http://azure.archive.ubuntu.com/ubuntu noble InRelease
reference	Install pinned dependencies and browser	2026-10-05T10:18:01.3321760Z Get:6 https://packages.microsoft.com/ubuntu/24.04/prod noble InRelease [3600 B]
reference	Install pinned dependencies and browser	2026-10-05T10:18:01.3413362Z Get:3 http://azure.archive.ubuntu.com/ubuntu noble-updates InRelease [126 kB]
reference	Install pinned dependencies and browser	2026-10-05T10:18:01.3474290Z Get:4 http://azure.archive.ubuntu.com/ubuntu noble-backports InRelease [126 kB]
reference	Install pinned dependencies and browser	2026-10-05T10:18:01.3510323Z Get:5 http://azure.archive.ubuntu.com/ubuntu noble-security InRelease [126 kB]
reference	Install pinned dependencies and browser	2026-10-05T10:18:01.4329479Z Get:7 https://packages.microsoft.com/ubuntu/24.04/prod noble/main amd64 Packages [511 kB]
reference	Install pinned dependencies and browser	2026-10-05T10:18:01.4463503Z Get:8 https://packages.microsoft.com/ubuntu/24.04/prod noble/main arm64 Packages [458 kB]
reference	Install pinned dependencies and browser	2026-10-05T10:18:01.4503074Z Get:9 https://packages.microsoft.com/ubuntu/24.04/prod noble/main armhf Packages [12.6 kB]
reference	Install pinned dependencies and browser	2026-10-05T10:18:01.4766188Z Get:10 http://azure.archive.ubuntu.com/ubuntu noble-updates/main amd64 Packages [1364 kB]
reference	Install pinned dependencies and browser	2026-10-05T10:18:01.4823013Z Get:11 http://azure.archive.ubuntu.com/ubuntu noble-updates/main Translation-en [304 kB]
reference	Install pinned dependencies and browser	2026-10-05T10:18:01.4848471Z Get:12 http://azure.archive.ubuntu.com/ubuntu noble-updates/main amd64 Components [181 kB]
reference	Install pinned dependencies and browser	2026-10-05T10:18:01.4882145Z Get:13 http://azure.archive.ubuntu.com/ubuntu noble-updates/universe amd64 Packages [1699 kB]
reference	Install pinned dependencies and browser	2026-10-05T10:18:01.4964472Z Get:14 http://azure.archive.ubuntu.com/ubuntu noble-updates/universe Translation-en [341 kB]
reference	Install pinned dependencies and browser	2026-10-05T10:18:01.5001888Z Get:15 http://azure.archive.ubuntu.com/ubuntu noble-updates/universe amd64 Components [388 kB]
reference	Install pinned dependencies and browser	2026-10-05T10:18:01.5020249Z Get:16 http://azure.archive.ubuntu.com/ubuntu noble-updates/restricted amd64 Packages [1720 kB]
reference	Install pinned dependencies and browser	2026-10-05T10:18:01.5121168Z Get:17 http://azure.archive.ubuntu.com/ubuntu noble-updates/restricted Translation-en [394 kB]
reference	Install pinned dependencies and browser	2026-10-05T10:18:01.5166206Z Get:18 http://azure.archive.ubuntu.com/ubuntu noble-updates/multiverse amd64 Components [940 B]
reference	Install pinned dependencies and browser	2026-10-05T10:18:01.5193388Z Get:19 http://azure.archive.ubuntu.com/ubuntu noble-backports/main amd64 Components [5776 B]
reference	Install pinned dependencies and browser	2026-10-05T10:18:01.5626136Z Get:20 http://azure.archive.ubuntu.com/ubuntu noble-backports/universe amd64 Components [12.6 kB]
reference	Install pinned dependencies and browser	2026-10-05T10:18:01.5641755Z Get:21 http://azure.archive.ubuntu.com/ubuntu noble-security/main amd64 Packages [1069 kB]
reference	Install pinned dependencies and browser	2026-10-05T10:18:01.5704635Z Get:22 http://azure.archive.ubuntu.com/ubuntu noble-security/main Translation-en [221 kB]
reference	Install pinned dependencies and browser	2026-10-05T10:18:01.5723290Z Get:23 http://azure.archive.ubuntu.com/ubuntu noble-security/main amd64 Components [46.4 kB]
reference	Install pinned dependencies and browser	2026-10-05T10:18:01.5862636Z Get:24 http://azure.archive.ubuntu.com/ubuntu noble-security/universe amd64 Packages [1216 kB]
reference	Install pinned dependencies and browser	2026-10-05T10:18:01.5934805Z Get:25 http://azure.archive.ubuntu.com/ubuntu noble-security/universe Translation-en [244 kB]
reference	Install pinned dependencies and browser	2026-10-05T10:18:01.5993059Z Get:26 http://azure.archive.ubuntu.com/ubuntu noble-security/universe amd64 Components [76.4 kB]
reference	Install pinned dependencies and browser	2026-10-05T10:18:01.6066096Z Get:27 http://azure.archive.ubuntu.com/ubuntu noble-security/restricted amd64 Packages [1566 kB]
reference	Install pinned dependencies and browser	2026-10-05T10:18:01.6215159Z Get:28 http://azure.archive.ubuntu.com/ubuntu noble-security/restricted Translation-en [361 kB]
reference	Install pinned dependencies and browser	2026-10-05T10:18:06.6039296Z Fetched 12.6 MB in 1s (8651 kB/s)
reference	Install pinned dependencies and browser	2026-10-05T10:18:07.5153383Z Reading package lists...
reference	Install pinned dependencies and browser	2026-10-05T10:18:07.5437295Z Reading package lists...
reference	Install pinned dependencies and browser	2026-10-05T10:18:07.7447815Z Building dependency tree...
reference	Install pinned dependencies and browser	2026-10-05T10:18:07.7453042Z Reading state information...
reference	Install pinned dependencies and browser	2026-10-05T10:18:07.9201705Z libasound2t64 is already the newest version (1.2.11-1ubuntu0.3).
reference	Install pinned dependencies and browser	2026-10-05T10:18:07.9202833Z libasound2t64 set to manually installed.
reference	Install pinned dependencies and browser	2026-10-05T10:18:07.9203889Z libatk-bridge2.0-0t64 is already the newest version (2.52.0-1build1).
reference	Install pinned dependencies and browser	2026-10-05T10:18:07.9204772Z libatk-bridge2.0-0t64 set to manually installed.
reference	Install pinned dependencies and browser	2026-10-05T10:18:07.9205473Z libatk1.0-0t64 is already the newest version (2.52.0-1build1).
reference	Install pinned dependencies and browser	2026-10-05T10:18:07.9206189Z libatk1.0-0t64 set to manually installed.
reference	Install pinned dependencies and browser	2026-10-05T10:18:07.9206959Z libatspi2.0-0t64 is already the newest version (2.52.0-1build1).
reference	Install pinned dependencies and browser	2026-10-05T10:18:07.9207866Z libatspi2.0-0t64 set to manually installed.
reference	Install pinned dependencies and browser	2026-10-05T10:18:07.9208726Z libcairo2 is already the newest version (1.18.0-3build1).
reference	Install pinned dependencies and browser	2026-10-05T10:18:07.9209487Z libcairo2 set to manually installed.
reference	Install pinned dependencies and browser	2026-10-05T10:18:07.9210050Z libcups2t64 is already the newest version (2.4.7-1.2ubuntu7.14).
reference	Install pinned dependencies and browser	2026-10-05T10:18:07.9210900Z libcups2t64 set to manually installed.
reference	Install pinned dependencies and browser	2026-10-05T10:18:07.9211479Z libdbus-1-3 is already the newest version (1.14.10-4ubuntu4.1).
reference	Install pinned dependencies and browser	2026-10-05T10:18:07.9211990Z libdbus-1-3 set to manually installed.
reference	Install pinned dependencies and browser	2026-10-05T10:18:07.9212636Z libdrm2 is already the newest version (2.4.125-1ubuntu0.1~24.04.2).
reference	Install pinned dependencies and browser	2026-10-05T10:18:07.9213157Z libdrm2 set to manually installed.
reference	Install pinned dependencies and browser	2026-10-05T10:18:07.9213696Z libglib2.0-0t64 is already the newest version (2.80.0-6ubuntu3.9).
reference	Install pinned dependencies and browser	2026-10-05T10:18:07.9214437Z libglib2.0-0t64 set to manually installed.
reference	Install pinned dependencies and browser	2026-10-05T10:18:07.9215069Z libnspr4 is already the newest version (2:4.35-1.1build1).
reference	Install pinned dependencies and browser	2026-10-05T10:18:07.9215664Z libnspr4 set to manually installed.
reference	Install pinned dependencies and browser	2026-10-05T10:18:07.9216198Z libnss3 is already the newest version (2:3.98-1ubuntu0.2).
reference	Install pinned dependencies and browser	2026-10-05T10:18:07.9216723Z libnss3 set to manually installed.
reference	Install pinned dependencies and browser	2026-10-05T10:18:07.9217264Z libpango-1.0-0 is already the newest version (1.52.1+ds-1build1).
reference	Install pinned dependencies and browser	2026-10-05T10:18:07.9217819Z libpango-1.0-0 set to manually installed.
reference	Install pinned dependencies and browser	2026-10-05T10:18:07.9218384Z libx11-6 is already the newest version (2:1.8.7-1build1).
reference	Install pinned dependencies and browser	2026-10-05T10:18:07.9218856Z libx11-6 set to manually installed.
reference	Install pinned dependencies and browser	2026-10-05T10:18:07.9219364Z libxcb1 is already the newest version (1.15-1ubuntu2).
reference	Install pinned dependencies and browser	2026-10-05T10:18:07.9220171Z libxcb1 set to manually installed.
reference	Install pinned dependencies and browser	2026-10-05T10:18:07.9221011Z libxcomposite1 is already the newest version (1:0.4.5-1build3).
reference	Install pinned dependencies and browser	2026-10-05T10:18:07.9221541Z libxcomposite1 set to manually installed.
reference	Install pinned dependencies and browser	2026-10-05T10:18:07.9222092Z libxdamage1 is already the newest version (1:1.1.6-1build1).
reference	Install pinned dependencies and browser	2026-10-05T10:18:07.9222609Z libxdamage1 set to manually installed.
reference	Install pinned dependencies and browser	2026-10-05T10:18:07.9223085Z libxext6 is already the newest version (2:1.3.4-1build2).
reference	Install pinned dependencies and browser	2026-10-05T10:18:07.9223751Z libxext6 set to manually installed.
reference	Install pinned dependencies and browser	2026-10-05T10:18:07.9224234Z libxfixes3 is already the newest version (1:6.0.0-2build1).
reference	Install pinned dependencies and browser	2026-10-05T10:18:07.9224721Z libxfixes3 set to manually installed.
reference	Install pinned dependencies and browser	2026-10-05T10:18:07.9225279Z libxkbcommon0 is already the newest version (1.6.0-1build1).
reference	Install pinned dependencies and browser	2026-10-05T10:18:07.9225806Z libxkbcommon0 set to manually installed.
reference	Install pinned dependencies and browser	2026-10-05T10:18:07.9226316Z libxrandr2 is already the newest version (2:1.5.2-2build1).
reference	Install pinned dependencies and browser	2026-10-05T10:18:07.9226836Z libxrandr2 set to manually installed.
reference	Install pinned dependencies and browser	2026-10-05T10:18:07.9227326Z xvfb is already the newest version (2:21.1.12-1ubuntu1.8).
reference	Install pinned dependencies and browser	2026-10-05T10:18:07.9227973Z fonts-noto-color-emoji is already the newest version (2.047-0ubuntu0.24.04.1).
reference	Install pinned dependencies and browser	2026-10-05T10:18:07.9228666Z libfontconfig1 is already the newest version (2.15.0-1.1ubuntu2).
reference	Install pinned dependencies and browser	2026-10-05T10:18:07.9229226Z libfontconfig1 set to manually installed.
reference	Install pinned dependencies and browser	2026-10-05T10:18:07.9229802Z libfreetype6 is already the newest version (2.13.2+dfsg-1ubuntu0.1).
reference	Install pinned dependencies and browser	2026-10-05T10:18:07.9230390Z libfreetype6 set to manually installed.
reference	Install pinned dependencies and browser	2026-10-05T10:18:07.9231161Z fonts-liberation is already the newest version (1:2.1.5-3).
reference	Install pinned dependencies and browser	2026-10-05T10:18:07.9231644Z fonts-liberation set to manually installed.
reference	Install pinned dependencies and browser	2026-10-05T10:18:07.9232204Z The following additional packages will be installed:
reference	Install pinned dependencies and browser	2026-10-05T10:18:07.9232802Z   libgl1-mesa-dri libglx-mesa0 mesa-libgallium xfonts-encodings xfonts-utils
reference	Install pinned dependencies and browser	2026-10-05T10:18:07.9233327Z Recommended packages:
reference	Install pinned dependencies and browser	2026-10-05T10:18:07.9233762Z   fonts-ipafont-mincho fonts-tlwg-loma
reference	Install pinned dependencies and browser	2026-10-05T10:18:07.9399603Z The following NEW packages will be installed:
reference	Install pinned dependencies and browser	2026-10-05T10:18:07.9400346Z   fonts-freefont-ttf fonts-ipafont-gothic fonts-tlwg-loma-otf fonts-unifont
reference	Install pinned dependencies and browser	2026-10-05T10:18:07.9408009Z   fonts-wqy-zenhei xfonts-cyrillic xfonts-encodings xfonts-scalable
reference	Install pinned dependencies and browser	2026-10-05T10:18:07.9408722Z   xfonts-utils
reference	Install pinned dependencies and browser	2026-10-05T10:18:07.9412984Z The following packages will be upgraded:
reference	Install pinned dependencies and browser	2026-10-05T10:18:07.9418210Z   libgbm1 libgl1-mesa-dri libglx-mesa0 mesa-libgallium
reference	Install pinned dependencies and browser	2026-10-05T10:18:07.9578112Z 4 upgraded, 9 newly installed, 0 to remove and 21 not upgraded.
reference	Install pinned dependencies and browser	2026-10-05T10:18:07.9578931Z Need to get 32.1 MB of archives.
reference	Install pinned dependencies and browser	2026-10-05T10:18:07.9579723Z After this operation, 79.5 MB of additional disk space will be used.
reference	Install pinned dependencies and browser	2026-10-05T10:18:07.9580294Z Get:1 file:/etc/apt/apt-mirrors.txt Mirrorlist [144 B]
reference	Install pinned dependencies and browser	2026-10-05T10:18:08.0074738Z Get:2 http://azure.archive.ubuntu.com/ubuntu noble/universe amd64 fonts-ipafont-gothic all 00303-21ubuntu1 [3513 kB]
reference	Install pinned dependencies and browser	2026-10-05T10:18:08.0665496Z Get:3 http://azure.archive.ubuntu.com/ubuntu noble/main amd64 fonts-freefont-ttf all 20211204+svn4273-2 [5641 kB]
reference	Install pinned dependencies and browser	2026-10-05T10:18:08.1801797Z Get:4 http://azure.archive.ubuntu.com/ubuntu noble/universe amd64 fonts-tlwg-loma-otf all 1:0.7.3-1 [107 kB]
reference	Install pinned dependencies and browser	2026-10-05T10:18:08.2039176Z Get:5 http://azure.archive.ubuntu.com/ubuntu noble/universe amd64 fonts-unifont all 1:15.1.01-1build1 [2993 kB]
reference	Install pinned dependencies and browser	2026-10-05T10:18:08.2753308Z Get:6 http://azure.archive.ubuntu.com/ubuntu noble/universe amd64 fonts-wqy-zenhei all 0.9.45-8 [7472 kB]
reference	Install pinned dependencies and browser	2026-10-05T10:18:08.3676226Z Get:7 http://azure.archive.ubuntu.com/ubuntu noble-updates/main amd64 libgl1-mesa-dri amd64 25.2.8-0ubuntu0.24.04.4 [38.0 kB]
reference	Install pinned dependencies and browser	2026-10-05T10:18:08.3897572Z Get:8 http://azure.archive.ubuntu.com/ubuntu noble-updates/main amd64 libglx-mesa0 amd64 25.2.8-0ubuntu0.24.04.4 [110 kB]
reference	Install pinned dependencies and browser	2026-10-05T10:18:08.4123816Z Get:9 http://azure.archive.ubuntu.com/ubuntu noble-updates/main amd64 libgbm1 amd64 25.2.8-0ubuntu0.24.04.4 [34.2 kB]
reference	Install pinned dependencies and browser	2026-10-05T10:18:08.4347361Z Get:10 http://azure.archive.ubuntu.com/ubuntu noble-updates/main amd64 mesa-libgallium amd64 25.2.8-0ubuntu0.24.04.4 [10.8 MB]
reference	Install pinned dependencies and browser	2026-10-05T10:18:08.5390202Z Get:11 http://azure.archive.ubuntu.com/ubuntu noble/main amd64 xfonts-encodings all 1:1.0.5-0ubuntu2 [578 kB]
reference	Install pinned dependencies and browser	2026-10-05T10:18:08.5648638Z Get:12 http://azure.archive.ubuntu.com/ubuntu noble/main amd64 xfonts-utils amd64 1:7.7+6build3 [94.4 kB]
reference	Install pinned dependencies and browser	2026-10-05T10:18:08.5876459Z Get:13 http://azure.archive.ubuntu.com/ubuntu noble/universe amd64 xfonts-cyrillic all 1:1.0.5+nmu1 [384 kB]
reference	Install pinned dependencies and browser	2026-10-05T10:18:08.6121948Z Get:14 http://azure.archive.ubuntu.com/ubuntu noble/main amd64 xfonts-scalable all 1:1.0.3-1.3 [304 kB]
reference	Install pinned dependencies and browser	2026-10-05T10:18:08.8741531Z Fetched 32.1 MB in 1s (47.9 MB/s)
reference	Install pinned dependencies and browser	2026-10-05T10:18:08.9064909Z Selecting previously unselected package fonts-ipafont-gothic.
reference	Install pinned dependencies and browser	2026-10-05T10:18:08.9272012Z (Reading database ... 
reference	Install pinned dependencies and browser	2026-10-05T10:18:08.9272642Z (Reading database ... 5%
reference	Install pinned dependencies and browser	2026-10-05T10:18:08.9272991Z (Reading database ... 10%
reference	Install pinned dependencies and browser	2026-10-05T10:18:08.9273395Z (Reading database ... 15%
reference	Install pinned dependencies and browser	2026-10-05T10:18:08.9273769Z (Reading database ... 20%
reference	Install pinned dependencies and browser	2026-10-05T10:18:08.9274233Z (Reading database ... 25%
reference	Install pinned dependencies and browser	2026-10-05T10:18:08.9274679Z (Reading database ... 30%
reference	Install pinned dependencies and browser	2026-10-05T10:18:08.9275710Z (Reading database ... 35%
reference	Install pinned dependencies and browser	2026-10-05T10:18:08.9276074Z (Reading database ... 40%
reference	Install pinned dependencies and browser	2026-10-05T10:18:08.9276417Z (Reading database ... 45%
reference	Install pinned dependencies and browser	2026-10-05T10:18:08.9276839Z (Reading database ... 50%
reference	Install pinned dependencies and browser	2026-10-05T10:18:08.9316539Z (Reading database ... 55%
reference	Install pinned dependencies and browser	2026-10-05T10:18:09.0515322Z (Reading database ... 60%
reference	Install pinned dependencies and browser	2026-10-05T10:18:09.2578460Z (Reading database ... 65%
reference	Install pinned dependencies and browser	2026-10-05T10:18:09.4494163Z (Reading database ... 70%
reference	Install pinned dependencies and browser	2026-10-05T10:18:09.6531165Z (Reading database ... 75%
reference	Install pinned dependencies and browser	2026-10-05T10:18:09.7995894Z (Reading database ... 80%
reference	Install pinned dependencies and browser	2026-10-05T10:18:10.0125861Z (Reading database ... 85%
reference	Install pinned dependencies and browser	2026-10-05T10:18:10.2128048Z (Reading database ... 90%
reference	Install pinned dependencies and browser	2026-10-05T10:18:10.3655895Z (Reading database ... 95%
reference	Install pinned dependencies and browser	2026-10-05T10:18:10.3656649Z (Reading database ... 100%
reference	Install pinned dependencies and browser	2026-10-05T10:18:10.3657790Z (Reading database ... 202296 files and directories currently installed.)
reference	Install pinned dependencies and browser	2026-10-05T10:18:10.3703327Z Preparing to unpack .../00-fonts-ipafont-gothic_00303-21ubuntu1_all.deb ...
reference	Install pinned dependencies and browser	2026-10-05T10:18:10.3843677Z Unpacking fonts-ipafont-gothic (00303-21ubuntu1) ...
reference	Install pinned dependencies and browser	2026-10-05T10:18:10.6861514Z Selecting previously unselected package fonts-freefont-ttf.
reference	Install pinned dependencies and browser	2026-10-05T10:18:10.6991473Z Preparing to unpack .../01-fonts-freefont-ttf_20211204+svn4273-2_all.deb ...
reference	Install pinned dependencies and browser	2026-10-05T10:18:10.7003121Z Unpacking fonts-freefont-ttf (20211204+svn4273-2) ...
reference	Install pinned dependencies and browser	2026-10-05T10:18:10.8312560Z Selecting previously unselected package fonts-tlwg-loma-otf.
reference	Install pinned dependencies and browser	2026-10-05T10:18:10.8434379Z Preparing to unpack .../02-fonts-tlwg-loma-otf_1%3a0.7.3-1_all.deb ...
reference	Install pinned dependencies and browser	2026-10-05T10:18:10.8445430Z Unpacking fonts-tlwg-loma-otf (1:0.7.3-1) ...
reference	Install pinned dependencies and browser	2026-10-05T10:18:10.8624090Z Selecting previously unselected package fonts-unifont.
reference	Install pinned dependencies and browser	2026-10-05T10:18:10.8751309Z Preparing to unpack .../03-fonts-unifont_1%3a15.1.01-1build1_all.deb ...
reference	Install pinned dependencies and browser	2026-10-05T10:18:10.8761041Z Unpacking fonts-unifont (1:15.1.01-1build1) ...
reference	Install pinned dependencies and browser	2026-10-05T10:18:11.2663613Z Selecting previously unselected package fonts-wqy-zenhei.
reference	Install pinned dependencies and browser	2026-10-05T10:18:11.2793621Z Preparing to unpack .../04-fonts-wqy-zenhei_0.9.45-8_all.deb ...
reference	Install pinned dependencies and browser	2026-10-05T10:18:11.3095641Z Unpacking fonts-wqy-zenhei (0.9.45-8) ...
reference	Install pinned dependencies and browser	2026-10-05T10:18:12.8477324Z Preparing to unpack .../05-libgl1-mesa-dri_25.2.8-0ubuntu0.24.04.4_amd64.deb ...
reference	Install pinned dependencies and browser	2026-10-05T10:18:13.2060839Z Unpacking libgl1-mesa-dri:amd64 (25.2.8-0ubuntu0.24.04.4) over (25.2.8-0ubuntu0.24.04.2) ...
reference	Install pinned dependencies and browser	2026-10-05T10:18:14.2544245Z Preparing to unpack .../06-libglx-mesa0_25.2.8-0ubuntu0.24.04.4_amd64.deb ...
reference	Install pinned dependencies and browser	2026-10-05T10:18:14.4221248Z Unpacking libglx-mesa0:amd64 (25.2.8-0ubuntu0.24.04.4) over (25.2.8-0ubuntu0.24.04.2) ...
reference	Install pinned dependencies and browser	2026-10-05T10:18:14.5168910Z Preparing to unpack .../07-libgbm1_25.2.8-0ubuntu0.24.04.4_amd64.deb ...
reference	Install pinned dependencies and browser	2026-10-05T10:18:14.5200804Z Unpacking libgbm1:amd64 (25.2.8-0ubuntu0.24.04.4) over (25.2.8-0ubuntu0.24.04.2) ...
reference	Install pinned dependencies and browser	2026-10-05T10:18:14.5548750Z Preparing to unpack .../08-mesa-libgallium_25.2.8-0ubuntu0.24.04.4_amd64.deb ...
reference	Install pinned dependencies and browser	2026-10-05T10:18:14.5575883Z Unpacking mesa-libgallium:amd64 (25.2.8-0ubuntu0.24.04.4) over (25.2.8-0ubuntu0.24.04.2) ...
reference	Install pinned dependencies and browser	2026-10-05T10:18:14.9825108Z Selecting previously unselected package xfonts-encodings.
reference	Install pinned dependencies and browser	2026-10-05T10:18:14.9952409Z Preparing to unpack .../09-xfonts-encodings_1%3a1.0.5-0ubuntu2_all.deb ...
reference	Install pinned dependencies and browser	2026-10-05T10:18:14.9964282Z Unpacking xfonts-encodings (1:1.0.5-0ubuntu2) ...
reference	Install pinned dependencies and browser	2026-10-05T10:18:15.0269888Z Selecting previously unselected package xfonts-utils.
reference	Install pinned dependencies and browser	2026-10-05T10:18:15.0396399Z Preparing to unpack .../10-xfonts-utils_1%3a7.7+6build3_amd64.deb ...
reference	Install pinned dependencies and browser	2026-10-05T10:18:15.0407945Z Unpacking xfonts-utils (1:7.7+6build3) ...
reference	Install pinned dependencies and browser	2026-10-05T10:18:15.0741262Z Selecting previously unselected package xfonts-cyrillic.
reference	Install pinned dependencies and browser	2026-10-05T10:18:15.0867017Z Preparing to unpack .../11-xfonts-cyrillic_1%3a1.0.5+nmu1_all.deb ...
reference	Install pinned dependencies and browser	2026-10-05T10:18:15.0878553Z Unpacking xfonts-cyrillic (1:1.0.5+nmu1) ...
reference	Install pinned dependencies and browser	2026-10-05T10:18:15.1392660Z Selecting previously unselected package xfonts-scalable.
reference	Install pinned dependencies and browser	2026-10-05T10:18:15.1521481Z Preparing to unpack .../12-xfonts-scalable_1%3a1.0.3-1.3_all.deb ...
reference	Install pinned dependencies and browser	2026-10-05T10:18:15.1534376Z Unpacking xfonts-scalable (1:1.0.3-1.3) ...
reference	Install pinned dependencies and browser	2026-10-05T10:18:15.2045617Z Setting up mesa-libgallium:amd64 (25.2.8-0ubuntu0.24.04.4) ...
reference	Install pinned dependencies and browser	2026-10-05T10:18:15.2070111Z Setting up libgbm1:amd64 (25.2.8-0ubuntu0.24.04.4) ...
reference	Install pinned dependencies and browser	2026-10-05T10:18:15.2090765Z Setting up libgl1-mesa-dri:amd64 (25.2.8-0ubuntu0.24.04.4) ...
reference	Install pinned dependencies and browser	2026-10-05T10:18:15.2163580Z Setting up fonts-wqy-zenhei (0.9.45-8) ...
reference	Install pinned dependencies and browser	2026-10-05T10:18:15.2281271Z Setting up fonts-freefont-ttf (20211204+svn4273-2) ...
reference	Install pinned dependencies and browser	2026-10-05T10:18:15.2300803Z Setting up fonts-tlwg-loma-otf (1:0.7.3-1) ...
reference	Install pinned dependencies and browser	2026-10-05T10:18:15.2320068Z Setting up xfonts-encodings (1:1.0.5-0ubuntu2) ...
reference	Install pinned dependencies and browser	2026-10-05T10:18:15.2338986Z Setting up fonts-ipafont-gothic (00303-21ubuntu1) ...
reference	Install pinned dependencies and browser	2026-10-05T10:18:15.2400064Z update-alternatives: using /usr/share/fonts/opentype/ipafont-gothic/ipag.ttf to provide /usr/share/fonts/truetype/fonts-japanese-gothic.ttf (fonts-japanese-gothic.ttf) in auto mode
reference	Install pinned dependencies and browser	2026-10-05T10:18:15.2417262Z Setting up fonts-unifont (1:15.1.01-1build1) ...
reference	Install pinned dependencies and browser	2026-10-05T10:18:15.2437696Z Setting up libglx-mesa0:amd64 (25.2.8-0ubuntu0.24.04.4) ...
reference	Install pinned dependencies and browser	2026-10-05T10:18:15.2458244Z Setting up xfonts-utils (1:7.7+6build3) ...
reference	Install pinned dependencies and browser	2026-10-05T10:18:15.2499715Z Setting up xfonts-cyrillic (1:1.0.5+nmu1) ...
reference	Install pinned dependencies and browser	2026-10-05T10:18:15.2774407Z Setting up xfonts-scalable (1:1.0.3-1.3) ...
reference	Install pinned dependencies and browser	2026-10-05T10:18:15.3016342Z Processing triggers for libc-bin (2.39-0ubuntu8.9) ...
reference	Install pinned dependencies and browser	2026-10-05T10:18:15.3311984Z Processing triggers for man-db (2.12.0-4build2) ...
reference	Install pinned dependencies and browser	2026-10-05T10:18:15.3334966Z Not building database; man-db/auto-update is not 'true'.
reference	Install pinned dependencies and browser	2026-10-05T10:18:15.3349521Z Processing triggers for fontconfig (2.15.0-1.1ubuntu2) ...
reference	Install pinned dependencies and browser	2026-10-05T10:18:15.9867108Z 
reference	Install pinned dependencies and browser	2026-10-05T10:18:15.9867943Z Running kernel seems to be up-to-date.
reference	Install pinned dependencies and browser	2026-10-05T10:18:15.9868387Z 
reference	Install pinned dependencies and browser	2026-10-05T10:18:15.9868698Z No services need to be restarted.
reference	Install pinned dependencies and browser	2026-10-05T10:18:15.9868969Z 
reference	Install pinned dependencies and browser	2026-10-05T10:18:15.9869460Z No containers need to be restarted.
reference	Install pinned dependencies and browser	2026-10-05T10:18:15.9869702Z 
reference	Install pinned dependencies and browser	2026-10-05T10:18:15.9869972Z No user sessions are running outdated binaries.
reference	Install pinned dependencies and browser	2026-10-05T10:18:15.9870668Z 
reference	Install pinned dependencies and browser	2026-10-05T10:18:15.9871141Z No VM guests are running outdated hypervisor (qemu) binaries on this host.
reference	Install pinned dependencies and browser	2026-10-05T10:18:16.9914663Z Downloading Chrome for Testing 153.0.8010.12 (playwright chromium v1243) from https://cdn.playwright.dev/builds/cft/153.0.8010.12/linux64/chrome-linux64.zip
reference	Install pinned dependencies and browser	2026-10-05T10:18:17.4046067Z |                                                                                |   0% of 186.8 MiB
reference	Install pinned dependencies and browser	2026-10-05T10:18:17.5642706Z |■■■■■■■■                                                                        |  10% of 186.8 MiB
reference	Install pinned dependencies and browser	2026-10-05T10:18:17.6457568Z |■■■■■■■■■■■■■■■■                                                                |  20% of 186.8 MiB
reference	Install pinned dependencies and browser	2026-10-05T10:18:17.7499340Z |■■■■■■■■■■■■■■■■■■■■■■■■                                                        |  30% of 186.8 MiB
reference	Install pinned dependencies and browser	2026-10-05T10:18:17.8315235Z |■■■■■■■■■■■■■■■■■■■■■■■■■■■■■■■■                                                |  40% of 186.8 MiB
reference	Install pinned dependencies and browser	2026-10-05T10:18:17.9192885Z |■■■■■■■■■■■■■■■■■■■■■■■■■■■■■■■■■■■■■■■■                                        |  50% of 186.8 MiB
reference	Install pinned dependencies and browser	2026-10-05T10:18:18.0130590Z |■■■■■■■■■■■■■■■■■■■■■■■■■■■■■■■■■■■■■■■■■■■■■■■■                                |  60% of 186.8 MiB
reference	Install pinned dependencies and browser	2026-10-05T10:18:18.1107127Z |■■■■■■■■■■■■■■■■■■■■■■■■■■■■■■■■■■■■■■■■■■■■■■■■■■■■■■■■                        |  70% of 186.8 MiB
reference	Install pinned dependencies and browser	2026-10-05T10:18:18.1993398Z |■■■■■■■■■■■■■■■■■■■■■■■■■■■■■■■■■■■■■■■■■■■■■■■■■■■■■■■■■■■■■■■■                |  80% of 186.8 MiB
reference	Install pinned dependencies and browser	2026-10-05T10:18:18.3011032Z |■■■■■■■■■■■■■■■■■■■■■■■■■■■■■■■■■■■■■■■■■■■■■■■■■■■■■■■■■■■■■■■■■■■■■■■■        |  90% of 186.8 MiB
reference	Install pinned dependencies and browser	2026-10-05T10:18:18.4089119Z |■■■■■■■■■■■■■■■■■■■■■■■■■■■■■■■■■■■■■■■■■■■■■■■■■■■■■■■■■■■■■■■■■■■■■■■■■■■■■■■■| 100% of 186.8 MiB
reference	Install pinned dependencies and browser	2026-10-05T10:18:21.7817831Z Chrome for Testing 153.0.8010.12 (playwright chromium v1243) downloaded to /home/runner/.cache/ms-playwright/chromium-1243
reference	Install pinned dependencies and browser	2026-10-05T10:18:21.7822001Z Downloading FFmpeg (playwright ffmpeg v1011) from https://cdn.playwright.dev/dbazure/download/playwright/builds/ffmpeg/1011/ffmpeg-linux.zip
reference	Install pinned dependencies and browser	2026-10-05T10:18:22.3391372Z |                                                                                |   0% of 2.3 MiB
reference	Install pinned dependencies and browser	2026-10-05T10:18:22.3449400Z |■■■■■■■■                                                                        |  10% of 2.3 MiB
reference	Install pinned dependencies and browser	2026-10-05T10:18:22.3474529Z |■■■■■■■■■■■■■■■■                                                                |  20% of 2.3 MiB
reference	Install pinned dependencies and browser	2026-10-05T10:18:22.3502212Z |■■■■■■■■■■■■■■■■■■■■■■■■                                                        |  30% of 2.3 MiB
reference	Install pinned dependencies and browser	2026-10-05T10:18:22.3522357Z |■■■■■■■■■■■■■■■■■■■■■■■■■■■■■■■■                                                |  40% of 2.3 MiB
reference	Install pinned dependencies and browser	2026-10-05T10:18:22.3525729Z |■■■■■■■■■■■■■■■■■■■■■■■■■■■■■■■■■■■■■■■■                                        |  50% of 2.3 MiB
reference	Install pinned dependencies and browser	2026-10-05T10:18:22.3541216Z |■■■■■■■■■■■■■■■■■■■■■■■■■■■■■■■■■■■■■■■■■■■■■■■■                                |  60% of 2.3 MiB
reference	Install pinned dependencies and browser	2026-10-05T10:18:22.3557556Z |■■■■■■■■■■■■■■■■■■■■■■■■■■■■■■■■■■■■■■■■■■■■■■■■■■■■■■■■                        |  70% of 2.3 MiB
reference	Install pinned dependencies and browser	2026-10-05T10:18:22.3574346Z |■■■■■■■■■■■■■■■■■■■■■■■■■■■■■■■■■■■■■■■■■■■■■■■■■■■■■■■■■■■■■■■■                |  80% of 2.3 MiB
reference	Install pinned dependencies and browser	2026-10-05T10:18:22.3583624Z |■■■■■■■■■■■■■■■■■■■■■■■■■■■■■■■■■■■■■■■■■■■■■■■■■■■■■■■■■■■■■■■■■■■■■■■■        |  90% of 2.3 MiB
reference	Install pinned dependencies and browser	2026-10-05T10:18:22.3601490Z |■■■■■■■■■■■■■■■■■■■■■■■■■■■■■■■■■■■■■■■■■■■■■■■■■■■■■■■■■■■■■■■■■■■■■■■■■■■■■■■■| 100% of 2.3 MiB
reference	Install pinned dependencies and browser	2026-10-05T10:18:22.4288254Z FFmpeg (playwright ffmpeg v1011) downloaded to /home/runner/.cache/ms-playwright/ffmpeg-1011
reference	Install pinned dependencies and browser	2026-10-05T10:18:22.4292477Z Downloading Chrome Headless Shell 153.0.8010.12 (playwright chromium-headless-shell v1243) from https://cdn.playwright.dev/builds/cft/153.0.8010.12/linux64/chrome-headless-shell-linux64.zip
reference	Install pinned dependencies and browser	2026-10-05T10:18:22.8131085Z |                                                                                |   0% of 114.3 MiB
reference	Install pinned dependencies and browser	2026-10-05T10:18:22.9334651Z |■■■■■■■■                                                                        |  10% of 114.3 MiB
reference	Install pinned dependencies and browser	2026-10-05T10:18:23.0065681Z |■■■■■■■■■■■■■■■■                                                                |  20% of 114.3 MiB
reference	Install pinned dependencies and browser	2026-10-05T10:18:23.0674880Z |■■■■■■■■■■■■■■■■■■■■■■■■                                                        |  30% of 114.3 MiB
reference	Install pinned dependencies and browser	2026-10-05T10:18:23.1262740Z |■■■■■■■■■■■■■■■■■■■■■■■■■■■■■■■■                                                |  40% of 114.3 MiB
reference	Install pinned dependencies and browser	2026-10-05T10:18:23.1938990Z |■■■■■■■■■■■■■■■■■■■■■■■■■■■■■■■■■■■■■■■■                                        |  50% of 114.3 MiB
reference	Install pinned dependencies and browser	2026-10-05T10:18:23.3146190Z |■■■■■■■■■■■■■■■■■■■■■■■■■■■■■■■■■■■■■■■■■■■■■■■■                                |  60% of 114.3 MiB
reference	Install pinned dependencies and browser	2026-10-05T10:18:23.3987576Z |■■■■■■■■■■■■■■■■■■■■■■■■■■■■■■■■■■■■■■■■■■■■■■■■■■■■■■■■                        |  70% of 114.3 MiB
reference	Install pinned dependencies and browser	2026-10-05T10:18:23.4753463Z |■■■■■■■■■■■■■■■■■■■■■■■■■■■■■■■■■■■■■■■■■■■■■■■■■■■■■■■■■■■■■■■■                |  80% of 114.3 MiB
reference	Install pinned dependencies and browser	2026-10-05T10:18:23.5355447Z |■■■■■■■■■■■■■■■■■■■■■■■■■■■■■■■■■■■■■■■■■■■■■■■■■■■■■■■■■■■■■■■■■■■■■■■■        |  90% of 114.3 MiB
reference	Install pinned dependencies and browser	2026-10-05T10:18:23.6257691Z |■■■■■■■■■■■■■■■■■■■■■■■■■■■■■■■■■■■■■■■■■■■■■■■■■■■■■■■■■■■■■■■■■■■■■■■■■■■■■■■■| 100% of 114.3 MiB
reference	Install pinned dependencies and browser	2026-10-05T10:18:26.0651546Z Chrome Headless Shell 153.0.8010.12 (playwright chromium-headless-shell v1243) downloaded to /home/runner/.cache/ms-playwright/chromium_headless_shell-1243
reference	Required workspace and enforcement checks	﻿2026-10-05T10:18:26.0854363Z ##[group]Run cd "$RUNNER_TEMP/astack-foundation"
reference	Required workspace and enforcement checks	2026-10-05T10:18:26.0854896Z ^[[36;1mcd "$RUNNER_TEMP/astack-foundation"^[[0m
reference	Required workspace and enforcement checks	2026-10-05T10:18:26.0855267Z ^[[36;1mbun run check:ci^[[0m
reference	Required workspace and enforcement checks	2026-10-05T10:18:26.0855634Z ^[[36;1mbun run enforcement^[[0m
reference	Required workspace and enforcement checks	2026-10-05T10:18:26.0896729Z shell: /usr/bin/bash -e {0}
reference	Required workspace and enforcement checks	2026-10-05T10:18:26.0897132Z ##[endgroup]
reference	Required workspace and enforcement checks	2026-10-05T10:18:26.0980084Z $ bun scripts/check.ts ci
reference	Required workspace and enforcement checks	2026-10-05T10:18:26.1121882Z CI: format, every handwritten workspace lint/typecheck, domain contracts and both browser bundles. readiness is the separate real integration gate.
reference	Required workspace and enforcement checks	2026-10-05T10:18:26.1143845Z $ prettier --check .
reference	Required workspace and enforcement checks	2026-10-05T10:18:26.1964859Z Checking formatting...
reference	Required workspace and enforcement checks	2026-10-05T10:18:27.7253583Z All matched files use Prettier code style!
reference	Required workspace and enforcement checks	2026-10-05T10:18:27.7484345Z $ bun run --cwd apps/mcp-ui build && bun scripts/embed-ui.ts
reference	Required workspace and enforcement checks	2026-10-05T10:18:27.7512164Z $ vite build
reference	Required workspace and enforcement checks	2026-10-05T10:18:28.0330606Z ^[[36mvite v8.3.2 ^[[32mbuilding client environment for production...^[[36m^[[39m
reference	Required workspace and enforcement checks	2026-10-05T10:18:28.0431677Z transforming...
reference	Required workspace and enforcement checks	2026-10-05T10:18:28.2435073Z ✓ 2064 modules transformed.
reference	Required workspace and enforcement checks	2026-10-05T10:18:28.3004871Z rendering chunks...
reference	Required workspace and enforcement checks	2026-10-05T10:18:28.3926598Z [plugin vite:singlefile] 
reference	Required workspace and enforcement checks	2026-10-05T10:18:28.3927008Z 
reference	Required workspace and enforcement checks	2026-10-05T10:18:28.3946273Z [plugin vite:singlefile] Inlining: index-DjxX_oD3.js
reference	Required workspace and enforcement checks	2026-10-05T10:18:28.3961194Z [plugin vite:singlefile] Inlining: style-D0czOyNE.css
reference	Required workspace and enforcement checks	2026-10-05T10:18:28.4014640Z computing gzip size...
reference	Required workspace and enforcement checks	2026-10-05T10:18:28.4133499Z dist/index.html  784.42 kB │ gzip: 243.61 kB
reference	Required workspace and enforcement checks	2026-10-05T10:18:28.4133930Z 
reference	Required workspace and enforcement checks	2026-10-05T10:18:28.4144054Z ^[[32m✓ built in 380ms^[[39m
reference	Required workspace and enforcement checks	2026-10-05T10:18:28.4559301Z Embedded self-contained MCP UI for the Convex resource server.
reference	Required workspace and enforcement checks	2026-10-05T10:18:28.4591184Z $ eslint . --max-warnings 0
reference	Required workspace and enforcement checks	2026-10-05T10:18:42.5777610Z $ bun scripts/prepare-check.ts && turbo typecheck && tsc --noEmit -p tsconfig.json
reference	Required workspace and enforcement checks	2026-10-05T10:18:42.6189941Z 
reference	Required workspace and enforcement checks	2026-10-05T10:18:42.6190808Z Attention:
reference	Required workspace and enforcement checks	2026-10-05T10:18:42.6192164Z Turborepo now collects completely anonymous telemetry regarding usage.
reference	Required workspace and enforcement checks	2026-10-05T10:18:42.6193024Z This information is used to shape the Turborepo roadmap and prioritize features.
reference	Required workspace and enforcement checks	2026-10-05T10:18:42.6194281Z You can learn more, including how to opt-out if you'd not like to participate in this anonymous program, by visiting the following URL:
reference	Required workspace and enforcement checks	2026-10-05T10:18:42.6194984Z https://turborepo.dev/docs/telemetry
reference	Required workspace and enforcement checks	2026-10-05T10:18:42.6195235Z 
reference	Required workspace and enforcement checks	2026-10-05T10:18:42.6416856Z 
reference	Required workspace and enforcement checks	2026-10-05T10:18:42.6419241Z    • Packages in scope: @foundation/backend, @foundation/config, @foundation/domain, @foundation/mcp-ui, @foundation/ui, @foundation/web
reference	Required workspace and enforcement checks	2026-10-05T10:18:42.6436156Z    • Running typecheck in 6 packages
reference	Required workspace and enforcement checks	2026-10-05T10:18:42.6440108Z    • Remote caching disabled
reference	Required workspace and enforcement checks	2026-10-05T10:18:42.6440856Z 
reference	Required workspace and enforcement checks	2026-10-05T10:18:43.0611149Z ##[group]@foundation/domain:typecheck
reference	Required workspace and enforcement checks	2026-10-05T10:18:43.0611803Z cache miss, executing 1143a2c25457ddb3
reference	Required workspace and enforcement checks	2026-10-05T10:18:43.0612184Z $ tsc --noEmit
reference	Required workspace and enforcement checks	2026-10-05T10:18:43.0612815Z ##[endgroup]
reference	Required workspace and enforcement checks	2026-10-05T10:18:43.6832929Z ##[group]@foundation/ui:typecheck
reference	Required workspace and enforcement checks	2026-10-05T10:18:43.6867692Z cache miss, executing 6614d4871d1d9d7c
reference	Required workspace and enforcement checks	2026-10-05T10:18:43.6891085Z $ tsc --noEmit
reference	Required workspace and enforcement checks	2026-10-05T10:18:43.6922250Z ##[endgroup]
reference	Required workspace and enforcement checks	2026-10-05T10:18:44.5745994Z ##[group]@foundation/mcp-ui:typecheck
reference	Required workspace and enforcement checks	2026-10-05T10:18:44.5771703Z cache miss, executing e1ee6b3e613c5702
reference	Required workspace and enforcement checks	2026-10-05T10:18:44.5798231Z $ tsc --noEmit
reference	Required workspace and enforcement checks	2026-10-05T10:18:44.5851893Z ##[endgroup]
reference	Required workspace and enforcement checks	2026-10-05T10:18:45.2006460Z ##[group]@foundation/backend:typecheck
reference	Required workspace and enforcement checks	2026-10-05T10:18:45.2007510Z cache miss, executing 457538745d42d2da
reference	Required workspace and enforcement checks	2026-10-05T10:18:45.2008636Z $ tsc --noEmit
reference	Required workspace and enforcement checks	2026-10-05T10:18:45.2009475Z ##[endgroup]
reference	Required workspace and enforcement checks	2026-10-05T10:18:47.6751230Z ##[group]@foundation/web:typecheck
reference	Required workspace and enforcement checks	2026-10-05T10:18:47.6752148Z cache miss, executing 308122d49977feaf
reference	Required workspace and enforcement checks	2026-10-05T10:18:47.6752769Z $ tsc --noEmit
reference	Required workspace and enforcement checks	2026-10-05T10:18:47.6753483Z ##[endgroup]
reference	Required workspace and enforcement checks	2026-10-05T10:18:47.6753825Z 
reference	Required workspace and enforcement checks	2026-10-05T10:18:47.6758408Z  Tasks:    5 successful, 5 total
reference	Required workspace and enforcement checks	2026-10-05T10:18:47.6758941Z Cached:    0 cached, 5 total
reference	Required workspace and enforcement checks	2026-10-05T10:18:47.6759451Z   Time:    5.056s 
reference	Required workspace and enforcement checks	2026-10-05T10:18:47.6759651Z 
reference	Required workspace and enforcement checks	2026-10-05T10:18:48.0113500Z bun test v1.4.0 (34cbb9a40)
reference	Required workspace and enforcement checks	2026-10-05T10:18:48.0160225Z 
reference	Required workspace and enforcement checks	2026-10-05T10:18:48.0161937Z ##[group]tests/domain.test.ts:
reference	Required workspace and enforcement checks	2026-10-05T10:18:48.0451474Z (pass) work-item boundary > normalizes a title and rejects empty or oversized input [0.51ms]
reference	Required workspace and enforcement checks	2026-10-05T10:18:48.0471019Z (pass) work-item boundary > rejects malformed host results before they reach presentation [2.03ms]
reference	Required workspace and enforcement checks	2026-10-05T10:18:48.0471558Z 
reference	Required workspace and enforcement checks	2026-10-05T10:18:48.0472331Z ##[endgroup]
reference	Required workspace and enforcement checks	2026-10-05T10:18:48.0472517Z 
reference	Required workspace and enforcement checks	2026-10-05T10:18:48.0472953Z ##[group]tests/proof-policy.test.ts:
reference	Required workspace and enforcement checks	2026-10-05T10:18:48.6321728Z (pass) proof boundary policy > local subprocesses do not inherit deployment or authentication secrets [0.14ms]
reference	Required workspace and enforcement checks	2026-10-05T10:18:48.6322986Z (pass) proof boundary policy > retained logs redact signed tokens and Bearer [REDACTED] [0.20ms]
reference	Required workspace and enforcement checks	2026-10-05T10:18:48.6329927Z (pass) proof boundary policy > external script or stylesheet resources cannot pass packaging proof [0.61ms]
reference	Required workspace and enforcement checks	2026-10-05T10:18:48.6338817Z (pass) proof boundary policy > a malformed DTO cannot become persisted-state evidence [0.91ms]
reference	Required workspace and enforcement checks	2026-10-05T10:18:48.6584487Z (pass) proof boundary policy > status persistence allows mutation latency but a validated mismatch fails deterministically [24.42ms]
reference	Required workspace and enforcement checks	2026-10-05T10:18:48.6604949Z (pass) proof boundary policy > transport and schema errors during status polling cannot become seed observations [2.14ms]
reference	Required workspace and enforcement checks	2026-10-05T10:18:48.6709039Z (pass) proof boundary policy > an in-flight read cannot outlive the polling deadline or become seed evidence [10.43ms]
reference	Required workspace and enforcement checks	2026-10-05T10:18:48.6718479Z (pass) proof boundary policy > an expected Convex ownership denial is accepted, but a backend crash is not [0.93ms]
reference	Required workspace and enforcement checks	2026-10-05T10:18:48.6724882Z (pass) proof boundary policy > MCP isError only counts when it contains the expected application denial [0.64ms]
reference	Required workspace and enforcement checks	2026-10-05T10:18:48.6726308Z (pass) proof boundary policy > malformed MCP arguments require a validation error for the specified tool and field [0.16ms]
reference	Required workspace and enforcement checks	2026-10-05T10:18:48.6732613Z (pass) proof boundary policy > wrong JWT audience evidence requires configured providers, not a bootstrap failure [0.61ms]
reference	Required workspace and enforcement checks	2026-10-05T10:18:48.6734669Z (pass) proof boundary policy > trial event accounting keeps usage and excludes conversation text from action caps [0.18ms]
reference	Required workspace and enforcement checks	2026-10-05T10:18:48.6735155Z 
reference	Required workspace and enforcement checks	2026-10-05T10:18:48.6735653Z ##[endgroup]
reference	Required workspace and enforcement checks	2026-10-05T10:18:48.6735831Z 
reference	Required workspace and enforcement checks	2026-10-05T10:18:48.6736265Z ##[group]tests/provenance.test.ts:
reference	Required workspace and enforcement checks	2026-10-05T10:18:48.6770961Z (pass) source identity changes for untracked inputs but excludes secrets and observations [3.18ms]
reference	Required workspace and enforcement checks	2026-10-05T10:18:48.6771550Z 
reference	Required workspace and enforcement checks	2026-10-05T10:18:48.6771987Z ##[endgroup]
reference	Required workspace and enforcement checks	2026-10-05T10:18:48.6772218Z 
reference	Required workspace and enforcement checks	2026-10-05T10:18:48.6772586Z ##[group]tests/trials.test.ts:
reference	Required workspace and enforcement checks	2026-10-05T10:18:49.1166257Z (pass) independent delivery trial gates > actual Git diff acquisition hashes original stdout bytes and sanitizes source only once [23.55ms]
reference	Required workspace and enforcement checks	2026-10-05T10:18:49.2527210Z (pass) independent delivery trial gates > raw command output separates stderr, redacts failures and enforces its deadline [136.10ms]
reference	Required workspace and enforcement checks	2026-10-05T10:18:49.2532058Z (pass) independent delivery trial gates > source interpolation survives retention while actual credentials stay redacted [0.57ms]
reference	Required workspace and enforcement checks	2026-10-05T10:18:49.5004496Z (pass) independent delivery trial gates > retained foundation source still parses and all recorded hashes match the bytes [245.82ms]
reference	Required workspace and enforcement checks	2026-10-05T10:18:49.5042313Z (pass) independent delivery trial gates > process enumeration failure retains the owned group fallback without claiming detached coverage [0.64ms]
reference	Required workspace and enforcement checks	2026-10-05T10:18:49.5052983Z (pass) independent delivery trial gates > creation sibling evidence is sanitized and byte provenance identifies every transformation [3.52ms]
reference	Required workspace and enforcement checks	2026-10-05T10:18:49.5091587Z (pass) independent delivery trial gates > lifecycle metadata and nested evidence survive both project and creation sibling retention [5.87ms]
reference	Required workspace and enforcement checks	2026-10-05T10:18:49.5192080Z (pass) independent delivery trial gates > binary evidence is omitted honestly while supported image bytes stay exact [7.59ms]
reference	Required workspace and enforcement checks	2026-10-05T10:18:49.5272568Z (pass) independent delivery trial gates > concurrent rounds stay bounded and preserve every round’s stage order [9.99ms]
reference	Required workspace and enforcement checks	2026-10-05T10:18:49.5292263Z (pass) independent delivery trial gates > a failed round prevents new assignments and cleanup waits for every started round [1.65ms]
reference	Required workspace and enforcement checks	2026-10-05T10:18:49.5321962Z (pass) independent delivery trial gates > report writes cannot overlap and later writes recover after a failure [1.51ms]
reference	Required workspace and enforcement checks	2026-10-05T10:18:49.5351927Z (pass) independent delivery trial gates > a green process or a delivery claim cannot substitute for scored review [3.71ms]
reference	Required workspace and enforcement checks	2026-10-05T10:18:49.5382628Z (pass) independent delivery trial gates > failed acceptance, incomplete delivery, and unresolved authorization each prevent pass [0.37ms]
reference	Required workspace and enforcement checks	2026-10-05T10:18:49.5402052Z (pass) independent delivery trial gates > the total threshold cannot hide a zero in proof or scope [0.32ms]
reference	Required workspace and enforcement checks	2026-10-05T10:18:49.5432349Z (pass) independent delivery trial gates > missing or out-of-range scores cannot pass; fewer than two rounds cannot run [0.26ms]
reference	Required workspace and enforcement checks	2026-10-05T10:18:49.5434344Z (pass) independent delivery trial gates > the maintained seed changes persisted status only and requires its running R3 failure [0.98ms]
reference	Required workspace and enforcement checks	2026-10-05T10:18:50.0362889Z (pass) independent delivery trial gates > fresh process accounting retains observed usage and caps a continuing action stream [500.60ms]
reference	Required workspace and enforcement checks	2026-10-05T10:18:50.0363526Z 
reference	Required workspace and enforcement checks	2026-10-05T10:18:50.0364059Z ##[endgroup]
reference	Required workspace and enforcement checks	2026-10-05T10:18:50.0364224Z 
reference	Required workspace and enforcement checks	2026-10-05T10:18:50.0364691Z ##[group]tests/development.test.ts:
reference	Required workspace and enforcement checks	2026-10-05T10:18:50.0395394Z (pass) AI setup observes files created after its initial missing-file check [1.06ms]
reference	Required workspace and enforcement checks	2026-10-05T10:18:50.0408545Z (pass) local startup rejects cloud selection, deploy keys and self-hosted overrides [1.28ms]
reference	Required workspace and enforcement checks	2026-10-05T10:18:50.0423236Z (pass) clients follow the persisted local backend rather than a stale cloud frontend URL [1.50ms]
reference	Required workspace and enforcement checks	2026-10-05T10:18:50.0425103Z (pass) local administrative commands cannot retarget a write or export to cloud [0.22ms]
reference	Required workspace and enforcement checks	2026-10-05T10:18:50.0425810Z 
reference	Required workspace and enforcement checks	2026-10-05T10:18:50.0426459Z ##[endgroup]
reference	Required workspace and enforcement checks	2026-10-05T10:18:50.0426956Z 
reference	Required workspace and enforcement checks	2026-10-05T10:18:50.0427503Z ##[group]tests/setup.test.ts:
reference	Required workspace and enforcement checks	2026-10-05T10:18:50.0467709Z (pass) WorkOS setup is repeatable, preserves local state and refuses to replace another environment [2.47ms]
reference	Required workspace and enforcement checks	2026-10-05T10:18:50.0469020Z (pass) plain HTTP WorkOS resources are limited to the exact local Convex MCP endpoint [0.18ms]
reference	Required workspace and enforcement checks	2026-10-05T10:18:50.0499302Z (pass) MCP OAuth callbacks need a one-use state and cannot reuse another resource session [2.99ms]
reference	Required workspace and enforcement checks	2026-10-05T10:18:50.0499867Z 
reference	Required workspace and enforcement checks	2026-10-05T10:18:50.0500423Z ##[endgroup]
reference	Required workspace and enforcement checks	2026-10-05T10:18:50.0500868Z 
reference	Required workspace and enforcement checks	2026-10-05T10:18:50.0501035Z  39 pass
reference	Required workspace and enforcement checks	2026-10-05T10:18:50.0501300Z  0 fail
reference	Required workspace and enforcement checks	2026-10-05T10:18:50.0501664Z  607 expect() calls
reference	Required workspace and enforcement checks	2026-10-05T10:18:50.0502063Z Ran 39 tests across 6 files. [2.04s]
reference	Required workspace and enforcement checks	2026-10-05T10:18:50.0632645Z $ vite build
reference	Required workspace and enforcement checks	2026-10-05T10:18:50.2674123Z ^[[36mvite v8.3.2 ^[[32mbuilding client environment for production...^[[36m^[[39m
reference	Required workspace and enforcement checks	2026-10-05T10:18:50.2775071Z transforming...
reference	Required workspace and enforcement checks	2026-10-05T10:18:50.4736694Z ✓ 2194 modules transformed.
reference	Required workspace and enforcement checks	2026-10-05T10:18:50.5265081Z rendering chunks...
reference	Required workspace and enforcement checks	2026-10-05T10:18:50.6184787Z computing gzip size...
reference	Required workspace and enforcement checks	2026-10-05T10:18:50.6279700Z dist/index.html                                       0.39 kB │ gzip:   0.26 kB
reference	Required workspace and enforcement checks	2026-10-05T10:18:50.6280729Z dist/assets/inter-latin-wght-normal-Dx4kXJAl.woff2   48.25 kB
reference	Required workspace and enforcement checks	2026-10-05T10:18:50.6281922Z dist/assets/index-D-k704hy.css                       11.55 kB │ gzip:   3.18 kB
reference	Required workspace and enforcement checks	2026-10-05T10:18:50.6282824Z dist/assets/index-Buc8DDD5.js                       569.04 kB │ gzip: 171.66 kB
reference	Required workspace and enforcement checks	2026-10-05T10:18:50.6283218Z 
reference	Required workspace and enforcement checks	2026-10-05T10:18:50.6293994Z ^[[33m[plugin builtin:vite-reporter] 
reference	Required workspace and enforcement checks	2026-10-05T10:18:50.6294865Z (!) Some chunks are larger than 500 kB after minification. Consider:
reference	Required workspace and enforcement checks	2026-10-05T10:18:50.6295662Z - Using dynamic import() to code-split the application
reference	Required workspace and enforcement checks	2026-10-05T10:18:50.6296926Z - Use build.rolldownOptions.output.codeSplitting to improve chunking: https://rolldown.rs/reference/OutputOptions.codeSplitting
reference	Required workspace and enforcement checks	2026-10-05T10:18:50.6298369Z - Adjust chunk size limit for this warning via build.chunkSizeWarningLimit.^[[39m
reference	Required workspace and enforcement checks	2026-10-05T10:18:50.6313953Z ^[[32m✓ built in 363ms^[[39m
reference	Required workspace and enforcement checks	2026-10-05T10:18:50.6498858Z $ storybook build
reference	Required workspace and enforcement checks	2026-10-05T10:18:51.0802039Z 
reference	Required workspace and enforcement checks	2026-10-05T10:18:51.0814969Z ^[[90m┌^[[39m  Building storybook v10.6.1
reference	Required workspace and enforcement checks	2026-10-05T10:18:51.2648950Z ^[[90m│^[[39m
reference	Required workspace and enforcement checks	2026-10-05T10:18:51.2649837Z ^[[32m◇^[[39m  Cleaning outputDir: ^[[36mstorybook-static^[[39m
reference	Required workspace and enforcement checks	2026-10-05T10:18:51.2872449Z ^[[90m│^[[39m
reference	Required workspace and enforcement checks	2026-10-05T10:18:51.2878662Z ^[[32m◇^[[39m  Loading presets
reference	Required workspace and enforcement checks	2026-10-05T10:18:51.5968643Z ^[[90m│^[[39m
reference	Required workspace and enforcement checks	2026-10-05T10:18:51.5969371Z ^[[32m◇^[[39m  Building manager..
reference	Required workspace and enforcement checks	2026-10-05T10:18:51.7324214Z ^[[90m│^[[39m
reference	Required workspace and enforcement checks	2026-10-05T10:18:51.7325156Z ^[[34m●^[[39m  Building open services..
reference	Required workspace and enforcement checks	2026-10-05T10:18:51.7329181Z ^[[90m│^[[39m
reference	Required workspace and enforcement checks	2026-10-05T10:18:51.7329818Z ^[[34m●^[[39m  Building preview..
reference	Required workspace and enforcement checks	2026-10-05T10:18:51.7841448Z ^[[90m│^[[39m  ^[[43mVite^[[49m ^[[36mvite v8.3.2 ^[[32mbuilding client environment for production...^[[36m^[[39m
reference	Required workspace and enforcement checks	2026-10-05T10:18:51.8576879Z transforming...
reference	Required workspace and enforcement checks	2026-10-05T10:18:52.7732828Z ✓ 1926 modules transformed.
reference	Required workspace and enforcement checks	2026-10-05T10:18:52.8745673Z rendering chunks...
reference	Required workspace and enforcement checks	2026-10-05T10:18:53.0672360Z computing gzip size...
reference	Required workspace and enforcement checks	2026-10-05T10:18:53.0891560Z ^[[90m│^[[39m  ^[[43mVite^[[49m storybook-static/iframe.html
reference	Required workspace and enforcement checks	2026-10-05T10:18:53.0892716Z ^[[90m│^[[39m  18.43 kB │ gzip:   5.21 kB
reference	Required workspace and enforcement checks	2026-10-05T10:18:53.0893614Z ^[[90m│^[[39m  storybook-static/assets/inter-latin-wght-normal-Dx4kXJAl.woff2
reference	Required workspace and enforcement checks	2026-10-05T10:18:53.0894494Z ^[[90m│^[[39m  48.25 kB
reference	Required workspace and enforcement checks	2026-10-05T10:18:53.0895390Z ^[[90m│^[[39m  storybook-static/assets/styles-B0G18e9z.css
reference	Required workspace and enforcement checks	2026-10-05T10:18:53.0896097Z ^[[90m│^[[39m  11.55 kB │ gzip:   3.17 kB
reference	Required workspace and enforcement checks	2026-10-05T10:18:53.0896962Z ^[[90m│^[[39m  storybook-static/assets/iframe-Ck7T_S8b.js
reference	Required workspace and enforcement checks	2026-10-05T10:18:53.0897702Z ^[[90m│^[[39m  0.04 kB │ gzip:   0.06 kB
reference	Required workspace and enforcement checks	2026-10-05T10:18:53.0898549Z ^[[90m│^[[39m  storybook-static/assets/WorkItemList.stories-C0DqzlJT.js
reference	Required workspace and enforcement checks	2026-10-05T10:18:53.0899373Z ^[[90m│^[[39m  0.62 kB │ gzip:   0.41 kB
reference	Required workspace and enforcement checks	2026-10-05T10:18:53.0900161Z ^[[90m│^[[39m  storybook-static/assets/rolldown-runtime-DkW27tQK.js
reference	Required workspace and enforcement checks	2026-10-05T10:18:53.0901206Z ^[[90m│^[[39m  1.19 kB │ gzip:   0.67 kB
reference	Required workspace and enforcement checks	2026-10-05T10:18:53.0902513Z ^[[90m│^[[39m  storybook-static/assets/Workspace.stories-BXPKdrAI.js
reference	Required workspace and enforcement checks	2026-10-05T10:18:53.0903349Z ^[[90m│^[[39m  2.20 kB │ gzip:   1.08 kB
reference	Required workspace and enforcement checks	2026-10-05T10:18:53.0904105Z ^[[90m│^[[39m  storybook-static/assets/styles-D7joA_Sp.js
reference	Required workspace and enforcement checks	2026-10-05T10:18:53.0904962Z ^[[90m│^[[39m  40.20 kB │ gzip:  13.54 kB
reference	Required workspace and enforcement checks	2026-10-05T10:18:53.0905727Z ^[[90m│^[[39m  storybook-static/assets/react-18-DV84tAQM.js
reference	Required workspace and enforcement checks	2026-10-05T10:18:53.0906405Z ^[[90m│^[[39m  211.37 kB │ gzip:  66.03 kB
reference	Required workspace and enforcement checks	2026-10-05T10:18:53.0907188Z ^[[90m│^[[39m  storybook-static/assets/iframe-CK-8pF0S.js
reference	Required workspace and enforcement checks	2026-10-05T10:18:53.0907962Z ^[[90m│^[[39m  1,124.83 kB │ gzip: 319.28 kB
reference	Required workspace and enforcement checks	2026-10-05T10:18:53.0908319Z 
reference	Required workspace and enforcement checks	2026-10-05T10:18:53.0917023Z ^[[90m│^[[39m
reference	Required workspace and enforcement checks	2026-10-05T10:18:53.0918431Z ^[[33m▲^[[39m  ^[[43mVite^[[49m ^[[33m^[[33m[MODULE_LEVEL_DIRECTIVE] ^[[0mThe semantics of the module level
reference	Required workspace and enforcement checks	2026-10-05T10:18:53.0919759Z ^[[90m│^[[39m  directive "use client" in
reference	Required workspace and enforcement checks	2026-10-05T10:18:53.0921335Z ^[[90m│^[[39m  "../../node_modules/.bun/lucide-react@1.52.0+0ac650c021fb1b59/node_modules/lucide-react/dist/esm/Icon.mjs"
reference	Required workspace and enforcement checks	2026-10-05T10:18:53.0922686Z ^[[90m│^[[39m  may not be preserved when bundling.
reference	Required workspace and enforcement checks	2026-10-05T10:18:53.0923714Z ^[[90m│^[[39m  ^[[38;5;246m╭^[[0m^[[38;5;246m─^[[0m^[[38;5;246m[^[[0m
reference	Required workspace and enforcement checks	2026-10-05T10:18:53.0925088Z ^[[90m│^[[39m  ../../node_modules/.bun/lucide-react@1.52.0+0ac650c021fb1b59/node_modules/lucide-react/dist/esm/Icon.mjs:2:1
reference	Required workspace and enforcement checks	2026-10-05T10:18:53.0926254Z ^[[90m│^[[39m  ^[[38;5;246m]^[[0m
reference	Required workspace and enforcement checks	2026-10-05T10:18:53.0926890Z ^[[90m│^[[39m  ^[[38;5;246m│^[[0m
reference	Required workspace and enforcement checks	2026-10-05T10:18:53.0928518Z ^[[90m│^[[39m  ^[[38;5;246m2 │^[[0m "use client";
reference	Required workspace and enforcement checks	2026-10-05T10:18:53.0929515Z ^[[90m│^[[39m  ^[[38;5;240m│^[[0m ──────┬──────
reference	Required workspace and enforcement checks	2026-10-05T10:18:53.0930582Z ^[[90m│^[[39m  ^[[38;5;240m│^[[0m       ╰──────── module level directive may not be preserved
reference	Required workspace and enforcement checks	2026-10-05T10:18:53.0931460Z ^[[90m│^[[39m  ^[[38;5;240m│^[[0m
reference	Required workspace and enforcement checks	2026-10-05T10:18:53.0932924Z ^[[90m│^[[39m  ^[[38;5;240m│^[[0m ^[[38;5;115mHelp^[[0m: For more information, see ^[]8;;https://rolldown.rs/in-depth/directives#other-directives^Ghttps://rolldown.rs/in-depth/d...^[]8;;^G
reference	Required workspace and enforcement checks	2026-10-05T10:18:53.0934041Z ^[[90m│^[[39m  ^[[38;5;246m───╯^[[0m
reference	Required workspace and enforcement checks	2026-10-05T10:18:53.0934461Z ^[[90m│^[[39m  ^[[39m
reference	Required workspace and enforcement checks	2026-10-05T10:18:53.0934807Z ^[[90m│^[[39m
reference	Required workspace and enforcement checks	2026-10-05T10:18:53.0935331Z ^[[33m▲^[[39m  ^[[43mVite^[[49m ^[[33m[plugin builtin:vite-reporter]
reference	Required workspace and enforcement checks	2026-10-05T10:18:53.0936034Z ^[[90m│^[[39m  (!) Some chunks are larger than 500 kB after minification. Consider:
reference	Required workspace and enforcement checks	2026-10-05T10:18:53.0936718Z ^[[90m│^[[39m  - Using dynamic import() to code-split the application
reference	Required workspace and enforcement checks	2026-10-05T10:18:53.0937410Z ^[[90m│^[[39m  - Use build.rolldownOptions.output.codeSplitting to improve chunking:
reference	Required workspace and enforcement checks	2026-10-05T10:18:53.0938792Z ^[[90m│^[[39m  ^[]8;;https://rolldown.rs/reference/OutputOptions.codeSplitting^Ghttps://rolldown.rs/reference/OutputOptions.codeSplitting^[]8;;^G
reference	Required workspace and enforcement checks	2026-10-05T10:18:53.0939776Z ^[[90m│^[[39m  - Adjust chunk size limit for this warning via
reference	Required workspace and enforcement checks	2026-10-05T10:18:53.0940365Z ^[[90m│^[[39m  build.chunkSizeWarningLimit.^[[39m
reference	Required workspace and enforcement checks	2026-10-05T10:18:53.0941014Z ^[[90m│^[[39m
reference	Required workspace and enforcement checks	2026-10-05T10:18:53.0941618Z ^[[33m▲^[[39m  ^[[43mVite^[[49m ^[[33m^[[33m[MODULE_LEVEL_DIRECTIVE] ^[[0mThe semantics of the module level
reference	Required workspace and enforcement checks	2026-10-05T10:18:53.0942317Z ^[[90m│^[[39m  directive "use client" in
reference	Required workspace and enforcement checks	2026-10-05T10:18:53.0943107Z ^[[90m│^[[39m  "../../node_modules/.bun/lucide-react@1.52.0+0ac650c021fb1b59/node_modules/lucide-react/dist/esm/context.mjs"
reference	Required workspace and enforcement checks	2026-10-05T10:18:53.0943827Z ^[[90m│^[[39m  may not be preserved when bundling.
reference	Required workspace and enforcement checks	2026-10-05T10:18:53.0944401Z ^[[90m│^[[39m  ^[[38;5;246m╭^[[0m^[[38;5;246m─^[[0m^[[38;5;246m[^[[0m
reference	Required workspace and enforcement checks	2026-10-05T10:18:53.0945215Z ^[[90m│^[[39m  ../../node_modules/.bun/lucide-react@1.52.0+0ac650c021fb1b59/node_modules/lucide-react/dist/esm/context.mjs:2:1
reference	Required workspace and enforcement checks	2026-10-05T10:18:53.0945871Z ^[[90m│^[[39m  ^[[38;5;246m]^[[0m
reference	Required workspace and enforcement checks	2026-10-05T10:18:53.0946260Z ^[[90m│^[[39m  ^[[38;5;246m│^[[0m
reference	Required workspace and enforcement checks	2026-10-05T10:18:53.0946704Z ^[[90m│^[[39m  ^[[38;5;246m2 │^[[0m "use client";
reference	Required workspace and enforcement checks	2026-10-05T10:18:53.0947161Z ^[[90m│^[[39m  ^[[38;5;240m│^[[0m ──────┬──────
reference	Required workspace and enforcement checks	2026-10-05T10:18:53.0947818Z ^[[90m│^[[39m  ^[[38;5;240m│^[[0m       ╰──────── module level directive may not be preserved
reference	Required workspace and enforcement checks	2026-10-05T10:18:53.0948353Z ^[[90m│^[[39m  ^[[38;5;240m│^[[0m
reference	Required workspace and enforcement checks	2026-10-05T10:18:53.0949481Z ^[[90m│^[[39m  ^[[38;5;240m│^[[0m ^[[38;5;115mHelp^[[0m: For more information, see ^[]8;;https://rolldown.rs/in-depth/directives#other-directives^Ghttps://rolldown.rs/in-depth/d...^[]8;;^G
reference	Required workspace and enforcement checks	2026-10-05T10:18:53.0950337Z ^[[90m│^[[39m  ^[[38;5;246m───╯^[[0m
reference	Required workspace and enforcement checks	2026-10-05T10:18:53.0951138Z ^[[90m│^[[39m  ^[[39m
reference	Required workspace and enforcement checks	2026-10-05T10:18:53.0958173Z ^[[90m│^[[39m  ^[[43mVite^[[49m ^[[32m✓ built in 1.31s^[[39m
reference	Required workspace and enforcement checks	2026-10-05T10:18:53.0978286Z ^[[90m│^[[39m
reference	Required workspace and enforcement checks	2026-10-05T10:18:53.0979070Z ^[[34m●^[[39m  Storybook collects completely anonymous usage telemetry. We use it to
reference	Required workspace and enforcement checks	2026-10-05T10:18:53.0979844Z ^[[90m│^[[39m  shape Storybook's roadmap and prioritize features. You can learn more,
reference	Required workspace and enforcement checks	2026-10-05T10:18:53.0981168Z ^[[90m│^[[39m  including how to opt out, at ^[]8;;https://storybook.js.org/telemetry^Ghttps://storybook.js.org/telemetry^[]8;;^G
reference	Required workspace and enforcement checks	2026-10-05T10:18:53.2932462Z ^[[90m│^[[39m
reference	Required workspace and enforcement checks	2026-10-05T10:18:53.2933029Z ^[[32m◇^[[39m  Output directory:
reference	Required workspace and enforcement checks	2026-10-05T10:18:53.2934073Z ^[[90m│^[[39m  /home/runner/work/_temp/astack-foundation/packages/ui/storybook-static
reference	Required workspace and enforcement checks	2026-10-05T10:18:53.2934949Z ^[[90m│^[[39m
reference	Required workspace and enforcement checks	2026-10-05T10:18:53.2935625Z ^[[90m└^[[39m  Storybook build completed successfully
reference	Required workspace and enforcement checks	2026-10-05T10:18:53.2936011Z 
reference	Required workspace and enforcement checks	2026-10-05T10:18:53.3311798Z {"mode":"ci","elapsedMs":27220,"outcome":"pass"}
reference	Required workspace and enforcement checks	2026-10-05T10:18:53.3358179Z $ bun scripts/enforcement.ts
reference	Required workspace and enforcement checks	2026-10-05T10:19:32.6834059Z {
reference	Required workspace and enforcement checks	2026-10-05T10:19:32.6835797Z   "outcome": "pass",
reference	Required workspace and enforcement checks	2026-10-05T10:19:32.6838172Z   "results": [
reference	Required workspace and enforcement checks	2026-10-05T10:19:32.6838809Z     {
reference	Required workspace and enforcement checks	2026-10-05T10:19:32.6839582Z       "case": "valid composition (cold)",
reference	Required workspace and enforcement checks	2026-10-05T10:19:32.6840256Z       "outcome": "pass",
reference	Required workspace and enforcement checks	2026-10-05T10:19:32.6840889Z       "elapsedMs": 2863,
reference	Required workspace and enforcement checks	2026-10-05T10:19:32.6841372Z       "rules": []
reference	Required workspace and enforcement checks	2026-10-05T10:19:32.6841841Z     },
reference	Required workspace and enforcement checks	2026-10-05T10:19:32.6842211Z     {
reference	Required workspace and enforcement checks	2026-10-05T10:19:32.6842678Z       "case": "valid composition (warm)",
reference	Required workspace and enforcement checks	2026-10-05T10:19:32.6843236Z       "outcome": "pass",
reference	Required workspace and enforcement checks	2026-10-05T10:19:32.6843564Z       "elapsedMs": 2873,
reference	Required workspace and enforcement checks	2026-10-05T10:19:32.6843921Z       "rules": []
reference	Required workspace and enforcement checks	2026-10-05T10:19:32.6844550Z     },
reference	Required workspace and enforcement checks	2026-10-05T10:19:32.6844846Z     {
reference	Required workspace and enforcement checks	2026-10-05T10:19:32.6845217Z       "case": "unowned promise",
reference	Required workspace and enforcement checks	2026-10-05T10:19:32.6845601Z       "outcome": "pass",
reference	Required workspace and enforcement checks	2026-10-05T10:19:32.6845925Z       "elapsedMs": 2623,
reference	Required workspace and enforcement checks	2026-10-05T10:19:32.6846243Z       "rules": [
reference	Required workspace and enforcement checks	2026-10-05T10:19:32.6846659Z         "@typescript-eslint/no-floating-promises"
reference	Required workspace and enforcement checks	2026-10-05T10:19:32.6847127Z       ]
reference	Required workspace and enforcement checks	2026-10-05T10:19:32.6847443Z     },
reference	Required workspace and enforcement checks	2026-10-05T10:19:32.6847724Z     {
reference	Required workspace and enforcement checks	2026-10-05T10:19:32.6848070Z       "case": "unsafe unknown boundary",
reference	Required workspace and enforcement checks	2026-10-05T10:19:32.6848497Z       "outcome": "pass",
reference	Required workspace and enforcement checks	2026-10-05T10:19:32.6848815Z       "elapsedMs": 2657,
reference	Required workspace and enforcement checks	2026-10-05T10:19:32.6849644Z       "rules": [
reference	Required workspace and enforcement checks	2026-10-05T10:19:32.6850186Z         "@typescript-eslint/no-explicit-any",
reference	Required workspace and enforcement checks	2026-10-05T10:19:32.6850913Z         "@typescript-eslint/no-unsafe-return",
reference	Required workspace and enforcement checks	2026-10-05T10:19:32.6851687Z         "@typescript-eslint/no-unsafe-member-access"
reference	Required workspace and enforcement checks	2026-10-05T10:19:32.6852220Z       ]
reference	Required workspace and enforcement checks	2026-10-05T10:19:32.6852583Z     },
reference	Required workspace and enforcement checks	2026-10-05T10:19:32.6852971Z     {
reference	Required workspace and enforcement checks	2026-10-05T10:19:32.6853440Z       "case": "missing accessible name",
reference	Required workspace and enforcement checks	2026-10-05T10:19:32.6854040Z       "outcome": "pass",
reference	Required workspace and enforcement checks	2026-10-05T10:19:32.6854514Z       "elapsedMs": 2858,
reference	Required workspace and enforcement checks	2026-10-05T10:19:32.6855034Z       "rules": [
reference	Required workspace and enforcement checks	2026-10-05T10:19:32.6855351Z         "jsx-a11y/alt-text"
reference	Required workspace and enforcement checks	2026-10-05T10:19:32.6855717Z       ]
reference	Required workspace and enforcement checks	2026-10-05T10:19:32.6856049Z     },
reference	Required workspace and enforcement checks	2026-10-05T10:19:32.6856316Z     {
reference	Required workspace and enforcement checks	2026-10-05T10:19:32.6856702Z       "case": "invalid hook call",
reference	Required workspace and enforcement checks	2026-10-05T10:19:32.6857368Z       "outcome": "pass",
reference	Required workspace and enforcement checks	2026-10-05T10:19:32.6857795Z       "elapsedMs": 2853,
reference	Required workspace and enforcement checks	2026-10-05T10:19:32.6858250Z       "rules": [
reference	Required workspace and enforcement checks	2026-10-05T10:19:32.6858758Z         "react-hooks/rules-of-hooks"
reference	Required workspace and enforcement checks	2026-10-05T10:19:32.6859302Z       ]
reference	Required workspace and enforcement checks	2026-10-05T10:19:32.6859745Z     },
reference	Required workspace and enforcement checks	2026-10-05T10:19:32.6860200Z     {
reference	Required workspace and enforcement checks	2026-10-05T10:19:32.6861102Z       "case": "portable public backend import",
reference	Required workspace and enforcement checks	2026-10-05T10:19:32.6861660Z       "outcome": "pass",
reference	Required workspace and enforcement checks	2026-10-05T10:19:32.6862104Z       "elapsedMs": 2780,
reference	Required workspace and enforcement checks	2026-10-05T10:19:32.6862509Z       "rules": [
reference	Required workspace and enforcement checks	2026-10-05T10:19:32.6862871Z         "foundation/portable-ui"
reference	Required workspace and enforcement checks	2026-10-05T10:19:32.6863427Z       ]
reference	Required workspace and enforcement checks	2026-10-05T10:19:32.6863759Z     },
reference	Required workspace and enforcement checks	2026-10-05T10:19:32.6864204Z     {
reference	Required workspace and enforcement checks	2026-10-05T10:19:32.6864731Z       "case": "portable relative backend import",
reference	Required workspace and enforcement checks	2026-10-05T10:19:32.6865173Z       "outcome": "pass",
reference	Required workspace and enforcement checks	2026-10-05T10:19:32.6865530Z       "elapsedMs": 2644,
reference	Required workspace and enforcement checks	2026-10-05T10:19:32.6865857Z       "rules": [
reference	Required workspace and enforcement checks	2026-10-05T10:19:32.6866267Z         "foundation/portable-ui"
reference	Required workspace and enforcement checks	2026-10-05T10:19:32.6866620Z       ]
reference	Required workspace and enforcement checks	2026-10-05T10:19:32.6866900Z     },
reference	Required workspace and enforcement checks	2026-10-05T10:19:32.6867223Z     {
reference	Required workspace and enforcement checks	2026-10-05T10:19:32.6867568Z       "case": "Node builtin without node prefix",
reference	Required workspace and enforcement checks	2026-10-05T10:19:32.6867997Z       "outcome": "pass",
reference	Required workspace and enforcement checks	2026-10-05T10:19:32.6868338Z       "elapsedMs": 2638,
reference	Required workspace and enforcement checks	2026-10-05T10:19:32.6868684Z       "rules": [
reference	Required workspace and enforcement checks	2026-10-05T10:19:32.6869067Z         "foundation/portable-ui"
reference	Required workspace and enforcement checks	2026-10-05T10:19:32.6869426Z       ]
reference	Required workspace and enforcement checks	2026-10-05T10:19:32.6869759Z     },
reference	Required workspace and enforcement checks	2026-10-05T10:19:32.6870041Z     {
reference	Required workspace and enforcement checks	2026-10-05T10:19:32.6870347Z       "case": "global network alias",
reference	Required workspace and enforcement checks	2026-10-05T10:19:32.6870963Z       "outcome": "pass",
reference	Required workspace and enforcement checks	2026-10-05T10:19:32.6871317Z       "elapsedMs": 2664,
reference	Required workspace and enforcement checks	2026-10-05T10:19:32.6871641Z       "rules": [
reference	Required workspace and enforcement checks	2026-10-05T10:19:32.6872029Z         "foundation/portable-ui"
reference	Required workspace and enforcement checks	2026-10-05T10:19:32.6872581Z       ]
reference	Required workspace and enforcement checks	2026-10-05T10:19:32.6872859Z     },
reference	Required workspace and enforcement checks	2026-10-05T10:19:32.6873144Z     {
reference	Required workspace and enforcement checks	2026-10-05T10:19:32.6873510Z       "case": "domain React dependency",
reference	Required workspace and enforcement checks	2026-10-05T10:19:32.6873872Z       "outcome": "pass",
reference	Required workspace and enforcement checks	2026-10-05T10:19:32.6874189Z       "elapsedMs": 1571,
reference	Required workspace and enforcement checks	2026-10-05T10:19:32.6874564Z       "rules": [
reference	Required workspace and enforcement checks	2026-10-05T10:19:32.6874911Z         "foundation/portable-ui"
reference	Required workspace and enforcement checks	2026-10-05T10:19:32.6875346Z       ]
reference	Required workspace and enforcement checks	2026-10-05T10:19:32.6875643Z     },
reference	Required workspace and enforcement checks	2026-10-05T10:19:32.6875923Z     {
reference	Required workspace and enforcement checks	2026-10-05T10:19:32.6876271Z       "case": "domain presentation dependency",
reference	Required workspace and enforcement checks	2026-10-05T10:19:32.6876674Z       "outcome": "pass",
reference	Required workspace and enforcement checks	2026-10-05T10:19:32.6876992Z       "elapsedMs": 1748,
reference	Required workspace and enforcement checks	2026-10-05T10:19:32.6877293Z       "rules": [
reference	Required workspace and enforcement checks	2026-10-05T10:19:32.6877649Z         "foundation/portable-ui"
reference	Required workspace and enforcement checks	2026-10-05T10:19:32.6878119Z       ]
reference	Required workspace and enforcement checks	2026-10-05T10:19:32.6878395Z     },
reference	Required workspace and enforcement checks	2026-10-05T10:19:32.6879812Z     {
reference	Required workspace and enforcement checks	2026-10-05T10:19:32.6880158Z       "case": "domain browser capability",
reference	Required workspace and enforcement checks	2026-10-05T10:19:32.6880723Z       "outcome": "pass",
reference	Required workspace and enforcement checks	2026-10-05T10:19:32.6881142Z       "elapsedMs": 1614,
reference	Required workspace and enforcement checks	2026-10-05T10:19:32.6881506Z       "rules": [
reference	Required workspace and enforcement checks	2026-10-05T10:19:32.6881826Z         "no-restricted-globals"
reference	Required workspace and enforcement checks	2026-10-05T10:19:32.6882154Z       ]
reference	Required workspace and enforcement checks	2026-10-05T10:19:32.6882506Z     },
reference	Required workspace and enforcement checks	2026-10-05T10:19:32.6882768Z     {
reference	Required workspace and enforcement checks	2026-10-05T10:19:32.6883100Z       "case": "domain TSX window capability",
reference	Required workspace and enforcement checks	2026-10-05T10:19:32.6883495Z       "outcome": "pass",
reference	Required workspace and enforcement checks	2026-10-05T10:19:32.6883802Z       "elapsedMs": 1957,
reference	Required workspace and enforcement checks	2026-10-05T10:19:32.6884135Z       "rules": [
reference	Required workspace and enforcement checks	2026-10-05T10:19:32.6884453Z         "no-restricted-globals"
reference	Required workspace and enforcement checks	2026-10-05T10:19:32.6884833Z       ]
reference	Required workspace and enforcement checks	2026-10-05T10:19:32.6885092Z     },
reference	Required workspace and enforcement checks	2026-10-05T10:19:32.6885367Z     {
reference	Required workspace and enforcement checks	2026-10-05T10:19:32.6885741Z       "case": "domain TSX document capability",
reference	Required workspace and enforcement checks	2026-10-05T10:19:32.6886099Z       "outcome": "pass",
reference	Required workspace and enforcement checks	2026-10-05T10:19:32.6886448Z       "elapsedMs": 1661,
reference	Required workspace and enforcement checks	2026-10-05T10:19:32.6886799Z       "rules": [
reference	Required workspace and enforcement checks	2026-10-05T10:19:32.6887162Z         "no-restricted-globals"
reference	Required workspace and enforcement checks	2026-10-05T10:19:32.6887490Z       ]
reference	Required workspace and enforcement checks	2026-10-05T10:19:32.6887796Z     },
reference	Required workspace and enforcement checks	2026-10-05T10:19:32.6888070Z     {
reference	Required workspace and enforcement checks	2026-10-05T10:19:32.6888405Z       "case": "portable configured alias bypass",
reference	Required workspace and enforcement checks	2026-10-05T10:19:32.6888856Z       "outcome": "pass",
reference	Required workspace and enforcement checks	2026-10-05T10:19:32.6889173Z       "elapsedMs": 2703,
reference	Required workspace and enforcement checks	2026-10-05T10:19:32.6889490Z       "rules": [
reference	Required workspace and enforcement checks	2026-10-05T10:19:32.6889824Z         "foundation/portable-ui"
reference	Required workspace and enforcement checks	2026-10-05T10:19:32.6890193Z       ]
reference	Required workspace and enforcement checks	2026-10-05T10:19:32.6890837Z     },
reference	Required workspace and enforcement checks	2026-10-05T10:19:32.6891215Z     {
reference	Required workspace and enforcement checks	2026-10-05T10:19:32.6891600Z       "case": "strict compiler detects invalid assignment",
reference	Required workspace and enforcement checks	2026-10-05T10:19:32.6892030Z       "outcome": "pass",
reference	Required workspace and enforcement checks	2026-10-05T10:19:32.6892377Z       "elapsedMs": 281,
reference	Required workspace and enforcement checks	2026-10-05T10:19:32.6892690Z       "rules": [
reference	Required workspace and enforcement checks	2026-10-05T10:19:32.6892971Z         "TS2322"
reference	Required workspace and enforcement checks	2026-10-05T10:19:32.6893294Z       ]
reference	Required workspace and enforcement checks	2026-10-05T10:19:32.6893593Z     }
reference	Required workspace and enforcement checks	2026-10-05T10:19:32.6893857Z   ]
reference	Required workspace and enforcement checks	2026-10-05T10:19:32.6894303Z }
reference	Real backend, browser and MCP readiness	﻿2026-10-05T10:19:32.6931573Z ##[group]Run cd "$RUNNER_TEMP/astack-foundation"
reference	Real backend, browser and MCP readiness	2026-10-05T10:19:32.6932098Z ^[[36;1mcd "$RUNNER_TEMP/astack-foundation"^[[0m
reference	Real backend, browser and MCP readiness	2026-10-05T10:19:32.6932476Z ^[[36;1mbun run readiness^[[0m
reference	Real backend, browser and MCP readiness	2026-10-05T10:19:32.6973736Z shell: /usr/bin/bash -e {0}
reference	Real backend, browser and MCP readiness	2026-10-05T10:19:32.6974146Z ##[endgroup]
reference	Real backend, browser and MCP readiness	2026-10-05T10:19:32.7061999Z $ bun scripts/readiness.ts
reference	Real backend, browser and MCP readiness	2026-10-05T10:19:49.6903649Z {
reference	Real backend, browser and MCP readiness	2026-10-05T10:19:49.6904383Z   "format": "astack-foundation-readiness/v1",
reference	Real backend, browser and MCP readiness	2026-10-05T10:19:49.6905391Z   "startedAt": "2026-10-05T10:19:33.106Z",
reference	Real backend, browser and MCP readiness	2026-10-05T10:19:49.6905985Z   "finishedAt": "2026-10-05T10:19:49.689Z",
reference	Real backend, browser and MCP readiness	2026-10-05T10:19:49.6906994Z   "revision": "unversioned@sha256-a4077030b137e23c7233861457d148245c9b867ba270a698d43523d5dabba6d0",
reference	Real backend, browser and MCP readiness	2026-10-05T10:19:49.6907890Z   "taskProfile": "baseline",
reference	Real backend, browser and MCP readiness	2026-10-05T10:19:49.6908433Z   "outcome": "pass",
reference	Real backend, browser and MCP readiness	2026-10-05T10:19:49.6908918Z   "environment": {
reference	Real backend, browser and MCP readiness	2026-10-05T10:19:49.6909414Z     "kind": "disposable local Convex + Vite + Chromium",
reference	Real backend, browser and MCP readiness	2026-10-05T10:19:49.6910281Z     "buildId": "unversioned@sha256-a4077030b137e23c7233861457d148245c9b867ba270a698d43523d5dabba6d0",
reference	Real backend, browser and MCP readiness	2026-10-05T10:19:49.6913962Z     "web": "http://127.0.0.1:34887",
reference	Real backend, browser and MCP readiness	2026-10-05T10:19:49.6914609Z     "convex": "http://127.0.0.1:44837",
reference	Real backend, browser and MCP readiness	2026-10-05T10:19:49.6915113Z     "mcp": "http://127.0.0.1:38443/mcp",
reference	Real backend, browser and MCP readiness	2026-10-05T10:19:49.6915614Z     "actors": "proof-owner-a, proof-owner-b",
reference	Real backend, browser and MCP readiness	2026-10-05T10:19:49.6916510Z     "credentialPolicy": "Ephemeral signed RS256 JWTs; no token or private key written to evidence"
reference	Real backend, browser and MCP readiness	2026-10-05T10:19:49.6917166Z   },
reference	Real backend, browser and MCP readiness	2026-10-05T10:19:49.6917472Z   "checks": [
reference	Real backend, browser and MCP readiness	2026-10-05T10:19:49.6917787Z     {
reference	Real backend, browser and MCP readiness	2026-10-05T10:19:49.6918113Z       "id": "R1",
reference	Real backend, browser and MCP readiness	2026-10-05T10:19:49.6918570Z       "surface": "identity",
reference	Real backend, browser and MCP readiness	2026-10-05T10:19:49.6918961Z       "outcome": "pass",
reference	Real backend, browser and MCP readiness	2026-10-05T10:19:49.6919719Z       "observation": "Running backend health and web identify this revision and local proof environment."
reference	Real backend, browser and MCP readiness	2026-10-05T10:19:49.6920398Z     },
reference	Real backend, browser and MCP readiness	2026-10-05T10:19:49.6920942Z     {
reference	Real backend, browser and MCP readiness	2026-10-05T10:19:49.6921337Z       "id": "R2",
reference	Real backend, browser and MCP readiness	2026-10-05T10:19:49.6922173Z       "surface": "web → persistence",
reference	Real backend, browser and MCP readiness	2026-10-05T10:19:49.6922673Z       "outcome": "pass",
reference	Real backend, browser and MCP readiness	2026-10-05T10:19:49.6923398Z       "observation": "Creating through the web is visible in a fresh authenticated Convex read."
reference	Real backend, browser and MCP readiness	2026-10-05T10:19:49.6924094Z     },
reference	Real backend, browser and MCP readiness	2026-10-05T10:19:49.6924453Z     {
reference	Real backend, browser and MCP readiness	2026-10-05T10:19:49.6924833Z       "id": "R3",
reference	Real backend, browser and MCP readiness	2026-10-05T10:19:49.6925387Z       "surface": "web ↔ MCP status persistence",
reference	Real backend, browser and MCP readiness	2026-10-05T10:19:49.6925885Z       "outcome": "pass",
reference	Real backend, browser and MCP readiness	2026-10-05T10:19:49.6927055Z       "observation": "Web done/reopen actions survive independent reads; MCP observes reopened status, and MCP done survives a web reload."
reference	Real backend, browser and MCP readiness	2026-10-05T10:19:49.6927988Z     },
reference	Real backend, browser and MCP readiness	2026-10-05T10:19:49.6928330Z     {
reference	Real backend, browser and MCP readiness	2026-10-05T10:19:49.6928747Z       "id": "R4",
reference	Real backend, browser and MCP readiness	2026-10-05T10:19:49.6929323Z       "surface": "authorization",
reference	Real backend, browser and MCP readiness	2026-10-05T10:19:49.6929882Z       "outcome": "pass",
reference	Real backend, browser and MCP readiness	2026-10-05T10:19:49.6931313Z       "observation": "Another signed user cannot read or mutate the first user’s item through Convex or MCP."
reference	Real backend, browser and MCP readiness	2026-10-05T10:19:49.6932122Z     },
reference	Real backend, browser and MCP readiness	2026-10-05T10:19:49.6932467Z     {
reference	Real backend, browser and MCP readiness	2026-10-05T10:19:49.6932857Z       "id": "R5",
reference	Real backend, browser and MCP readiness	2026-10-05T10:19:49.6933320Z       "surface": "authentication",
reference	Real backend, browser and MCP readiness	2026-10-05T10:19:49.6933780Z       "outcome": "pass",
reference	Real backend, browser and MCP readiness	2026-10-05T10:19:49.6934817Z       "observation": "MCP denies anonymous, web-audience, wrong-audience and expired credentials; Convex denies anonymous/wrong-audience reads."
reference	Real backend, browser and MCP readiness	2026-10-05T10:19:49.6935658Z     },
reference	Real backend, browser and MCP readiness	2026-10-05T10:19:49.6936011Z     {
reference	Real backend, browser and MCP readiness	2026-10-05T10:19:49.6936428Z       "id": "R6",
reference	Real backend, browser and MCP readiness	2026-10-05T10:19:49.6936815Z       "surface": "MCP contracts",
reference	Real backend, browser and MCP readiness	2026-10-05T10:19:49.6937294Z       "outcome": "pass",
reference	Real backend, browser and MCP readiness	2026-10-05T10:19:49.6938198Z       "observation": "Malformed status arguments are rejected and the UI resource contains its required JS/CSS."
reference	Real backend, browser and MCP readiness	2026-10-05T10:19:49.6939033Z     },
reference	Real backend, browser and MCP readiness	2026-10-05T10:19:49.6939367Z     {
reference	Real backend, browser and MCP readiness	2026-10-05T10:19:49.6939757Z       "id": "R7",
reference	Real backend, browser and MCP readiness	2026-10-05T10:19:49.6940189Z       "surface": "local MCP App host",
reference	Real backend, browser and MCP readiness	2026-10-05T10:19:49.6941143Z       "outcome": "pass",
reference	Real backend, browser and MCP readiness	2026-10-05T10:19:49.6942513Z       "observation": "The MCP resource applies initial and updated host styles, acknowledges teardown, remounts, and changes persisted status through AppBridge and web reloads."
reference	Real backend, browser and MCP readiness	2026-10-05T10:19:49.6943516Z     },
reference	Real backend, browser and MCP readiness	2026-10-05T10:19:49.6943858Z     {
reference	Real backend, browser and MCP readiness	2026-10-05T10:19:49.6944258Z       "id": "R8",
reference	Real backend, browser and MCP readiness	2026-10-05T10:19:49.6944687Z       "surface": "web runtime",
reference	Real backend, browser and MCP readiness	2026-10-05T10:19:49.6945172Z       "outcome": "pass",
reference	Real backend, browser and MCP readiness	2026-10-05T10:19:49.6945927Z       "observation": "No uncaught web JavaScript error was observed during the create/reload journey."
reference	Real backend, browser and MCP readiness	2026-10-05T10:19:49.6946634Z     },
reference	Real backend, browser and MCP readiness	2026-10-05T10:19:49.6946957Z     {
reference	Real backend, browser and MCP readiness	2026-10-05T10:19:49.6947366Z       "id": "R9",
reference	Real backend, browser and MCP readiness	2026-10-05T10:19:49.6947844Z       "surface": "standalone MCP development preview",
reference	Real backend, browser and MCP readiness	2026-10-05T10:19:49.6948348Z       "outcome": "pass",
reference	Real backend, browser and MCP readiness	2026-10-05T10:19:49.6949950Z       "observation": "Opening the development URL shows a connection action without host errors; a signed local fixture loads the actual MCP resource, changes persisted status, refreshes and disconnects. OAuth state mismatch is rejected. Live WorkOS remains separate."
reference	Real backend, browser and MCP readiness	2026-10-05T10:19:49.6951673Z     },
reference	Real backend, browser and MCP readiness	2026-10-05T10:19:49.6952042Z     {
reference	Real backend, browser and MCP readiness	2026-10-05T10:19:49.6952429Z       "id": "G1",
reference	Real backend, browser and MCP readiness	2026-10-05T10:19:49.6952784Z       "surface": "WorkOS",
reference	Real backend, browser and MCP readiness	2026-10-05T10:19:49.6953243Z       "outcome": "skipped",
reference	Real backend, browser and MCP readiness	2026-10-05T10:19:49.6954321Z       "observation": "Disposable issuer verifies auth boundaries. Live WorkOS sign-in, refresh and organization lifecycle require a configured test tenant."
reference	Real backend, browser and MCP readiness	2026-10-05T10:19:49.6955240Z     },
reference	Real backend, browser and MCP readiness	2026-10-05T10:19:49.6955577Z     {
reference	Real backend, browser and MCP readiness	2026-10-05T10:19:49.6955955Z       "id": "G2",
reference	Real backend, browser and MCP readiness	2026-10-05T10:19:49.6956350Z       "surface": "ChatGPT",
reference	Real backend, browser and MCP readiness	2026-10-05T10:19:49.6956806Z       "outcome": "skipped",
reference	Real backend, browser and MCP readiness	2026-10-05T10:19:49.6957726Z       "observation": "Local AppBridge host was exercised. Installed ChatGPT OAuth, tool selection and UI behavior were not run."
reference	Real backend, browser and MCP readiness	2026-10-05T10:19:49.6958526Z     }
reference	Real backend, browser and MCP readiness	2026-10-05T10:19:49.6958887Z   ],
reference	Real backend, browser and MCP readiness	2026-10-05T10:19:49.6959336Z   "artifacts": [
reference	Real backend, browser and MCP readiness	2026-10-05T10:19:49.6959722Z     "web-persisted.png",
reference	Real backend, browser and MCP readiness	2026-10-05T10:19:49.6960180Z     "mcp-app-host.png",
reference	Real backend, browser and MCP readiness	2026-10-05T10:19:49.6960823Z     "mcp-host-observations.json",
reference	Real backend, browser and MCP readiness	2026-10-05T10:19:49.6961365Z     "development-mcp-preview.png",
reference	Real backend, browser and MCP readiness	2026-10-05T10:19:49.6961847Z     "runtime.log"
reference	Real backend, browser and MCP readiness	2026-10-05T10:19:49.6962247Z   ],
reference	Real backend, browser and MCP readiness	2026-10-05T10:19:49.6962607Z   "cleanup": "complete"
reference	Real backend, browser and MCP readiness	2026-10-05T10:19:49.6962995Z }
reference	Persistent local development and restart	﻿2026-10-05T10:19:54.5116480Z ##[group]Run cd "$RUNNER_TEMP/astack-foundation"
reference	Persistent local development and restart	2026-10-05T10:19:54.5116987Z ^[[36;1mcd "$RUNNER_TEMP/astack-foundation"^[[0m
reference	Persistent local development and restart	2026-10-05T10:19:54.5117459Z ^[[36;1mbun run development:verify^[[0m
reference	Persistent local development and restart	2026-10-05T10:19:54.5160104Z shell: /usr/bin/bash -e {0}
reference	Persistent local development and restart	2026-10-05T10:19:54.5160821Z ##[endgroup]
reference	Persistent local development and restart	2026-10-05T10:19:54.5248733Z $ bun scripts/development-proof.ts
reference	Persistent local development and restart	2026-10-05T10:20:18.9334168Z Persistent local development, restart/read and private export passed; report: /home/runner/work/_temp/astack-foundation/.proof/development-1791195594879
reference	Render against the Pen design	﻿2026-10-05T10:20:23.7385992Z ##[group]Run cd "$RUNNER_TEMP/astack-foundation"
reference	Render against the Pen design	2026-10-05T10:20:23.7386546Z ^[[36;1mcd "$RUNNER_TEMP/astack-foundation"^[[0m
reference	Render against the Pen design	2026-10-05T10:20:23.7387038Z ^[[36;1mbun run design:verify^[[0m
reference	Render against the Pen design	2026-10-05T10:20:23.7427875Z shell: /usr/bin/bash -e {0}
reference	Render against the Pen design	2026-10-05T10:20:23.7428288Z ##[endgroup]
reference	Render against the Pen design	2026-10-05T10:20:23.7528486Z $ bun scripts/design-proof.ts
reference	Render against the Pen design	2026-10-05T10:20:24.1099598Z $ storybook build
reference	Render against the Pen design	2026-10-05T10:20:24.4235866Z 
reference	Render against the Pen design	2026-10-05T10:20:24.4255198Z ^[[90m┌^[[39m  Building storybook v10.6.1
reference	Render against the Pen design	2026-10-05T10:20:24.6040835Z ^[[90m│^[[39m
reference	Render against the Pen design	2026-10-05T10:20:24.6042026Z ^[[32m◇^[[39m  Cleaning outputDir: ^[[36mstorybook-static^[[39m
reference	Render against the Pen design	2026-10-05T10:20:24.6560732Z ^[[90m│^[[39m
reference	Render against the Pen design	2026-10-05T10:20:24.6561810Z ^[[32m◇^[[39m  Loading presets
reference	Render against the Pen design	2026-10-05T10:20:24.9187442Z ^[[90m│^[[39m
reference	Render against the Pen design	2026-10-05T10:20:24.9188447Z ^[[32m◇^[[39m  Building manager..
reference	Render against the Pen design	2026-10-05T10:20:25.0347874Z ^[[90m│^[[39m
reference	Render against the Pen design	2026-10-05T10:20:25.0348810Z ^[[34m●^[[39m  Building open services..
reference	Render against the Pen design	2026-10-05T10:20:25.0353021Z ^[[90m│^[[39m
reference	Render against the Pen design	2026-10-05T10:20:25.0354119Z ^[[34m●^[[39m  Building preview..
reference	Render against the Pen design	2026-10-05T10:20:25.0798640Z ^[[90m│^[[39m  ^[[43mVite^[[49m ^[[36mvite v8.3.2 ^[[32mbuilding client environment for production...^[[36m^[[39m
reference	Render against the Pen design	2026-10-05T10:20:25.1521504Z transforming...
reference	Render against the Pen design	2026-10-05T10:20:26.0618843Z ✓ 1926 modules transformed.
reference	Render against the Pen design	2026-10-05T10:20:26.1635281Z rendering chunks...
reference	Render against the Pen design	2026-10-05T10:20:26.3445867Z computing gzip size...
reference	Render against the Pen design	2026-10-05T10:20:26.3662463Z ^[[90m│^[[39m  ^[[43mVite^[[49m storybook-static/iframe.html
reference	Render against the Pen design	2026-10-05T10:20:26.3663480Z ^[[90m│^[[39m  18.43 kB │ gzip:   5.21 kB
reference	Render against the Pen design	2026-10-05T10:20:26.3664667Z ^[[90m│^[[39m  storybook-static/assets/inter-latin-wght-normal-Dx4kXJAl.woff2
reference	Render against the Pen design	2026-10-05T10:20:26.3665521Z ^[[90m│^[[39m  48.25 kB
reference	Render against the Pen design	2026-10-05T10:20:26.3666338Z ^[[90m│^[[39m  storybook-static/assets/styles-B0G18e9z.css
reference	Render against the Pen design	2026-10-05T10:20:26.3667174Z ^[[90m│^[[39m  11.55 kB │ gzip:   3.17 kB
reference	Render against the Pen design	2026-10-05T10:20:26.3668070Z ^[[90m│^[[39m  storybook-static/assets/iframe-Ck7T_S8b.js
reference	Render against the Pen design	2026-10-05T10:20:26.3668907Z ^[[90m│^[[39m  0.04 kB │ gzip:   0.06 kB
reference	Render against the Pen design	2026-10-05T10:20:26.3669872Z ^[[90m│^[[39m  storybook-static/assets/WorkItemList.stories-C0DqzlJT.js
reference	Render against the Pen design	2026-10-05T10:20:26.3670967Z ^[[90m│^[[39m  0.62 kB │ gzip:   0.41 kB
reference	Render against the Pen design	2026-10-05T10:20:26.3671872Z ^[[90m│^[[39m  storybook-static/assets/rolldown-runtime-DkW27tQK.js
reference	Render against the Pen design	2026-10-05T10:20:26.3672678Z ^[[90m│^[[39m  1.19 kB │ gzip:   0.67 kB
reference	Render against the Pen design	2026-10-05T10:20:26.3673695Z ^[[90m│^[[39m  storybook-static/assets/Workspace.stories-BXPKdrAI.js
reference	Render against the Pen design	2026-10-05T10:20:26.3674475Z ^[[90m│^[[39m  2.20 kB │ gzip:   1.08 kB
reference	Render against the Pen design	2026-10-05T10:20:26.3675424Z ^[[90m│^[[39m  storybook-static/assets/styles-D7joA_Sp.js
reference	Render against the Pen design	2026-10-05T10:20:26.3676212Z ^[[90m│^[[39m  40.20 kB │ gzip:  13.54 kB
reference	Render against the Pen design	2026-10-05T10:20:26.3677076Z ^[[90m│^[[39m  storybook-static/assets/react-18-DV84tAQM.js
reference	Render against the Pen design	2026-10-05T10:20:26.3677970Z ^[[90m│^[[39m  211.37 kB │ gzip:  66.03 kB
reference	Render against the Pen design	2026-10-05T10:20:26.3678799Z ^[[90m│^[[39m  storybook-static/assets/iframe-CK-8pF0S.js
reference	Render against the Pen design	2026-10-05T10:20:26.3679654Z ^[[90m│^[[39m  1,124.83 kB │ gzip: 319.28 kB
reference	Render against the Pen design	2026-10-05T10:20:26.3680148Z 
reference	Render against the Pen design	2026-10-05T10:20:26.3687684Z ^[[90m│^[[39m
reference	Render against the Pen design	2026-10-05T10:20:26.3688800Z ^[[33m▲^[[39m  ^[[43mVite^[[49m ^[[33m^[[33m[MODULE_LEVEL_DIRECTIVE] ^[[0mThe semantics of the module level
reference	Render against the Pen design	2026-10-05T10:20:26.3689708Z ^[[90m│^[[39m  directive "use client" in
reference	Render against the Pen design	2026-10-05T10:20:26.3691060Z ^[[90m│^[[39m  "../../node_modules/.bun/lucide-react@1.52.0+0ac650c021fb1b59/node_modules/lucide-react/dist/esm/Icon.mjs"
reference	Render against the Pen design	2026-10-05T10:20:26.3692010Z ^[[90m│^[[39m  may not be preserved when bundling.
reference	Render against the Pen design	2026-10-05T10:20:26.3692782Z ^[[90m│^[[39m  ^[[38;5;246m╭^[[0m^[[38;5;246m─^[[0m^[[38;5;246m[^[[0m
reference	Render against the Pen design	2026-10-05T10:20:26.3694044Z ^[[90m│^[[39m  ../../node_modules/.bun/lucide-react@1.52.0+0ac650c021fb1b59/node_modules/lucide-react/dist/esm/Icon.mjs:2:1
reference	Render against the Pen design	2026-10-05T10:20:26.3694966Z ^[[90m│^[[39m  ^[[38;5;246m]^[[0m
reference	Render against the Pen design	2026-10-05T10:20:26.3695562Z ^[[90m│^[[39m  ^[[38;5;246m│^[[0m
reference	Render against the Pen design	2026-10-05T10:20:26.3696211Z ^[[90m│^[[39m  ^[[38;5;246m2 │^[[0m "use client";
reference	Render against the Pen design	2026-10-05T10:20:26.3696914Z ^[[90m│^[[39m  ^[[38;5;240m│^[[0m ──────┬──────
reference	Render against the Pen design	2026-10-05T10:20:26.3697893Z ^[[90m│^[[39m  ^[[38;5;240m│^[[0m       ╰──────── module level directive may not be preserved
reference	Render against the Pen design	2026-10-05T10:20:26.3699413Z ^[[90m│^[[39m  ^[[38;5;240m│^[[0m
reference	Render against the Pen design	2026-10-05T10:20:26.3701122Z ^[[90m│^[[39m  ^[[38;5;240m│^[[0m ^[[38;5;115mHelp^[[0m: For more information, see ^[]8;;https://rolldown.rs/in-depth/directives#other-directives^Ghttps://rolldown.rs/in-depth/d...^[]8;;^G
reference	Render against the Pen design	2026-10-05T10:20:26.3702384Z ^[[90m│^[[39m  ^[[38;5;246m───╯^[[0m
reference	Render against the Pen design	2026-10-05T10:20:26.3702943Z ^[[90m│^[[39m  ^[[39m
reference	Render against the Pen design	2026-10-05T10:20:26.3703383Z ^[[90m│^[[39m
reference	Render against the Pen design	2026-10-05T10:20:26.3704104Z ^[[33m▲^[[39m  ^[[43mVite^[[49m ^[[33m[plugin builtin:vite-reporter]
reference	Render against the Pen design	2026-10-05T10:20:26.3704997Z ^[[90m│^[[39m  (!) Some chunks are larger than 500 kB after minification. Consider:
reference	Render against the Pen design	2026-10-05T10:20:26.3705710Z ^[[90m│^[[39m  - Using dynamic import() to code-split the application
reference	Render against the Pen design	2026-10-05T10:20:26.3706474Z ^[[90m│^[[39m  - Use build.rolldownOptions.output.codeSplitting to improve chunking:
reference	Render against the Pen design	2026-10-05T10:20:26.3707477Z ^[[90m│^[[39m  ^[]8;;https://rolldown.rs/reference/OutputOptions.codeSplitting^Ghttps://rolldown.rs/reference/OutputOptions.codeSplitting^[]8;;^G
reference	Render against the Pen design	2026-10-05T10:20:26.3708302Z ^[[90m│^[[39m  - Adjust chunk size limit for this warning via
reference	Render against the Pen design	2026-10-05T10:20:26.3708886Z ^[[90m│^[[39m  build.chunkSizeWarningLimit.^[[39m
reference	Render against the Pen design	2026-10-05T10:20:26.3713311Z ^[[90m│^[[39m
reference	Render against the Pen design	2026-10-05T10:20:26.3713986Z ^[[33m▲^[[39m  ^[[43mVite^[[49m ^[[33m^[[33m[MODULE_LEVEL_DIRECTIVE] ^[[0mThe semantics of the module level
reference	Render against the Pen design	2026-10-05T10:20:26.3714632Z ^[[90m│^[[39m  directive "use client" in
reference	Render against the Pen design	2026-10-05T10:20:26.3715414Z ^[[90m│^[[39m  "../../node_modules/.bun/lucide-react@1.52.0+0ac650c021fb1b59/node_modules/lucide-react/dist/esm/context.mjs"
reference	Render against the Pen design	2026-10-05T10:20:26.3716141Z ^[[90m│^[[39m  may not be preserved when bundling.
reference	Render against the Pen design	2026-10-05T10:20:26.3716927Z ^[[90m│^[[39m  ^[[38;5;246m╭^[[0m^[[38;5;246m─^[[0m^[[38;5;246m[^[[0m
reference	Render against the Pen design	2026-10-05T10:20:26.3717968Z ^[[90m│^[[39m  ../../node_modules/.bun/lucide-react@1.52.0+0ac650c021fb1b59/node_modules/lucide-react/dist/esm/context.mjs:2:1
reference	Render against the Pen design	2026-10-05T10:20:26.3718834Z ^[[90m│^[[39m  ^[[38;5;246m]^[[0m
reference	Render against the Pen design	2026-10-05T10:20:26.3719358Z ^[[90m│^[[39m  ^[[38;5;246m│^[[0m
reference	Render against the Pen design	2026-10-05T10:20:26.3720097Z ^[[90m│^[[39m  ^[[38;5;246m2 │^[[0m "use client";
reference	Render against the Pen design	2026-10-05T10:20:26.3721032Z ^[[90m│^[[39m  ^[[38;5;240m│^[[0m ──────┬──────
reference	Render against the Pen design	2026-10-05T10:20:26.3721859Z ^[[90m│^[[39m  ^[[38;5;240m│^[[0m       ╰──────── module level directive may not be preserved
reference	Render against the Pen design	2026-10-05T10:20:26.3722674Z ^[[90m│^[[39m  ^[[38;5;240m│^[[0m
reference	Render against the Pen design	2026-10-05T10:20:26.3724115Z ^[[90m│^[[39m  ^[[38;5;240m│^[[0m ^[[38;5;115mHelp^[[0m: For more information, see ^[]8;;https://rolldown.rs/in-depth/directives#other-directives^Ghttps://rolldown.rs/in-depth/d...^[]8;;^G
reference	Render against the Pen design	2026-10-05T10:20:26.3725292Z ^[[90m│^[[39m  ^[[38;5;246m───╯^[[0m
reference	Render against the Pen design	2026-10-05T10:20:26.3725863Z ^[[90m│^[[39m  ^[[39m
reference	Render against the Pen design	2026-10-05T10:20:26.3726412Z ^[[90m│^[[39m  ^[[43mVite^[[49m ^[[32m✓ built in 1.29s^[[39m
reference	Render against the Pen design	2026-10-05T10:20:26.5822306Z ^[[90m│^[[39m
reference	Render against the Pen design	2026-10-05T10:20:26.5823024Z ^[[32m◇^[[39m  Output directory:
reference	Render against the Pen design	2026-10-05T10:20:26.5824331Z ^[[90m│^[[39m  /home/runner/work/_temp/astack-foundation/packages/ui/storybook-static
reference	Render against the Pen design	2026-10-05T10:20:26.5825073Z ^[[90m│^[[39m
reference	Render against the Pen design	2026-10-05T10:20:26.5825637Z ^[[90m└^[[39m  Storybook build completed successfully
reference	Render against the Pen design	2026-10-05T10:20:26.5825934Z 
reference	Render against the Pen design	2026-10-05T10:20:30.2883453Z {
reference	Render against the Pen design	2026-10-05T10:20:30.2884166Z   "outcome": "pass",
reference	Render against the Pen design	2026-10-05T10:20:30.2884642Z   "frames": [
reference	Render against the Pen design	2026-10-05T10:20:30.2884969Z     {
reference	Render against the Pen design	2026-10-05T10:20:30.2885333Z       "id": "Hhign",
reference	Render against the Pen design	2026-10-05T10:20:30.2885658Z       "outcome": "pass"
reference	Render against the Pen design	2026-10-05T10:20:30.2886022Z     },
reference	Render against the Pen design	2026-10-05T10:20:30.2886292Z     {
reference	Render against the Pen design	2026-10-05T10:20:30.2886555Z       "id": "l5CZRK",
reference	Render against the Pen design	2026-10-05T10:20:30.2886962Z       "outcome": "pass"
reference	Render against the Pen design	2026-10-05T10:20:30.2887269Z     },
reference	Render against the Pen design	2026-10-05T10:20:30.2887552Z     {
reference	Render against the Pen design	2026-10-05T10:20:30.2887821Z       "id": "azIBu",
reference	Render against the Pen design	2026-10-05T10:20:30.2888160Z       "outcome": "pass"
reference	Render against the Pen design	2026-10-05T10:20:30.2888498Z     },
reference	Render against the Pen design	2026-10-05T10:20:30.2888764Z     {
reference	Render against the Pen design	2026-10-05T10:20:30.2889132Z       "id": "mcpFP",
reference	Render against the Pen design	2026-10-05T10:20:30.2889442Z       "outcome": "pass"
reference	Render against the Pen design	2026-10-05T10:20:30.2889743Z     },
reference	Render against the Pen design	2026-10-05T10:20:30.2890085Z     {
reference	Render against the Pen design	2026-10-05T10:20:30.2890346Z       "id": "XSTWb",
reference	Render against the Pen design	2026-10-05T10:20:30.2891152Z       "outcome": "pass"
reference	Render against the Pen design	2026-10-05T10:20:30.2891522Z     },
reference	Render against the Pen design	2026-10-05T10:20:30.2892131Z     {
reference	Render against the Pen design	2026-10-05T10:20:30.2892526Z       "id": "FrMvz",
reference	Render against the Pen design	2026-10-05T10:20:30.2892817Z       "outcome": "pass"
reference	Render against the Pen design	2026-10-05T10:20:30.2893175Z     },
reference	Render against the Pen design	2026-10-05T10:20:30.2893475Z     {
reference	Render against the Pen design	2026-10-05T10:20:30.2893756Z       "id": "dcVZh",
reference	Render against the Pen design	2026-10-05T10:20:30.2894096Z       "outcome": "pass"
reference	Render against the Pen design	2026-10-05T10:20:30.2894950Z     },
reference	Render against the Pen design	2026-10-05T10:20:30.3049415Z     {
reference	Render against the Pen design	2026-10-05T10:20:30.3049846Z       "id": "uJu1t",
reference	Render against the Pen design	2026-10-05T10:20:30.3050173Z       "outcome": "pass"
reference	Render against the Pen design	2026-10-05T10:20:30.3050572Z     },
reference	Render against the Pen design	2026-10-05T10:20:30.3050860Z     {
reference	Render against the Pen design	2026-10-05T10:20:30.3051123Z       "id": "ZZhmK",
reference	Render against the Pen design	2026-10-05T10:20:30.3051393Z       "outcome": "pass"
reference	Render against the Pen design	2026-10-05T10:20:30.3051660Z     }
reference	Render against the Pen design	2026-10-05T10:20:30.3051873Z   ]
reference	Render against the Pen design	2026-10-05T10:20:30.3052099Z }
reference	Retain first failure and redacted observations	﻿2026-10-05T10:20:30.3127413Z ##[group]Run actions/upload-artifact@ea165f8d65b6e75b540449e92b4886f43607fa02
reference	Retain first failure and redacted observations	2026-10-05T10:20:30.3127814Z with:
reference	Retain first failure and redacted observations	2026-10-05T10:20:30.3128026Z   name: foundation-proof
reference	Retain first failure and redacted observations	2026-10-05T10:20:30.3128329Z   path: /home/runner/work/_temp/astack-foundation/.proof/
reference	Retain first failure and redacted observations	2026-10-05T10:20:30.3128667Z   include-hidden-files: true
reference	Retain first failure and redacted observations	2026-10-05T10:20:30.3128921Z   retention-days: 14
reference	Retain first failure and redacted observations	2026-10-05T10:20:30.3129146Z   if-no-files-found: warn
reference	Retain first failure and redacted observations	2026-10-05T10:20:30.3129378Z   compression-level: 6
reference	Retain first failure and redacted observations	2026-10-05T10:20:30.3129595Z   overwrite: false
reference	Retain first failure and redacted observations	2026-10-05T10:20:30.3129806Z ##[endgroup]
reference	Retain first failure and redacted observations	2026-10-05T10:20:30.4758203Z (node:5062) [DEP0040] DeprecationWarning: The `punycode` module is deprecated. Please use a userland alternative instead.
reference	Retain first failure and redacted observations	2026-10-05T10:20:30.4759011Z (Use `node --trace-deprecation ...` to show where the warning was created)
reference	Retain first failure and redacted observations	2026-10-05T10:20:30.4843804Z With the provided path, there will be 21 files uploaded
reference	Retain first failure and redacted observations	2026-10-05T10:20:30.4849267Z Artifact name is valid!
reference	Retain first failure and redacted observations	2026-10-05T10:20:30.4850030Z Root directory input is valid!
reference	Retain first failure and redacted observations	2026-10-05T10:20:30.7476534Z Beginning upload of artifact content to blob storage
reference	Retain first failure and redacted observations	2026-10-05T10:20:30.7957454Z (node:5062) [DEP0169] DeprecationWarning: `url.parse()` behavior is not standardized and prone to errors that have security implications. Use the WHATWG URL API instead. CVEs are not issued for `url.parse()` vulnerabilities.
reference	Retain first failure and redacted observations	2026-10-05T10:20:31.0291982Z Uploaded bytes 382522
reference	Retain first failure and redacted observations	2026-10-05T10:20:31.0662191Z Finished uploading artifact content to blob storage!
reference	Retain first failure and redacted observations	2026-10-05T10:20:31.0689073Z SHA256 digest of uploaded artifact zip is bb93cbbc7753b5970a208bc64f5046ecc4ec61fbb48f8a0b544568f8405b0d40
reference	Retain first failure and redacted observations	2026-10-05T10:20:31.0691932Z Finalizing artifact upload
reference	Retain first failure and redacted observations	2026-10-05T10:20:31.3094956Z Artifact foundation-proof.zip successfully finalized. Artifact ID 11338727088
reference	Retain first failure and redacted observations	2026-10-05T10:20:31.3095786Z Artifact foundation-proof has been successfully uploaded! Final size is 382522 bytes. Artifact ID is 11338727088
reference	Retain first failure and redacted observations	2026-10-05T10:20:31.3101301Z Artifact download URL: https://github.com/applification/astack/actions/runs/37295671690/artifacts/11338727088
reference	Post Run oven-sh/setup-bun@735343b667d3e6f658f44d0eca948eb6282f2b76	﻿2026-10-05T10:20:31.3244530Z Post job cleanup.
reference	Post Run oven-sh/setup-bun@735343b667d3e6f658f44d0eca948eb6282f2b76	2026-10-05T10:20:31.4450311Z (node:5074) [DEP0040] DeprecationWarning: The `punycode` module is deprecated. Please use a userland alternative instead.
reference	Post Run oven-sh/setup-bun@735343b667d3e6f658f44d0eca948eb6282f2b76	2026-10-05T10:20:31.4451244Z (Use `node --trace-deprecation ...` to show where the warning was created)
reference	Post Run actions/setup-node@49933ea5288caeca8642d1e84afbd3f7d6820020	﻿2026-10-05T10:20:31.4558682Z Post job cleanup.
reference	Post Run actions/setup-node@49933ea5288caeca8642d1e84afbd3f7d6820020	2026-10-05T10:20:31.5900857Z (node:5082) [DEP0040] DeprecationWarning: The `punycode` module is deprecated. Please use a userland alternative instead.
reference	Post Run actions/setup-node@49933ea5288caeca8642d1e84afbd3f7d6820020	2026-10-05T10:20:31.5902049Z (Use `node --trace-deprecation ...` to show where the warning was created)
reference	Post Run actions/checkout@11bd71901bbe5b1630ceea73d27597364c9af683	﻿2026-10-05T10:20:31.6041162Z Post job cleanup.
reference	Post Run actions/checkout@11bd71901bbe5b1630ceea73d27597364c9af683	2026-10-05T10:20:31.6919163Z [command]/usr/bin/git version
reference	Post Run actions/checkout@11bd71901bbe5b1630ceea73d27597364c9af683	2026-10-05T10:20:31.6957654Z git version 2.55.0
reference	Post Run actions/checkout@11bd71901bbe5b1630ceea73d27597364c9af683	2026-10-05T10:20:31.6991358Z Temporarily overriding HOME='/home/runner/work/_temp/2695fc7b-7968-4d1e-929c-5a0a57d8d892' before making global git config changes
reference	Post Run actions/checkout@11bd71901bbe5b1630ceea73d27597364c9af683	2026-10-05T10:20:31.6992725Z Adding repository directory to the temporary git global config as a safe directory
reference	Post Run actions/checkout@11bd71901bbe5b1630ceea73d27597364c9af683	2026-10-05T10:20:31.7011833Z [command]/usr/bin/git config --global --add safe.directory /home/runner/work/astack/astack
reference	Post Run actions/checkout@11bd71901bbe5b1630ceea73d27597364c9af683	2026-10-05T10:20:31.7034515Z [command]/usr/bin/git config --local --name-only --get-regexp core\.sshCommand
reference	Post Run actions/checkout@11bd71901bbe5b1630ceea73d27597364c9af683	2026-10-05T10:20:31.7067259Z [command]/usr/bin/git submodule foreach --recursive sh -c "git config --local --name-only --get-regexp 'core\.sshCommand' && git config --local --unset-all 'core.sshCommand' || :"
reference	Post Run actions/checkout@11bd71901bbe5b1630ceea73d27597364c9af683	2026-10-05T10:20:31.7280094Z [command]/usr/bin/git config --local --name-only --get-regexp http\.https\:\/\/github\.com\/\.extraheader
reference	Post Run actions/checkout@11bd71901bbe5b1630ceea73d27597364c9af683	2026-10-05T10:20:31.7306222Z http.https://github.com/.extraheader
reference	Post Run actions/checkout@11bd71901bbe5b1630ceea73d27597364c9af683	2026-10-05T10:20:31.7316451Z [command]/usr/bin/git config --local --unset-all http.https://github.com/.extraheader
reference	Post Run actions/checkout@11bd71901bbe5b1630ceea73d27597364c9af683	2026-10-05T10:20:31.7350874Z [command]/usr/bin/git submodule foreach --recursive sh -c "git config --local --name-only --get-regexp 'http\.https\:\/\/github\.com\/\.extraheader' && git config --local --unset-all 'http.https://github.com/.extraheader' || :"
reference	Complete job	﻿2026-10-05T10:20:31.7694647Z Cleaning up orphan processes
reference	Complete job	2026-10-05T10:20:31.8020863Z ##[warning]Node.js 20 is deprecated. The following actions target Node.js 20 but are being forced to run on Node.js 24: actions/checkout@11bd71901bbe5b1630ceea73d27597364c9af683, actions/setup-node@49933ea5288caeca8642d1e84afbd3f7d6820020, actions/upload-artifact@ea165f8d65b6e75b540449e92b4886f43607fa02, oven-sh/setup-bun@735343b667d3e6f658f44d0eca948eb6282f2b76. For more information see: https://github.blog/changelog/2025-09-19-deprecation-of-node-20-on-github-actions-runners/
